ISO-10303-21;
HEADER;
/* Generated by software containing ST-Developer
 * from STEP Tools, Inc. (www.steptools.com) 
 */

FILE_DESCRIPTION(
/* description */ (''),
/* implementation_level */ '2;1');

FILE_NAME(
/* name */ '',
/* time_stamp */ '2026-09-28T02:23:14+09:00',
/* author */ (''),
/* organization */ (''),
/* preprocessor_version */ 'ST-DEVELOPER v20.2',
/* originating_system */ 'Autodesk Translation Framework v15.15.0.0',
/* authorisation */ '');

FILE_SCHEMA (('AUTOMOTIVE_DESIGN { 1 0 10303 214 3 1 1 }'));
ENDSEC;

DATA;
#10=MECHANICAL_DESIGN_GEOMETRIC_PRESENTATION_REPRESENTATION('',(#15,#16,
#17,#18),#3424);
#11=SHAPE_REPRESENTATION_RELATIONSHIP('SRR','None',#3431,#12);
#12=ADVANCED_BREP_SHAPE_REPRESENTATION('',(#19,#20,#21,#22),#3423);
#13=(
BOUNDED_CURVE()
B_SPLINE_CURVE(5,(#3386,#3387,#3388,#3389,#3390,#3391,#3392,#3393,#3394,
#3395),.UNSPECIFIED.,.F.,.F.)
B_SPLINE_CURVE_WITH_KNOTS((6,1,1,1,1,6),(0.5,0.6,0.7,0.8,0.9,1.),
 .UNSPECIFIED.)
CURVE()
GEOMETRIC_REPRESENTATION_ITEM()
RATIONAL_B_SPLINE_CURVE((1.,1.,1.,1.,1.,1.,1.,1.,1.,1.))
REPRESENTATION_ITEM('')
);
#14=(
BOUNDED_SURFACE()
B_SPLINE_SURFACE(5,2,((#3295,#3296,#3297,#3298,#3299,#3300,#3301,#3302,
#3303),(#3304,#3305,#3306,#3307,#3308,#3309,#3310,#3311,#3312),(#3313,#3314,
#3315,#3316,#3317,#3318,#3319,#3320,#3321),(#3322,#3323,#3324,#3325,#3326,
#3327,#3328,#3329,#3330),(#3331,#3332,#3333,#3334,#3335,#3336,#3337,#3338,
#3339),(#3340,#3341,#3342,#3343,#3344,#3345,#3346,#3347,#3348),(#3349,#3350,
#3351,#3352,#3353,#3354,#3355,#3356,#3357),(#3358,#3359,#3360,#3361,#3362,
#3363,#3364,#3365,#3366),(#3367,#3368,#3369,#3370,#3371,#3372,#3373,#3374,
#3375),(#3376,#3377,#3378,#3379,#3380,#3381,#3382,#3383,#3384)),
 .UNSPECIFIED.,.F.,.T.,.F.)
B_SPLINE_SURFACE_WITH_KNOTS((6,1,1,1,1,6),(3,2,2,2,3),(-1.,-0.9,-0.8,-0.7,
-0.6,-0.5),(0.,1.5707963267949,3.14159265358979,4.71238898038469,6.28318530717959),
 .UNSPECIFIED.)
GEOMETRIC_REPRESENTATION_ITEM()
RATIONAL_B_SPLINE_SURFACE(((1.,0.707106781186548,1.,0.707106781186548,1.,
0.707106781186548,1.,0.707106781186548,1.),(1.,0.707106781186548,1.,0.707106781186548,
1.,0.707106781186548,1.,0.707106781186548,1.),(1.,0.707106781186548,1.,
0.707106781186548,1.,0.707106781186548,1.,0.707106781186548,1.),(1.,0.707106781186548,
1.,0.707106781186548,1.,0.707106781186548,1.,0.707106781186548,1.),(1.,
0.707106781186548,1.,0.707106781186548,1.,0.707106781186548,1.,0.707106781186548,
1.),(1.,0.707106781186548,1.,0.707106781186548,1.,0.707106781186548,1.,
0.707106781186548,1.),(1.,0.707106781186548,1.,0.707106781186548,1.,0.707106781186548,
1.,0.707106781186548,1.),(1.,0.707106781186548,1.,0.707106781186548,1.,
0.707106781186548,1.,0.707106781186548,1.),(1.,0.707106781186548,1.,0.707106781186548,
1.,0.707106781186548,1.,0.707106781186548,1.),(1.,0.707106781186548,1.,
0.707106781186548,1.,0.707106781186548,1.,0.707106781186548,1.)))
REPRESENTATION_ITEM('')
SURFACE()
);
#15=STYLED_ITEM('',(#3440),#19);
#16=STYLED_ITEM('',(#3440),#20);
#17=STYLED_ITEM('',(#3440),#21);
#18=STYLED_ITEM('',(#3440),#22);
#19=MANIFOLD_SOLID_BREP('\X2\80F44F53\X0\',#1667);
#20=MANIFOLD_SOLID_BREP('\X2\84CB\X0\',#1668);
#21=MANIFOLD_SOLID_BREP('Motor_1/2A6-2',#1669);
#22=MANIFOLD_SOLID_BREP('\X2\30DC30C730A3\X0\6',#1670);
#23=B_SPLINE_SURFACE_WITH_KNOTS('',3,3,((#2516,#2517,#2518,#2519),(#2520,
#2521,#2522,#2523),(#2524,#2525,#2526,#2527),(#2528,#2529,#2530,#2531),
(#2532,#2533,#2534,#2535)),.UNSPECIFIED.,.F.,.F.,.F.,(4,1,4),(4,4),(0.,
0.571428571428571,1.),(5.26753383061456,5.74654669613721),.UNSPECIFIED.);
#24=B_SPLINE_SURFACE_WITH_KNOTS('',3,3,((#2589,#2590,#2591,#2592),(#2593,
#2594,#2595,#2596),(#2597,#2598,#2599,#2600),(#2601,#2602,#2603,#2604),
(#2605,#2606,#2607,#2608)),.UNSPECIFIED.,.F.,.F.,.F.,(4,1,4),(4,4),(0.,
0.571428571428571,1.),(5.26753383061456,5.74654669613721),.UNSPECIFIED.);
#25=B_SPLINE_SURFACE_WITH_KNOTS('',3,3,((#2666,#2667,#2668,#2669),(#2670,
#2671,#2672,#2673),(#2674,#2675,#2676,#2677),(#2678,#2679,#2680,#2681),
(#2682,#2683,#2684,#2685)),.UNSPECIFIED.,.F.,.F.,.F.,(4,1,4),(4,4),(0.,
0.514280772562523,0.899991351984415),(-1.5707963267949,-1.01565147656502),
 .UNSPECIFIED.);
#26=B_SPLINE_SURFACE_WITH_KNOTS('',3,3,((#2690,#2691,#2692,#2693,#2694),
(#2695,#2696,#2697,#2698,#2699),(#2700,#2701,#2702,#2703,#2704),(#2705,
#2706,#2707,#2708,#2709),(#2710,#2711,#2712,#2713,#2714)),.UNSPECIFIED.,
 .F.,.F.,.F.,(4,1,4),(4,1,4),(0.,0.571428571428571,1.),(-0.540026133648135,
-0.308586362084648,9.69278618311572E-16),.UNSPECIFIED.);
#27=B_SPLINE_SURFACE_WITH_KNOTS('',3,3,((#2716,#2717,#2718,#2719,#2720,
#2721,#2722,#2723),(#2724,#2725,#2726,#2727,#2728,#2729,#2730,#2731),(#2732,
#2733,#2734,#2735,#2736,#2737,#2738,#2739),(#2740,#2741,#2742,#2743,#2744,
#2745,#2746,#2747),(#2748,#2749,#2750,#2751,#2752,#2753,#2754,#2755)),
 .UNSPECIFIED.,.F.,.F.,.F.,(4,1,4),(4,1,1,2,4),(0.,0.571428571428571,1.),
(-0.495511530880252,-0.297306918528151,-0.198204612352101,0.,0.00118026302378445),
 .UNSPECIFIED.);
#28=B_SPLINE_SURFACE_WITH_KNOTS('',3,3,((#2789,#2790,#2791,#2792),(#2793,
#2794,#2795,#2796),(#2797,#2798,#2799,#2800),(#2801,#2802,#2803,#2804),
(#2805,#2806,#2807,#2808)),.UNSPECIFIED.,.F.,.F.,.F.,(4,1,4),(4,4),(0.,
0.385710579421889,0.899991351984408),(-1.5707963267949,-1.01565147656502),
 .UNSPECIFIED.);
#29=B_SPLINE_SURFACE_WITH_KNOTS('',3,3,((#2813,#2814,#2815,#2816,#2817),
(#2818,#2819,#2820,#2821,#2822),(#2823,#2824,#2825,#2826,#2827),(#2828,
#2829,#2830,#2831,#2832),(#2833,#2834,#2835,#2836,#2837)),.UNSPECIFIED.,
 .F.,.F.,.F.,(4,1,4),(4,1,4),(0.,0.571428571428571,1.),(-0.540026133648129,
-0.308586362084645,1.53282303484927E-17),.UNSPECIFIED.);
#30=B_SPLINE_SURFACE_WITH_KNOTS('',3,3,((#2839,#2840,#2841,#2842,#2843,
#2844,#2845,#2846),(#2847,#2848,#2849,#2850,#2851,#2852,#2853,#2854),(#2855,
#2856,#2857,#2858,#2859,#2860,#2861,#2862),(#2863,#2864,#2865,#2866,#2867,
#2868,#2869,#2870),(#2871,#2872,#2873,#2874,#2875,#2876,#2877,#2878)),
 .UNSPECIFIED.,.F.,.F.,.F.,(4,1,4),(4,1,1,2,4),(0.,0.571428571428571,1.),
(-0.495511530880259,-0.297306918528155,-0.198204612352104,0.,0.0011802630237905),
 .UNSPECIFIED.);
#31=B_SPLINE_SURFACE_WITH_KNOTS('',3,3,((#2908,#2909,#2910,#2911),(#2912,
#2913,#2914,#2915),(#2916,#2917,#2918,#2919),(#2920,#2921,#2922,#2923),
(#2924,#2925,#2926,#2927)),.UNSPECIFIED.,.F.,.F.,.F.,(4,1,4),(4,4),(0.,
0.418013420467638,0.975364647757823),(5.25029043772717,5.74654669613721),
 .UNSPECIFIED.);
#32=B_SPLINE_SURFACE_WITH_KNOTS('',3,3,((#3017,#3018,#3019,#3020),(#3021,
#3022,#3023,#3024),(#3025,#3026,#3027,#3028),(#3029,#3030,#3031,#3032),
(#3033,#3034,#3035,#3036)),.UNSPECIFIED.,.F.,.F.,.F.,(4,1,4),(4,4),(0.,
0.375592032196615,0.876381408458769),(-1.5707963267949,-1.03289486945242),
 .UNSPECIFIED.);
#33=B_SPLINE_SURFACE_WITH_KNOTS('',3,3,((#3056,#3057,#3058,#3059,#3060),
(#3061,#3062,#3063,#3064,#3065),(#3066,#3067,#3068,#3069,#3070),(#3071,
#3072,#3073,#3074,#3075),(#3076,#3077,#3078,#3079,#3080)),.UNSPECIFIED.,
 .F.,.F.,.F.,(4,1,4),(4,1,4),(0.,0.571428571428571,1.),(-0.592951023766973,
-0.33882915643827,5.57418505260136E-16),.UNSPECIFIED.);
#34=B_SPLINE_SURFACE_WITH_KNOTS('',3,3,((#3082,#3083,#3084,#3085,#3086,
#3087,#3088,#3089),(#3090,#3091,#3092,#3093,#3094,#3095,#3096,#3097),(#3098,
#3099,#3100,#3101,#3102,#3103,#3104,#3105),(#3106,#3107,#3108,#3109,#3110,
#3111,#3112,#3113),(#3114,#3115,#3116,#3117,#3118,#3119,#3120,#3121)),
 .UNSPECIFIED.,.F.,.F.,.F.,(4,1,4),(4,1,1,2,4),(0.,0.571428571428571,1.),
(-0.467215971011659,-0.280329582606995,-0.186886388404663,0.,0.00118178770883892),
 .UNSPECIFIED.);
#35=B_SPLINE_CURVE_WITH_KNOTS('',3,(#2493,#2494,#2495,#2496,#2497,#2498,
#2499,#2500,#2501,#2502,#2503,#2504,#2505),.UNSPECIFIED.,.F.,.F.,(4,3,3,
3,4),(0.0683156560756371,0.0859527364960891,0.137359459386383,0.156897698645739,
0.196067325711577),.UNSPECIFIED.);
#36=B_SPLINE_CURVE_WITH_KNOTS('',3,(#2538,#2539,#2540,#2541,#2542,#2543,
#2544,#2545,#2546,#2547),.UNSPECIFIED.,.F.,.F.,(4,2,2,2,4),(0.,0.145268158568931,
0.218466074914026,0.292491030280537,0.293607591488251),.UNSPECIFIED.);
#37=B_SPLINE_CURVE_WITH_KNOTS('',3,(#2549,#2550,#2551,#2552,#2553,#2554,
#2555,#2556,#2557,#2558,#2559,#2560),.UNSPECIFIED.,.F.,.F.,(4,2,2,2,2,4),
(0.00594694436111518,0.0726616783521784,0.220544215092895,0.366581287915486,
0.578805168486948,0.579915857750089),.UNSPECIFIED.);
#38=B_SPLINE_CURVE_WITH_KNOTS('',3,(#2566,#2567,#2568,#2569,#2570,#2571,
#2572,#2573,#2574,#2575,#2576,#2577,#2578),.UNSPECIFIED.,.F.,.F.,(4,3,3,
3,4),(0.0683156560756281,0.0859527364960759,0.137457931263893,0.15689769864572,
0.196067325711558),.UNSPECIFIED.);
#39=B_SPLINE_CURVE_WITH_KNOTS('',3,(#2611,#2612,#2613,#2614,#2615,#2616,
#2617,#2618,#2619,#2620),.UNSPECIFIED.,.F.,.F.,(4,2,2,2,4),(0.,0.145268158568842,
0.218466074913886,0.292491030280362,0.293607591488178),.UNSPECIFIED.);
#40=B_SPLINE_CURVE_WITH_KNOTS('',3,(#2622,#2623,#2624,#2625,#2626,#2627,
#2628,#2629,#2630,#2631,#2632,#2633),.UNSPECIFIED.,.F.,.F.,(4,2,2,2,2,4),
(0.00594694436110444,0.0726616783521798,0.220544215092901,0.366581287915484,
0.578805167066198,0.579915856403798),.UNSPECIFIED.);
#41=B_SPLINE_CURVE_WITH_KNOTS('',3,(#2637,#2638,#2639,#2640,#2641),
 .UNSPECIFIED.,.F.,.F.,(4,1,4),(-9.69278618311572E-16,0.308586362084648,
0.538711771716593),.UNSPECIFIED.);
#42=B_SPLINE_CURVE_WITH_KNOTS('',3,(#2643,#2644,#2645,#2646,#2647,#2648,
#2649,#2650),.UNSPECIFIED.,.F.,.F.,(4,2,1,1,4),(-0.00118026302378445,0.,
0.198204612352101,0.297306918528151,0.495511530880252),.UNSPECIFIED.);
#43=B_SPLINE_CURVE_WITH_KNOTS('',3,(#2654,#2655,#2656,#2657,#2658,#2659,
#2660,#2661,#2662,#2663,#2664,#2665),.UNSPECIFIED.,.F.,.F.,(4,2,2,2,2,4),
(0.174108571394126,0.214497771361695,0.637596544997964,0.77392272101623,
0.813793748254808,0.845190847426199),.UNSPECIFIED.);
#44=B_SPLINE_CURVE_WITH_KNOTS('',3,(#2686,#2687,#2688,#2689),
 .UNSPECIFIED.,.F.,.F.,(4,4),(0.,0.141963044516883),.UNSPECIFIED.);
#45=B_SPLINE_CURVE_WITH_KNOTS('',3,(#2760,#2761,#2762,#2763,#2764),
 .UNSPECIFIED.,.F.,.F.,(4,1,4),(-1.53282303484927E-17,0.308586362084645,
0.538711771716588),.UNSPECIFIED.);
#46=B_SPLINE_CURVE_WITH_KNOTS('',3,(#2766,#2767,#2768,#2769,#2770,#2771,
#2772,#2773),.UNSPECIFIED.,.F.,.F.,(4,2,1,1,4),(-0.0011802630237905,0.,
0.198204612352104,0.297306918528155,0.495511530880259),.UNSPECIFIED.);
#47=B_SPLINE_CURVE_WITH_KNOTS('',3,(#2777,#2778,#2779,#2780,#2781,#2782,
#2783,#2784,#2785,#2786,#2787,#2788),.UNSPECIFIED.,.F.,.F.,(4,2,2,2,2,4),
(0.174108571394132,0.214497771361691,0.637596544997939,0.773922721016197,
0.813793748254782,0.845190847426146),.UNSPECIFIED.);
#48=B_SPLINE_CURVE_WITH_KNOTS('',3,(#2809,#2810,#2811,#2812),
 .UNSPECIFIED.,.F.,.F.,(4,4),(0.,0.141963044516886),.UNSPECIFIED.);
#49=B_SPLINE_CURVE_WITH_KNOTS('',3,(#2885,#2886,#2887,#2888,#2889,#2890,
#2891,#2892,#2893,#2894,#2895,#2896,#2897),.UNSPECIFIED.,.F.,.F.,(4,3,3,
3,4),(0.061643037639693,0.0766980179375713,0.121575851898177,0.143025992286397,
0.157266186071857),.UNSPECIFIED.);
#50=B_SPLINE_CURVE_WITH_KNOTS('',3,(#2930,#2931,#2932,#2933,#2934,#2935,
#2936,#2937),.UNSPECIFIED.,.F.,.F.,(4,2,2,4),(0.,0.126167626159713,0.253380465591681,
0.253985116719627),.UNSPECIFIED.);
#51=B_SPLINE_CURVE_WITH_KNOTS('',3,(#2939,#2940,#2941,#2942,#2943,#2944,
#2945,#2946,#2947,#2948,#2949,#2950),.UNSPECIFIED.,.F.,.F.,(4,2,2,2,2,4),
(0.0171275646591866,0.0945159443462722,0.251856946369663,0.409859521962854,
0.626647903308579,0.627796230223255),.UNSPECIFIED.);
#52=B_SPLINE_CURVE_WITH_KNOTS('',3,(#2954,#2955,#2956,#2957,#2958),
 .UNSPECIFIED.,.F.,.F.,(4,1,4),(-5.57418505260136E-16,0.33882915643827,
0.588549807123987),.UNSPECIFIED.);
#53=B_SPLINE_CURVE_WITH_KNOTS('',3,(#2960,#2961,#2962,#2963,#2964,#2965,
#2966,#2967),.UNSPECIFIED.,.F.,.F.,(4,2,1,1,4),(-0.00118178770883892,0.,
0.186886388404663,0.280329582606995,0.467215971011659),.UNSPECIFIED.);
#54=B_SPLINE_CURVE_WITH_KNOTS('',3,(#2971,#2972,#2973,#2974,#2975,#2976,
#2977,#2978,#2979,#2980,#2981,#2982,#2983,#2984,#2985,#2986,#2987,#2988,
#2989,#2990,#2991,#2992,#2993,#2994,#2995,#2996,#2997,#2998,#2999,#3000,
#3001,#3002,#3003,#3004,#3005,#3006,#3007,#3008,#3009,#3010,#3011,#3012,
#3013,#3014,#3015,#3016),.UNSPECIFIED.,.F.,.F.,(4,3,3,3,3,3,3,3,3,3,3,3,
3,3,3,4),(0.199693046008927,0.241232543209925,0.285336368513759,0.331686349631932,
0.38119031314941,0.43588813192251,0.499925757325809,0.556075195931959,0.586921676395771,
0.616523673879607,0.650833017189041,0.686411560358658,0.723455518164423,
0.744675923470665,0.78158401170006,0.810895801025681),.UNSPECIFIED.);
#55=B_SPLINE_CURVE_WITH_KNOTS('',3,(#3037,#3038,#3039,#3040,#3041,#3042,
#3043,#3044,#3045,#3046,#3047,#3048,#3049,#3050,#3051,#3052,#3053,#3054,
#3055),.UNSPECIFIED.,.F.,.F.,(4,3,3,3,3,3,4),(0.,0.0297404263906874,0.0601319232883232,
0.0777587709645194,0.109368174014982,0.14145413946378,0.154716122133237),
 .UNSPECIFIED.);
#56=ELLIPSE('',#1727,12.2065556157337,10.);
#57=ELLIPSE('',#1729,12.2065556157337,10.);
#58=ELLIPSE('',#1732,13.5882302276899,10.);
#59=ELLIPSE('',#1734,13.5882302276899,10.);
#60=ELLIPSE('',#1737,13.5882302276899,10.);
#61=ELLIPSE('',#1739,13.5882302276899,10.);
#62=ELLIPSE('',#1742,4.7863752270309,4.);
#63=ELLIPSE('',#1748,4.7863752270309,4.);
#64=ELLIPSE('',#1762,4.47213595499958,4.);
#65=FACE_BOUND('',#206,.T.);
#66=FACE_BOUND('',#229,.T.);
#67=FACE_BOUND('',#244,.T.);
#68=FACE_BOUND('',#251,.T.);
#69=FACE_BOUND('',#267,.T.);
#70=FACE_BOUND('',#272,.T.);
#71=CYLINDRICAL_SURFACE('',#1693,8.00000011920929);
#72=CYLINDRICAL_SURFACE('',#1700,2.);
#73=CYLINDRICAL_SURFACE('',#1719,9.);
#74=CYLINDRICAL_SURFACE('',#1726,10.);
#75=CYLINDRICAL_SURFACE('',#1731,10.);
#76=CYLINDRICAL_SURFACE('',#1736,10.);
#77=CYLINDRICAL_SURFACE('',#1743,4.);
#78=CYLINDRICAL_SURFACE('',#1749,4.);
#79=CYLINDRICAL_SURFACE('',#1752,10.);
#80=CYLINDRICAL_SURFACE('',#1756,10.);
#81=CYLINDRICAL_SURFACE('',#1763,4.);
#82=CYLINDRICAL_SURFACE('',#1766,10.);
#83=CYLINDRICAL_SURFACE('',#1770,2.);
#84=CYLINDRICAL_SURFACE('',#1773,1.49999996647239);
#85=CYLINDRICAL_SURFACE('',#1791,10.);
#86=CYLINDRICAL_SURFACE('',#1796,8.00000011920929);
#87=CYLINDRICAL_SURFACE('',#1809,9.);
#88=CYLINDRICAL_SURFACE('',#1815,10.);
#89=CYLINDRICAL_SURFACE('',#1822,2.);
#90=CYLINDRICAL_SURFACE('',#1830,0.5);
#91=CYLINDRICAL_SURFACE('',#1834,1.50000002235174);
#92=CYLINDRICAL_SURFACE('',#1839,9.);
#93=CYLINDRICAL_SURFACE('',#1840,0.25);
#94=CONICAL_SURFACE('',#1690,5.00000007450581,0.523598775598299);
#95=CONICAL_SURFACE('',#1819,5.00000007450581,0.523598775598299);
#96=FACE_OUTER_BOUND('',#185,.T.);
#97=FACE_OUTER_BOUND('',#186,.T.);
#98=FACE_OUTER_BOUND('',#187,.T.);
#99=FACE_OUTER_BOUND('',#188,.T.);
#100=FACE_OUTER_BOUND('',#189,.T.);
#101=FACE_OUTER_BOUND('',#190,.T.);
#102=FACE_OUTER_BOUND('',#191,.T.);
#103=FACE_OUTER_BOUND('',#192,.T.);
#104=FACE_OUTER_BOUND('',#193,.T.);
#105=FACE_OUTER_BOUND('',#194,.T.);
#106=FACE_OUTER_BOUND('',#195,.T.);
#107=FACE_OUTER_BOUND('',#196,.T.);
#108=FACE_OUTER_BOUND('',#197,.T.);
#109=FACE_OUTER_BOUND('',#198,.T.);
#110=FACE_OUTER_BOUND('',#199,.T.);
#111=FACE_OUTER_BOUND('',#200,.T.);
#112=FACE_OUTER_BOUND('',#201,.T.);
#113=FACE_OUTER_BOUND('',#202,.T.);
#114=FACE_OUTER_BOUND('',#203,.T.);
#115=FACE_OUTER_BOUND('',#204,.T.);
#116=FACE_OUTER_BOUND('',#205,.T.);
#117=FACE_OUTER_BOUND('',#207,.T.);
#118=FACE_OUTER_BOUND('',#208,.T.);
#119=FACE_OUTER_BOUND('',#209,.T.);
#120=FACE_OUTER_BOUND('',#210,.T.);
#121=FACE_OUTER_BOUND('',#211,.T.);
#122=FACE_OUTER_BOUND('',#212,.T.);
#123=FACE_OUTER_BOUND('',#213,.T.);
#124=FACE_OUTER_BOUND('',#214,.T.);
#125=FACE_OUTER_BOUND('',#215,.T.);
#126=FACE_OUTER_BOUND('',#216,.T.);
#127=FACE_OUTER_BOUND('',#217,.T.);
#128=FACE_OUTER_BOUND('',#218,.T.);
#129=FACE_OUTER_BOUND('',#219,.T.);
#130=FACE_OUTER_BOUND('',#220,.T.);
#131=FACE_OUTER_BOUND('',#221,.T.);
#132=FACE_OUTER_BOUND('',#222,.T.);
#133=FACE_OUTER_BOUND('',#223,.T.);
#134=FACE_OUTER_BOUND('',#224,.T.);
#135=FACE_OUTER_BOUND('',#225,.T.);
#136=FACE_OUTER_BOUND('',#226,.T.);
#137=FACE_OUTER_BOUND('',#227,.T.);
#138=FACE_OUTER_BOUND('',#228,.T.);
#139=FACE_OUTER_BOUND('',#230,.T.);
#140=FACE_OUTER_BOUND('',#231,.T.);
#141=FACE_OUTER_BOUND('',#232,.T.);
#142=FACE_OUTER_BOUND('',#233,.T.);
#143=FACE_OUTER_BOUND('',#234,.T.);
#144=FACE_OUTER_BOUND('',#235,.T.);
#145=FACE_OUTER_BOUND('',#236,.T.);
#146=FACE_OUTER_BOUND('',#237,.T.);
#147=FACE_OUTER_BOUND('',#238,.T.);
#148=FACE_OUTER_BOUND('',#239,.T.);
#149=FACE_OUTER_BOUND('',#240,.T.);
#150=FACE_OUTER_BOUND('',#241,.T.);
#151=FACE_OUTER_BOUND('',#242,.T.);
#152=FACE_OUTER_BOUND('',#243,.T.);
#153=FACE_OUTER_BOUND('',#245,.T.);
#154=FACE_OUTER_BOUND('',#246,.T.);
#155=FACE_OUTER_BOUND('',#247,.T.);
#156=FACE_OUTER_BOUND('',#248,.T.);
#157=FACE_OUTER_BOUND('',#249,.T.);
#158=FACE_OUTER_BOUND('',#250,.T.);
#159=FACE_OUTER_BOUND('',#252,.T.);
#160=FACE_OUTER_BOUND('',#253,.T.);
#161=FACE_OUTER_BOUND('',#254,.T.);
#162=FACE_OUTER_BOUND('',#255,.T.);
#163=FACE_OUTER_BOUND('',#256,.T.);
#164=FACE_OUTER_BOUND('',#257,.T.);
#165=FACE_OUTER_BOUND('',#258,.T.);
#166=FACE_OUTER_BOUND('',#259,.T.);
#167=FACE_OUTER_BOUND('',#260,.T.);
#168=FACE_OUTER_BOUND('',#261,.T.);
#169=FACE_OUTER_BOUND('',#262,.T.);
#170=FACE_OUTER_BOUND('',#263,.T.);
#171=FACE_OUTER_BOUND('',#264,.T.);
#172=FACE_OUTER_BOUND('',#265,.T.);
#173=FACE_OUTER_BOUND('',#266,.T.);
#174=FACE_OUTER_BOUND('',#268,.T.);
#175=FACE_OUTER_BOUND('',#269,.T.);
#176=FACE_OUTER_BOUND('',#270,.T.);
#177=FACE_OUTER_BOUND('',#271,.T.);
#178=FACE_OUTER_BOUND('',#273,.T.);
#179=FACE_OUTER_BOUND('',#274,.T.);
#180=FACE_OUTER_BOUND('',#275,.T.);
#181=FACE_OUTER_BOUND('',#276,.T.);
#182=FACE_OUTER_BOUND('',#277,.T.);
#183=FACE_OUTER_BOUND('',#278,.T.);
#184=FACE_OUTER_BOUND('',#279,.T.);
#185=EDGE_LOOP('',(#1037,#1038,#1039,#1040));
#186=EDGE_LOOP('',(#1041,#1042,#1043,#1044));
#187=EDGE_LOOP('',(#1045,#1046,#1047,#1048));
#188=EDGE_LOOP('',(#1049,#1050,#1051,#1052,#1053,#1054,#1055,#1056));
#189=EDGE_LOOP('',(#1057,#1058,#1059,#1060,#1061,#1062,#1063));
#190=EDGE_LOOP('',(#1064,#1065,#1066,#1067,#1068));
#191=EDGE_LOOP('',(#1069,#1070,#1071,#1072));
#192=EDGE_LOOP('',(#1073,#1074,#1075,#1076,#1077));
#193=EDGE_LOOP('',(#1078,#1079,#1080,#1081,#1082,#1083,#1084));
#194=EDGE_LOOP('',(#1085,#1086,#1087,#1088));
#195=EDGE_LOOP('',(#1089,#1090,#1091,#1092,#1093));
#196=EDGE_LOOP('',(#1094,#1095,#1096,#1097));
#197=EDGE_LOOP('',(#1098,#1099,#1100,#1101));
#198=EDGE_LOOP('',(#1102,#1103,#1104,#1105));
#199=EDGE_LOOP('',(#1106,#1107,#1108,#1109));
#200=EDGE_LOOP('',(#1110,#1111,#1112,#1113,#1114,#1115,#1116,#1117,#1118,
#1119,#1120,#1121));
#201=EDGE_LOOP('',(#1122,#1123,#1124,#1125));
#202=EDGE_LOOP('',(#1126,#1127,#1128,#1129));
#203=EDGE_LOOP('',(#1130,#1131,#1132,#1133));
#204=EDGE_LOOP('',(#1134,#1135,#1136,#1137));
#205=EDGE_LOOP('',(#1138,#1139,#1140,#1141));
#206=EDGE_LOOP('',(#1142,#1143,#1144,#1145));
#207=EDGE_LOOP('',(#1146,#1147,#1148,#1149,#1150));
#208=EDGE_LOOP('',(#1151,#1152,#1153,#1154));
#209=EDGE_LOOP('',(#1155,#1156,#1157,#1158,#1159));
#210=EDGE_LOOP('',(#1160,#1161,#1162,#1163));
#211=EDGE_LOOP('',(#1164,#1165,#1166,#1167,#1168));
#212=EDGE_LOOP('',(#1169,#1170,#1171,#1172,#1173));
#213=EDGE_LOOP('',(#1174,#1175,#1176,#1177));
#214=EDGE_LOOP('',(#1178,#1179,#1180,#1181));
#215=EDGE_LOOP('',(#1182,#1183,#1184,#1185));
#216=EDGE_LOOP('',(#1186,#1187,#1188,#1189,#1190));
#217=EDGE_LOOP('',(#1191,#1192,#1193,#1194));
#218=EDGE_LOOP('',(#1195,#1196,#1197,#1198));
#219=EDGE_LOOP('',(#1199,#1200,#1201,#1202));
#220=EDGE_LOOP('',(#1203,#1204,#1205,#1206,#1207,#1208));
#221=EDGE_LOOP('',(#1209,#1210,#1211,#1212,#1213,#1214));
#222=EDGE_LOOP('',(#1215,#1216,#1217,#1218));
#223=EDGE_LOOP('',(#1219,#1220,#1221));
#224=EDGE_LOOP('',(#1222,#1223,#1224,#1225,#1226,#1227));
#225=EDGE_LOOP('',(#1228,#1229,#1230,#1231,#1232,#1233));
#226=EDGE_LOOP('',(#1234,#1235,#1236,#1237));
#227=EDGE_LOOP('',(#1238,#1239,#1240));
#228=EDGE_LOOP('',(#1241,#1242,#1243,#1244,#1245));
#229=EDGE_LOOP('',(#1246,#1247,#1248,#1249));
#230=EDGE_LOOP('',(#1250,#1251,#1252,#1253));
#231=EDGE_LOOP('',(#1254,#1255,#1256,#1257));
#232=EDGE_LOOP('',(#1258,#1259,#1260,#1261));
#233=EDGE_LOOP('',(#1262,#1263,#1264,#1265,#1266,#1267));
#234=EDGE_LOOP('',(#1268,#1269,#1270,#1271,#1272,#1273));
#235=EDGE_LOOP('',(#1274,#1275,#1276,#1277));
#236=EDGE_LOOP('',(#1278,#1279,#1280));
#237=EDGE_LOOP('',(#1281,#1282,#1283,#1284));
#238=EDGE_LOOP('',(#1285,#1286,#1287,#1288));
#239=EDGE_LOOP('',(#1289,#1290,#1291,#1292));
#240=EDGE_LOOP('',(#1293,#1294,#1295,#1296));
#241=EDGE_LOOP('',(#1297,#1298,#1299,#1300));
#242=EDGE_LOOP('',(#1301,#1302,#1303,#1304,#1305,#1306,#1307,#1308));
#243=EDGE_LOOP('',(#1309,#1310,#1311,#1312,#1313,#1314,#1315,#1316,#1317,
#1318,#1319,#1320,#1321,#1322,#1323,#1324,#1325,#1326,#1327,#1328,#1329,
#1330));
#244=EDGE_LOOP('',(#1331));
#245=EDGE_LOOP('',(#1332,#1333,#1334,#1335,#1336,#1337,#1338,#1339));
#246=EDGE_LOOP('',(#1340,#1341,#1342,#1343,#1344,#1345,#1346,#1347,#1348,
#1349,#1350));
#247=EDGE_LOOP('',(#1351,#1352,#1353,#1354,#1355,#1356,#1357,#1358,#1359,
#1360,#1361,#1362,#1363,#1364,#1365,#1366,#1367,#1368,#1369,#1370,#1371,
#1372,#1373,#1374,#1375,#1376,#1377,#1378,#1379,#1380,#1381,#1382,#1383,
#1384,#1385,#1386,#1387,#1388,#1389));
#248=EDGE_LOOP('',(#1390,#1391,#1392,#1393,#1394,#1395,#1396,#1397,#1398,
#1399,#1400));
#249=EDGE_LOOP('',(#1401,#1402,#1403,#1404));
#250=EDGE_LOOP('',(#1405,#1406,#1407,#1408,#1409,#1410,#1411,#1412));
#251=EDGE_LOOP('',(#1413,#1414,#1415,#1416));
#252=EDGE_LOOP('',(#1417,#1418,#1419,#1420));
#253=EDGE_LOOP('',(#1421,#1422,#1423,#1424));
#254=EDGE_LOOP('',(#1425,#1426,#1427,#1428));
#255=EDGE_LOOP('',(#1429,#1430,#1431,#1432));
#256=EDGE_LOOP('',(#1433,#1434,#1435,#1436,#1437,#1438,#1439,#1440,#1441));
#257=EDGE_LOOP('',(#1442,#1443,#1444,#1445,#1446,#1447,#1448,#1449));
#258=EDGE_LOOP('',(#1450,#1451,#1452,#1453));
#259=EDGE_LOOP('',(#1454,#1455,#1456,#1457,#1458,#1459,#1460));
#260=EDGE_LOOP('',(#1461,#1462,#1463,#1464,#1465,#1466,#1467,#1468));
#261=EDGE_LOOP('',(#1469,#1470,#1471,#1472,#1473,#1474));
#262=EDGE_LOOP('',(#1475,#1476,#1477,#1478));
#263=EDGE_LOOP('',(#1479,#1480,#1481,#1482,#1483,#1484));
#264=EDGE_LOOP('',(#1485,#1486,#1487,#1488));
#265=EDGE_LOOP('',(#1489,#1490,#1491,#1492,#1493,#1494));
#266=EDGE_LOOP('',(#1495,#1496,#1497,#1498));
#267=EDGE_LOOP('',(#1499));
#268=EDGE_LOOP('',(#1500));
#269=EDGE_LOOP('',(#1501,#1502,#1503,#1504));
#270=EDGE_LOOP('',(#1505,#1506,#1507,#1508));
#271=EDGE_LOOP('',(#1509));
#272=EDGE_LOOP('',(#1510));
#273=EDGE_LOOP('',(#1511,#1512,#1513,#1514));
#274=EDGE_LOOP('',(#1515));
#275=EDGE_LOOP('',(#1516));
#276=EDGE_LOOP('',(#1517,#1518,#1519,#1520));
#277=EDGE_LOOP('',(#1521,#1522,#1523,#1524));
#278=EDGE_LOOP('',(#1525));
#279=EDGE_LOOP('',(#1526));
#280=LINE('',#2313,#418);
#281=LINE('',#2316,#419);
#282=LINE('',#2322,#420);
#283=LINE('',#2325,#421);
#284=LINE('',#2329,#422);
#285=LINE('',#2333,#423);
#286=LINE('',#2336,#424);
#287=LINE('',#2338,#425);
#288=LINE('',#2341,#426);
#289=LINE('',#2342,#427);
#290=LINE('',#2345,#428);
#291=LINE('',#2347,#429);
#292=LINE('',#2349,#430);
#293=LINE('',#2350,#431);
#294=LINE('',#2357,#432);
#295=LINE('',#2360,#433);
#296=LINE('',#2363,#434);
#297=LINE('',#2368,#435);
#298=LINE('',#2371,#436);
#299=LINE('',#2372,#437);
#300=LINE('',#2377,#438);
#301=LINE('',#2381,#439);
#302=LINE('',#2386,#440);
#303=LINE('',#2387,#441);
#304=LINE('',#2392,#442);
#305=LINE('',#2399,#443);
#306=LINE('',#2402,#444);
#307=LINE('',#2404,#445);
#308=LINE('',#2405,#446);
#309=LINE('',#2407,#447);
#310=LINE('',#2408,#448);
#311=LINE('',#2412,#449);
#312=LINE('',#2416,#450);
#313=LINE('',#2418,#451);
#314=LINE('',#2420,#452);
#315=LINE('',#2421,#453);
#316=LINE('',#2424,#454);
#317=LINE('',#2426,#455);
#318=LINE('',#2427,#456);
#319=LINE('',#2430,#457);
#320=LINE('',#2432,#458);
#321=LINE('',#2433,#459);
#322=LINE('',#2435,#460);
#323=LINE('',#2436,#461);
#324=LINE('',#2440,#462);
#325=LINE('',#2442,#463);
#326=LINE('',#2444,#464);
#327=LINE('',#2445,#465);
#328=LINE('',#2452,#466);
#329=LINE('',#2457,#467);
#330=LINE('',#2459,#468);
#331=LINE('',#2461,#469);
#332=LINE('',#2462,#470);
#333=LINE('',#2469,#471);
#334=LINE('',#2474,#472);
#335=LINE('',#2476,#473);
#336=LINE('',#2478,#474);
#337=LINE('',#2479,#475);
#338=LINE('',#2486,#476);
#339=LINE('',#2491,#477);
#340=LINE('',#2507,#478);
#341=LINE('',#2509,#479);
#342=LINE('',#2510,#480);
#343=LINE('',#2513,#481);
#344=LINE('',#2564,#482);
#345=LINE('',#2580,#483);
#346=LINE('',#2582,#484);
#347=LINE('',#2583,#485);
#348=LINE('',#2586,#486);
#349=LINE('',#2652,#487);
#350=LINE('',#2775,#488);
#351=LINE('',#2883,#489);
#352=LINE('',#2899,#490);
#353=LINE('',#2901,#491);
#354=LINE('',#2902,#492);
#355=LINE('',#2905,#493);
#356=LINE('',#2969,#494);
#357=LINE('',#3128,#495);
#358=LINE('',#3131,#496);
#359=LINE('',#3137,#497);
#360=LINE('',#3140,#498);
#361=LINE('',#3143,#499);
#362=LINE('',#3145,#500);
#363=LINE('',#3146,#501);
#364=LINE('',#3149,#502);
#365=LINE('',#3151,#503);
#366=LINE('',#3152,#504);
#367=LINE('',#3155,#505);
#368=LINE('',#3157,#506);
#369=LINE('',#3158,#507);
#370=LINE('',#3162,#508);
#371=LINE('',#3164,#509);
#372=LINE('',#3170,#510);
#373=LINE('',#3172,#511);
#374=LINE('',#3178,#512);
#375=LINE('',#3180,#513);
#376=LINE('',#3183,#514);
#377=LINE('',#3184,#515);
#378=LINE('',#3186,#516);
#379=LINE('',#3187,#517);
#380=LINE('',#3188,#518);
#381=LINE('',#3193,#519);
#382=LINE('',#3197,#520);
#383=LINE('',#3201,#521);
#384=LINE('',#3205,#522);
#385=LINE('',#3209,#523);
#386=LINE('',#3212,#524);
#387=LINE('',#3217,#525);
#388=LINE('',#3220,#526);
#389=LINE('',#3225,#527);
#390=LINE('',#3226,#528);
#391=LINE('',#3229,#529);
#392=LINE('',#3230,#530);
#393=LINE('',#3235,#531);
#394=LINE('',#3236,#532);
#395=LINE('',#3239,#533);
#396=LINE('',#3240,#534);
#397=LINE('',#3243,#535);
#398=LINE('',#3245,#536);
#399=LINE('',#3246,#537);
#400=LINE('',#3247,#538);
#401=LINE('',#3252,#539);
#402=LINE('',#3256,#540);
#403=LINE('',#3258,#541);
#404=LINE('',#3259,#542);
#405=LINE('',#3264,#543);
#406=LINE('',#3268,#544);
#407=LINE('',#3271,#545);
#408=LINE('',#3274,#546);
#409=LINE('',#3276,#547);
#410=LINE('',#3280,#548);
#411=LINE('',#3281,#549);
#412=LINE('',#3285,#550);
#413=LINE('',#3287,#551);
#414=LINE('',#3399,#552);
#415=LINE('',#3404,#553);
#416=LINE('',#3412,#554);
#417=LINE('',#3417,#555);
#418=VECTOR('',#1851,10.);
#419=VECTOR('',#1854,10.);
#420=VECTOR('',#1859,10.);
#421=VECTOR('',#1862,10.);
#422=VECTOR('',#1865,10.);
#423=VECTOR('',#1868,10.);
#424=VECTOR('',#1873,10.);
#425=VECTOR('',#1874,10.);
#426=VECTOR('',#1877,10.);
#427=VECTOR('',#1878,10.);
#428=VECTOR('',#1881,10.);
#429=VECTOR('',#1882,10.);
#430=VECTOR('',#1883,10.);
#431=VECTOR('',#1884,10.);
#432=VECTOR('',#1891,10.);
#433=VECTOR('',#1896,10.);
#434=VECTOR('',#1899,10.);
#435=VECTOR('',#1904,10.);
#436=VECTOR('',#1907,10.);
#437=VECTOR('',#1908,10.);
#438=VECTOR('',#1913,10.);
#439=VECTOR('',#1918,10.);
#440=VECTOR('',#1923,10.);
#441=VECTOR('',#1924,10.);
#442=VECTOR('',#1929,10.);
#443=VECTOR('',#1936,10.);
#444=VECTOR('',#1939,10.);
#445=VECTOR('',#1942,10.);
#446=VECTOR('',#1943,10.);
#447=VECTOR('',#1946,10.);
#448=VECTOR('',#1947,10.);
#449=VECTOR('',#1952,9.);
#450=VECTOR('',#1955,10.);
#451=VECTOR('',#1956,10.);
#452=VECTOR('',#1957,10.);
#453=VECTOR('',#1958,10.);
#454=VECTOR('',#1961,10.);
#455=VECTOR('',#1962,10.);
#456=VECTOR('',#1963,10.);
#457=VECTOR('',#1966,10.);
#458=VECTOR('',#1967,10.);
#459=VECTOR('',#1968,10.);
#460=VECTOR('',#1971,10.);
#461=VECTOR('',#1972,10.);
#462=VECTOR('',#1975,10.);
#463=VECTOR('',#1976,10.);
#464=VECTOR('',#1977,10.);
#465=VECTOR('',#1978,10.);
#466=VECTOR('',#1985,10.);
#467=VECTOR('',#1990,10.);
#468=VECTOR('',#1991,10.);
#469=VECTOR('',#1992,10.);
#470=VECTOR('',#1993,10.);
#471=VECTOR('',#2000,10.);
#472=VECTOR('',#2005,10.);
#473=VECTOR('',#2006,10.);
#474=VECTOR('',#2007,10.);
#475=VECTOR('',#2008,10.);
#476=VECTOR('',#2015,10.);
#477=VECTOR('',#2020,10.);
#478=VECTOR('',#2021,10.);
#479=VECTOR('',#2022,10.);
#480=VECTOR('',#2023,10.);
#481=VECTOR('',#2028,10.);
#482=VECTOR('',#2037,10.);
#483=VECTOR('',#2038,10.);
#484=VECTOR('',#2039,10.);
#485=VECTOR('',#2040,10.);
#486=VECTOR('',#2045,10.);
#487=VECTOR('',#2054,10.);
#488=VECTOR('',#2063,10.);
#489=VECTOR('',#2072,10.);
#490=VECTOR('',#2073,10.);
#491=VECTOR('',#2074,10.);
#492=VECTOR('',#2075,10.);
#493=VECTOR('',#2080,10.);
#494=VECTOR('',#2089,10.);
#495=VECTOR('',#2100,10.);
#496=VECTOR('',#2103,10.);
#497=VECTOR('',#2108,10.);
#498=VECTOR('',#2111,10.);
#499=VECTOR('',#2114,10.);
#500=VECTOR('',#2115,10.);
#501=VECTOR('',#2116,10.);
#502=VECTOR('',#2119,10.);
#503=VECTOR('',#2120,10.);
#504=VECTOR('',#2121,10.);
#505=VECTOR('',#2124,10.);
#506=VECTOR('',#2125,10.);
#507=VECTOR('',#2126,10.);
#508=VECTOR('',#2131,10.);
#509=VECTOR('',#2132,10.);
#510=VECTOR('',#2141,10.);
#511=VECTOR('',#2142,10.);
#512=VECTOR('',#2151,10.);
#513=VECTOR('',#2152,10.);
#514=VECTOR('',#2157,10.);
#515=VECTOR('',#2158,10.);
#516=VECTOR('',#2161,10.);
#517=VECTOR('',#2162,10.);
#518=VECTOR('',#2163,10.);
#519=VECTOR('',#2168,10.);
#520=VECTOR('',#2171,10.);
#521=VECTOR('',#2176,10.);
#522=VECTOR('',#2179,10.);
#523=VECTOR('',#2182,10.);
#524=VECTOR('',#2185,10.);
#525=VECTOR('',#2188,10.);
#526=VECTOR('',#2191,10.);
#527=VECTOR('',#2196,10.);
#528=VECTOR('',#2197,10.);
#529=VECTOR('',#2200,10.);
#530=VECTOR('',#2201,10.);
#531=VECTOR('',#2206,10.);
#532=VECTOR('',#2207,10.);
#533=VECTOR('',#2210,10.);
#534=VECTOR('',#2211,10.);
#535=VECTOR('',#2214,10.);
#536=VECTOR('',#2215,10.);
#537=VECTOR('',#2216,10.);
#538=VECTOR('',#2217,10.);
#539=VECTOR('',#2222,10.);
#540=VECTOR('',#2227,10.);
#541=VECTOR('',#2228,10.);
#542=VECTOR('',#2229,10.);
#543=VECTOR('',#2236,10.);
#544=VECTOR('',#2239,10.);
#545=VECTOR('',#2244,10.);
#546=VECTOR('',#2247,10.);
#547=VECTOR('',#2248,10.);
#548=VECTOR('',#2253,10.);
#549=VECTOR('',#2254,10.);
#550=VECTOR('',#2259,10.);
#551=VECTOR('',#2262,10.);
#552=VECTOR('',#2277,0.5);
#553=VECTOR('',#2284,1.50000002235174);
#554=VECTOR('',#2295,9.);
#555=VECTOR('',#2300,0.25);
#556=CIRCLE('',#1685,9.);
#557=CIRCLE('',#1686,8.00000011920929);
#558=CIRCLE('',#1688,9.);
#559=CIRCLE('',#1689,8.00000011920929);
#560=CIRCLE('',#1691,8.00000011920929);
#561=CIRCLE('',#1692,2.);
#562=CIRCLE('',#1694,8.00000011920929);
#563=CIRCLE('',#1697,10.);
#564=CIRCLE('',#1698,10.);
#565=CIRCLE('',#1699,2.);
#566=CIRCLE('',#1702,10.);
#567=CIRCLE('',#1703,10.);
#568=CIRCLE('',#1706,9.);
#569=CIRCLE('',#1707,10.);
#570=CIRCLE('',#1709,9.);
#571=CIRCLE('',#1710,9.);
#572=CIRCLE('',#1712,10.);
#573=CIRCLE('',#1713,9.);
#574=CIRCLE('',#1715,10.);
#575=CIRCLE('',#1716,9.);
#576=CIRCLE('',#1720,9.);
#577=CIRCLE('',#1728,10.);
#578=CIRCLE('',#1733,10.);
#579=CIRCLE('',#1738,10.);
#580=CIRCLE('',#1744,4.);
#581=CIRCLE('',#1745,4.);
#582=CIRCLE('',#1750,4.);
#583=CIRCLE('',#1751,4.);
#584=CIRCLE('',#1753,10.);
#585=CIRCLE('',#1754,4.);
#586=CIRCLE('',#1755,10.);
#587=CIRCLE('',#1757,10.);
#588=CIRCLE('',#1758,4.);
#589=CIRCLE('',#1759,10.);
#590=CIRCLE('',#1764,4.);
#591=CIRCLE('',#1765,4.);
#592=CIRCLE('',#1767,10.);
#593=CIRCLE('',#1768,4.);
#594=CIRCLE('',#1769,10.);
#595=CIRCLE('',#1771,2.);
#596=CIRCLE('',#1772,2.);
#597=CIRCLE('',#1774,1.49999996647239);
#598=CIRCLE('',#1775,1.49999996647239);
#599=CIRCLE('',#1780,10.);
#600=CIRCLE('',#1781,10.);
#601=CIRCLE('',#1783,10.);
#602=CIRCLE('',#1784,10.);
#603=CIRCLE('',#1785,10.);
#604=CIRCLE('',#1786,10.);
#605=CIRCLE('',#1788,10.);
#606=CIRCLE('',#1789,10.);
#607=CIRCLE('',#1794,8.00000011920929);
#608=CIRCLE('',#1795,10.);
#609=CIRCLE('',#1797,8.00000011920929);
#610=CIRCLE('',#1798,8.00000011920929);
#611=CIRCLE('',#1799,8.00000011920929);
#612=CIRCLE('',#1800,8.00000011920929);
#613=CIRCLE('',#1801,8.00000011920929);
#614=CIRCLE('',#1803,9.);
#615=CIRCLE('',#1806,9.);
#616=CIRCLE('',#1810,9.);
#617=CIRCLE('',#1811,9.);
#618=CIRCLE('',#1814,10.);
#619=CIRCLE('',#1816,10.);
#620=CIRCLE('',#1817,10.);
#621=CIRCLE('',#1820,2.);
#622=CIRCLE('',#1823,2.);
#623=CIRCLE('',#1826,10.);
#624=CIRCLE('',#1827,1.50000002235174);
#625=CIRCLE('',#1829,0.5);
#626=CIRCLE('',#1831,0.5);
#627=CIRCLE('',#1833,1.50000002235174);
#628=CIRCLE('',#1836,9.);
#629=CIRCLE('',#1838,9.);
#630=CIRCLE('',#1841,0.25);
#631=CIRCLE('',#1842,0.25);
#632=VERTEX_POINT('',#2309);
#633=VERTEX_POINT('',#2310);
#634=VERTEX_POINT('',#2312);
#635=VERTEX_POINT('',#2314);
#636=VERTEX_POINT('',#2318);
#637=VERTEX_POINT('',#2319);
#638=VERTEX_POINT('',#2321);
#639=VERTEX_POINT('',#2323);
#640=VERTEX_POINT('',#2327);
#641=VERTEX_POINT('',#2328);
#642=VERTEX_POINT('',#2330);
#643=VERTEX_POINT('',#2332);
#644=VERTEX_POINT('',#2337);
#645=VERTEX_POINT('',#2339);
#646=VERTEX_POINT('',#2344);
#647=VERTEX_POINT('',#2346);
#648=VERTEX_POINT('',#2348);
#649=VERTEX_POINT('',#2352);
#650=VERTEX_POINT('',#2354);
#651=VERTEX_POINT('',#2356);
#652=VERTEX_POINT('',#2362);
#653=VERTEX_POINT('',#2364);
#654=VERTEX_POINT('',#2366);
#655=VERTEX_POINT('',#2370);
#656=VERTEX_POINT('',#2374);
#657=VERTEX_POINT('',#2376);
#658=VERTEX_POINT('',#2380);
#659=VERTEX_POINT('',#2382);
#660=VERTEX_POINT('',#2385);
#661=VERTEX_POINT('',#2389);
#662=VERTEX_POINT('',#2391);
#663=VERTEX_POINT('',#2395);
#664=VERTEX_POINT('',#2396);
#665=VERTEX_POINT('',#2398);
#666=VERTEX_POINT('',#2400);
#667=VERTEX_POINT('',#2410);
#668=VERTEX_POINT('',#2414);
#669=VERTEX_POINT('',#2415);
#670=VERTEX_POINT('',#2417);
#671=VERTEX_POINT('',#2419);
#672=VERTEX_POINT('',#2423);
#673=VERTEX_POINT('',#2425);
#674=VERTEX_POINT('',#2429);
#675=VERTEX_POINT('',#2431);
#676=VERTEX_POINT('',#2438);
#677=VERTEX_POINT('',#2439);
#678=VERTEX_POINT('',#2441);
#679=VERTEX_POINT('',#2443);
#680=VERTEX_POINT('',#2447);
#681=VERTEX_POINT('',#2449);
#682=VERTEX_POINT('',#2451);
#683=VERTEX_POINT('',#2455);
#684=VERTEX_POINT('',#2456);
#685=VERTEX_POINT('',#2458);
#686=VERTEX_POINT('',#2460);
#687=VERTEX_POINT('',#2464);
#688=VERTEX_POINT('',#2466);
#689=VERTEX_POINT('',#2468);
#690=VERTEX_POINT('',#2472);
#691=VERTEX_POINT('',#2473);
#692=VERTEX_POINT('',#2475);
#693=VERTEX_POINT('',#2477);
#694=VERTEX_POINT('',#2481);
#695=VERTEX_POINT('',#2483);
#696=VERTEX_POINT('',#2485);
#697=VERTEX_POINT('',#2489);
#698=VERTEX_POINT('',#2490);
#699=VERTEX_POINT('',#2492);
#700=VERTEX_POINT('',#2506);
#701=VERTEX_POINT('',#2508);
#702=VERTEX_POINT('',#2536);
#703=VERTEX_POINT('',#2537);
#704=VERTEX_POINT('',#2562);
#705=VERTEX_POINT('',#2563);
#706=VERTEX_POINT('',#2565);
#707=VERTEX_POINT('',#2579);
#708=VERTEX_POINT('',#2581);
#709=VERTEX_POINT('',#2609);
#710=VERTEX_POINT('',#2610);
#711=VERTEX_POINT('',#2635);
#712=VERTEX_POINT('',#2636);
#713=VERTEX_POINT('',#2642);
#714=VERTEX_POINT('',#2651);
#715=VERTEX_POINT('',#2758);
#716=VERTEX_POINT('',#2759);
#717=VERTEX_POINT('',#2765);
#718=VERTEX_POINT('',#2774);
#719=VERTEX_POINT('',#2881);
#720=VERTEX_POINT('',#2882);
#721=VERTEX_POINT('',#2884);
#722=VERTEX_POINT('',#2898);
#723=VERTEX_POINT('',#2900);
#724=VERTEX_POINT('',#2928);
#725=VERTEX_POINT('',#2929);
#726=VERTEX_POINT('',#2952);
#727=VERTEX_POINT('',#2953);
#728=VERTEX_POINT('',#2959);
#729=VERTEX_POINT('',#2968);
#730=VERTEX_POINT('',#3124);
#731=VERTEX_POINT('',#3125);
#732=VERTEX_POINT('',#3127);
#733=VERTEX_POINT('',#3129);
#734=VERTEX_POINT('',#3133);
#735=VERTEX_POINT('',#3134);
#736=VERTEX_POINT('',#3136);
#737=VERTEX_POINT('',#3138);
#738=VERTEX_POINT('',#3142);
#739=VERTEX_POINT('',#3144);
#740=VERTEX_POINT('',#3148);
#741=VERTEX_POINT('',#3150);
#742=VERTEX_POINT('',#3154);
#743=VERTEX_POINT('',#3156);
#744=VERTEX_POINT('',#3160);
#745=VERTEX_POINT('',#3163);
#746=VERTEX_POINT('',#3168);
#747=VERTEX_POINT('',#3171);
#748=VERTEX_POINT('',#3176);
#749=VERTEX_POINT('',#3179);
#750=VERTEX_POINT('',#3191);
#751=VERTEX_POINT('',#3192);
#752=VERTEX_POINT('',#3194);
#753=VERTEX_POINT('',#3196);
#754=VERTEX_POINT('',#3200);
#755=VERTEX_POINT('',#3202);
#756=VERTEX_POINT('',#3204);
#757=VERTEX_POINT('',#3206);
#758=VERTEX_POINT('',#3208);
#759=VERTEX_POINT('',#3210);
#760=VERTEX_POINT('',#3213);
#761=VERTEX_POINT('',#3214);
#762=VERTEX_POINT('',#3216);
#763=VERTEX_POINT('',#3218);
#764=VERTEX_POINT('',#3222);
#765=VERTEX_POINT('',#3223);
#766=VERTEX_POINT('',#3228);
#767=VERTEX_POINT('',#3232);
#768=VERTEX_POINT('',#3233);
#769=VERTEX_POINT('',#3238);
#770=VERTEX_POINT('',#3242);
#771=VERTEX_POINT('',#3244);
#772=VERTEX_POINT('',#3249);
#773=VERTEX_POINT('',#3251);
#774=VERTEX_POINT('',#3255);
#775=VERTEX_POINT('',#3257);
#776=VERTEX_POINT('',#3263);
#777=VERTEX_POINT('',#3265);
#778=VERTEX_POINT('',#3267);
#779=VERTEX_POINT('',#3273);
#780=VERTEX_POINT('',#3275);
#781=VERTEX_POINT('',#3279);
#782=VERTEX_POINT('',#3283);
#783=VERTEX_POINT('',#3290);
#784=VERTEX_POINT('',#3293);
#785=VERTEX_POINT('',#3385);
#786=VERTEX_POINT('',#3397);
#787=VERTEX_POINT('',#3401);
#788=VERTEX_POINT('',#3406);
#789=VERTEX_POINT('',#3409);
#790=VERTEX_POINT('',#3414);
#791=VERTEX_POINT('',#3416);
#792=EDGE_CURVE('',#632,#633,#556,.T.);
#793=EDGE_CURVE('',#634,#633,#280,.T.);
#794=EDGE_CURVE('',#634,#635,#557,.T.);
#795=EDGE_CURVE('',#632,#635,#281,.T.);
#796=EDGE_CURVE('',#636,#637,#558,.T.);
#797=EDGE_CURVE('',#638,#637,#282,.T.);
#798=EDGE_CURVE('',#638,#639,#559,.T.);
#799=EDGE_CURVE('',#636,#639,#283,.T.);
#800=EDGE_CURVE('',#640,#641,#284,.T.);
#801=EDGE_CURVE('',#640,#642,#560,.T.);
#802=EDGE_CURVE('',#643,#642,#285,.T.);
#803=EDGE_CURVE('',#641,#643,#561,.T.);
#804=EDGE_CURVE('',#635,#640,#286,.T.);
#805=EDGE_CURVE('',#644,#634,#287,.T.);
#806=EDGE_CURVE('',#645,#644,#562,.T.);
#807=EDGE_CURVE('',#639,#645,#288,.T.);
#808=EDGE_CURVE('',#642,#638,#289,.T.);
#809=EDGE_CURVE('',#646,#637,#290,.T.);
#810=EDGE_CURVE('',#647,#646,#291,.T.);
#811=EDGE_CURVE('',#647,#648,#292,.T.);
#812=EDGE_CURVE('',#648,#643,#293,.T.);
#813=EDGE_CURVE('',#649,#647,#563,.T.);
#814=EDGE_CURVE('',#650,#649,#564,.T.);
#815=EDGE_CURVE('',#650,#651,#294,.T.);
#816=EDGE_CURVE('',#651,#648,#565,.T.);
#817=EDGE_CURVE('',#641,#651,#295,.T.);
#818=EDGE_CURVE('',#644,#652,#296,.T.);
#819=EDGE_CURVE('',#653,#652,#566,.T.);
#820=EDGE_CURVE('',#654,#653,#567,.T.);
#821=EDGE_CURVE('',#654,#645,#297,.T.);
#822=EDGE_CURVE('',#655,#650,#298,.T.);
#823=EDGE_CURVE('',#632,#655,#299,.T.);
#824=EDGE_CURVE('',#637,#656,#568,.T.);
#825=EDGE_CURVE('',#656,#657,#300,.T.);
#826=EDGE_CURVE('',#657,#646,#569,.T.);
#827=EDGE_CURVE('',#658,#633,#301,.T.);
#828=EDGE_CURVE('',#633,#659,#570,.T.);
#829=EDGE_CURVE('',#659,#636,#571,.T.);
#830=EDGE_CURVE('',#636,#660,#302,.T.);
#831=EDGE_CURVE('',#660,#658,#303,.T.);
#832=EDGE_CURVE('',#655,#661,#572,.T.);
#833=EDGE_CURVE('',#661,#662,#304,.T.);
#834=EDGE_CURVE('',#662,#632,#573,.T.);
#835=EDGE_CURVE('',#663,#664,#574,.T.);
#836=EDGE_CURVE('',#664,#665,#305,.T.);
#837=EDGE_CURVE('',#665,#666,#575,.T.);
#838=EDGE_CURVE('',#666,#663,#306,.T.);
#839=EDGE_CURVE('',#661,#663,#307,.T.);
#840=EDGE_CURVE('',#662,#666,#308,.T.);
#841=EDGE_CURVE('',#664,#657,#309,.T.);
#842=EDGE_CURVE('',#665,#656,#310,.T.);
#843=EDGE_CURVE('',#667,#667,#576,.T.);
#844=EDGE_CURVE('',#667,#659,#311,.T.);
#845=EDGE_CURVE('',#668,#669,#312,.T.);
#846=EDGE_CURVE('',#670,#668,#313,.T.);
#847=EDGE_CURVE('',#671,#670,#314,.T.);
#848=EDGE_CURVE('',#671,#669,#315,.T.);
#849=EDGE_CURVE('',#672,#668,#316,.T.);
#850=EDGE_CURVE('',#673,#672,#317,.T.);
#851=EDGE_CURVE('',#670,#673,#318,.T.);
#852=EDGE_CURVE('',#674,#672,#319,.T.);
#853=EDGE_CURVE('',#675,#674,#320,.T.);
#854=EDGE_CURVE('',#673,#675,#321,.T.);
#855=EDGE_CURVE('',#669,#674,#322,.T.);
#856=EDGE_CURVE('',#675,#671,#323,.T.);
#857=EDGE_CURVE('',#676,#677,#324,.T.);
#858=EDGE_CURVE('',#676,#678,#325,.T.);
#859=EDGE_CURVE('',#678,#679,#326,.T.);
#860=EDGE_CURVE('',#677,#679,#327,.T.);
#861=EDGE_CURVE('',#677,#680,#56,.T.);
#862=EDGE_CURVE('',#679,#681,#577,.T.);
#863=EDGE_CURVE('',#681,#682,#328,.T.);
#864=EDGE_CURVE('',#680,#682,#57,.T.);
#865=EDGE_CURVE('',#683,#684,#329,.T.);
#866=EDGE_CURVE('',#683,#685,#330,.T.);
#867=EDGE_CURVE('',#685,#686,#331,.T.);
#868=EDGE_CURVE('',#684,#686,#332,.T.);
#869=EDGE_CURVE('',#684,#687,#58,.T.);
#870=EDGE_CURVE('',#686,#688,#578,.T.);
#871=EDGE_CURVE('',#688,#689,#333,.T.);
#872=EDGE_CURVE('',#687,#689,#59,.T.);
#873=EDGE_CURVE('',#690,#691,#334,.T.);
#874=EDGE_CURVE('',#690,#692,#335,.T.);
#875=EDGE_CURVE('',#692,#693,#336,.T.);
#876=EDGE_CURVE('',#691,#693,#337,.T.);
#877=EDGE_CURVE('',#691,#694,#60,.T.);
#878=EDGE_CURVE('',#693,#695,#579,.T.);
#879=EDGE_CURVE('',#695,#696,#338,.T.);
#880=EDGE_CURVE('',#694,#696,#61,.T.);
#881=EDGE_CURVE('',#697,#698,#339,.T.);
#882=EDGE_CURVE('',#699,#697,#35,.T.);
#883=EDGE_CURVE('',#700,#699,#340,.T.);
#884=EDGE_CURVE('',#700,#701,#341,.T.);
#885=EDGE_CURVE('',#701,#698,#342,.T.);
#886=EDGE_CURVE('',#698,#683,#62,.T.);
#887=EDGE_CURVE('',#701,#685,#343,.T.);
#888=EDGE_CURVE('',#697,#684,#580,.T.);
#889=EDGE_CURVE('',#702,#703,#36,.T.);
#890=EDGE_CURVE('',#702,#687,#581,.T.);
#891=EDGE_CURVE('',#689,#703,#37,.F.);
#892=EDGE_CURVE('',#704,#705,#344,.T.);
#893=EDGE_CURVE('',#706,#704,#38,.T.);
#894=EDGE_CURVE('',#707,#706,#345,.T.);
#895=EDGE_CURVE('',#707,#708,#346,.T.);
#896=EDGE_CURVE('',#708,#705,#347,.T.);
#897=EDGE_CURVE('',#705,#690,#63,.T.);
#898=EDGE_CURVE('',#692,#708,#348,.T.);
#899=EDGE_CURVE('',#704,#691,#582,.T.);
#900=EDGE_CURVE('',#709,#710,#39,.T.);
#901=EDGE_CURVE('',#709,#694,#583,.T.);
#902=EDGE_CURVE('',#696,#710,#40,.F.);
#903=EDGE_CURVE('',#711,#712,#41,.T.);
#904=EDGE_CURVE('',#713,#711,#42,.T.);
#905=EDGE_CURVE('',#713,#714,#349,.T.);
#906=EDGE_CURVE('',#714,#707,#584,.T.);
#907=EDGE_CURVE('',#712,#706,#43,.T.);
#908=EDGE_CURVE('',#712,#709,#44,.T.);
#909=EDGE_CURVE('',#711,#710,#585,.T.);
#910=EDGE_CURVE('',#713,#710,#586,.T.);
#911=EDGE_CURVE('',#715,#716,#45,.T.);
#912=EDGE_CURVE('',#717,#715,#46,.T.);
#913=EDGE_CURVE('',#717,#718,#350,.T.);
#914=EDGE_CURVE('',#718,#700,#587,.T.);
#915=EDGE_CURVE('',#716,#699,#47,.T.);
#916=EDGE_CURVE('',#716,#702,#48,.T.);
#917=EDGE_CURVE('',#715,#703,#588,.T.);
#918=EDGE_CURVE('',#717,#703,#589,.T.);
#919=EDGE_CURVE('',#719,#720,#351,.T.);
#920=EDGE_CURVE('',#721,#719,#49,.T.);
#921=EDGE_CURVE('',#722,#721,#352,.T.);
#922=EDGE_CURVE('',#722,#723,#353,.T.);
#923=EDGE_CURVE('',#723,#720,#354,.T.);
#924=EDGE_CURVE('',#720,#676,#64,.T.);
#925=EDGE_CURVE('',#678,#723,#355,.T.);
#926=EDGE_CURVE('',#719,#677,#590,.T.);
#927=EDGE_CURVE('',#724,#725,#50,.T.);
#928=EDGE_CURVE('',#724,#680,#591,.T.);
#929=EDGE_CURVE('',#682,#725,#51,.F.);
#930=EDGE_CURVE('',#726,#727,#52,.T.);
#931=EDGE_CURVE('',#728,#726,#53,.T.);
#932=EDGE_CURVE('',#728,#729,#356,.T.);
#933=EDGE_CURVE('',#729,#722,#592,.T.);
#934=EDGE_CURVE('',#727,#721,#54,.T.);
#935=EDGE_CURVE('',#727,#724,#55,.T.);
#936=EDGE_CURVE('',#726,#725,#593,.T.);
#937=EDGE_CURVE('',#728,#725,#594,.T.);
#938=EDGE_CURVE('',#730,#731,#595,.T.);
#939=EDGE_CURVE('',#730,#732,#357,.T.);
#940=EDGE_CURVE('',#733,#732,#596,.T.);
#941=EDGE_CURVE('',#731,#733,#358,.T.);
#942=EDGE_CURVE('',#734,#735,#597,.T.);
#943=EDGE_CURVE('',#735,#736,#359,.T.);
#944=EDGE_CURVE('',#737,#736,#598,.T.);
#945=EDGE_CURVE('',#734,#737,#360,.T.);
#946=EDGE_CURVE('',#731,#738,#361,.T.);
#947=EDGE_CURVE('',#739,#733,#362,.T.);
#948=EDGE_CURVE('',#738,#739,#363,.T.);
#949=EDGE_CURVE('',#732,#740,#364,.T.);
#950=EDGE_CURVE('',#730,#741,#365,.T.);
#951=EDGE_CURVE('',#740,#741,#366,.T.);
#952=EDGE_CURVE('',#660,#742,#367,.T.);
#953=EDGE_CURVE('',#743,#742,#368,.T.);
#954=EDGE_CURVE('',#743,#658,#369,.T.);
#955=EDGE_CURVE('',#744,#738,#599,.T.);
#956=EDGE_CURVE('',#735,#744,#370,.T.);
#957=EDGE_CURVE('',#745,#734,#371,.T.);
#958=EDGE_CURVE('',#745,#741,#600,.T.);
#959=EDGE_CURVE('',#729,#688,#601,.T.);
#960=EDGE_CURVE('',#718,#746,#602,.T.);
#961=EDGE_CURVE('',#743,#746,#372,.T.);
#962=EDGE_CURVE('',#747,#742,#373,.T.);
#963=EDGE_CURVE('',#747,#695,#603,.T.);
#964=EDGE_CURVE('',#714,#681,#604,.T.);
#965=EDGE_CURVE('',#740,#748,#605,.T.);
#966=EDGE_CURVE('',#748,#737,#374,.T.);
#967=EDGE_CURVE('',#736,#749,#375,.T.);
#968=EDGE_CURVE('',#739,#749,#606,.T.);
#969=EDGE_CURVE('',#746,#749,#376,.T.);
#970=EDGE_CURVE('',#652,#744,#377,.T.);
#971=EDGE_CURVE('',#747,#748,#378,.T.);
#972=EDGE_CURVE('',#745,#654,#379,.T.);
#973=EDGE_CURVE('',#653,#649,#380,.T.);
#974=EDGE_CURVE('',#750,#751,#381,.T.);
#975=EDGE_CURVE('',#751,#752,#607,.T.);
#976=EDGE_CURVE('',#753,#752,#382,.T.);
#977=EDGE_CURVE('',#750,#753,#608,.T.);
#978=EDGE_CURVE('',#751,#754,#383,.T.);
#979=EDGE_CURVE('',#754,#755,#609,.T.);
#980=EDGE_CURVE('',#755,#756,#384,.T.);
#981=EDGE_CURVE('',#757,#756,#610,.T.);
#982=EDGE_CURVE('',#758,#757,#385,.T.);
#983=EDGE_CURVE('',#759,#758,#611,.T.);
#984=EDGE_CURVE('',#752,#759,#386,.T.);
#985=EDGE_CURVE('',#760,#761,#612,.T.);
#986=EDGE_CURVE('',#761,#762,#387,.T.);
#987=EDGE_CURVE('',#762,#763,#613,.T.);
#988=EDGE_CURVE('',#763,#760,#388,.T.);
#989=EDGE_CURVE('',#764,#765,#614,.T.);
#990=EDGE_CURVE('',#755,#764,#389,.T.);
#991=EDGE_CURVE('',#754,#765,#390,.T.);
#992=EDGE_CURVE('',#766,#764,#391,.T.);
#993=EDGE_CURVE('',#756,#766,#392,.T.);
#994=EDGE_CURVE('',#767,#768,#615,.T.);
#995=EDGE_CURVE('',#767,#761,#393,.T.);
#996=EDGE_CURVE('',#760,#768,#394,.T.);
#997=EDGE_CURVE('',#768,#769,#395,.T.);
#998=EDGE_CURVE('',#769,#763,#396,.T.);
#999=EDGE_CURVE('',#770,#750,#397,.T.);
#1000=EDGE_CURVE('',#770,#771,#398,.T.);
#1001=EDGE_CURVE('',#762,#771,#399,.T.);
#1002=EDGE_CURVE('',#765,#767,#400,.T.);
#1003=EDGE_CURVE('',#769,#772,#616,.T.);
#1004=EDGE_CURVE('',#773,#772,#401,.T.);
#1005=EDGE_CURVE('',#766,#773,#617,.T.);
#1006=EDGE_CURVE('',#773,#774,#402,.T.);
#1007=EDGE_CURVE('',#772,#775,#403,.T.);
#1008=EDGE_CURVE('',#774,#775,#404,.T.);
#1009=EDGE_CURVE('',#775,#770,#618,.T.);
#1010=EDGE_CURVE('',#753,#776,#405,.T.);
#1011=EDGE_CURVE('',#776,#777,#619,.T.);
#1012=EDGE_CURVE('',#777,#778,#406,.T.);
#1013=EDGE_CURVE('',#778,#774,#620,.T.);
#1014=EDGE_CURVE('',#757,#778,#407,.T.);
#1015=EDGE_CURVE('',#759,#779,#408,.T.);
#1016=EDGE_CURVE('',#780,#758,#409,.T.);
#1017=EDGE_CURVE('',#779,#780,#621,.T.);
#1018=EDGE_CURVE('',#781,#777,#410,.T.);
#1019=EDGE_CURVE('',#781,#780,#411,.T.);
#1020=EDGE_CURVE('',#782,#781,#622,.T.);
#1021=EDGE_CURVE('',#779,#782,#412,.T.);
#1022=EDGE_CURVE('',#776,#782,#413,.T.);
#1023=EDGE_CURVE('',#777,#776,#623,.T.);
#1024=EDGE_CURVE('',#783,#783,#624,.T.);
#1025=EDGE_CURVE('',#784,#784,#625,.T.);
#1026=EDGE_CURVE('',#785,#777,#13,.T.);
#1027=EDGE_CURVE('',#786,#786,#626,.T.);
#1028=EDGE_CURVE('',#786,#784,#414,.T.);
#1029=EDGE_CURVE('',#787,#787,#627,.T.);
#1030=EDGE_CURVE('',#783,#787,#415,.T.);
#1031=EDGE_CURVE('',#788,#788,#628,.T.);
#1032=EDGE_CURVE('',#789,#789,#629,.T.);
#1033=EDGE_CURVE('',#788,#789,#416,.T.);
#1034=EDGE_CURVE('',#790,#790,#630,.T.);
#1035=EDGE_CURVE('',#790,#791,#417,.T.);
#1036=EDGE_CURVE('',#791,#791,#631,.T.);
#1037=ORIENTED_EDGE('',*,*,#792,.T.);
#1038=ORIENTED_EDGE('',*,*,#793,.F.);
#1039=ORIENTED_EDGE('',*,*,#794,.T.);
#1040=ORIENTED_EDGE('',*,*,#795,.F.);
#1041=ORIENTED_EDGE('',*,*,#796,.T.);
#1042=ORIENTED_EDGE('',*,*,#797,.F.);
#1043=ORIENTED_EDGE('',*,*,#798,.T.);
#1044=ORIENTED_EDGE('',*,*,#799,.F.);
#1045=ORIENTED_EDGE('',*,*,#800,.F.);
#1046=ORIENTED_EDGE('',*,*,#801,.T.);
#1047=ORIENTED_EDGE('',*,*,#802,.F.);
#1048=ORIENTED_EDGE('',*,*,#803,.F.);
#1049=ORIENTED_EDGE('',*,*,#804,.F.);
#1050=ORIENTED_EDGE('',*,*,#794,.F.);
#1051=ORIENTED_EDGE('',*,*,#805,.F.);
#1052=ORIENTED_EDGE('',*,*,#806,.F.);
#1053=ORIENTED_EDGE('',*,*,#807,.F.);
#1054=ORIENTED_EDGE('',*,*,#798,.F.);
#1055=ORIENTED_EDGE('',*,*,#808,.F.);
#1056=ORIENTED_EDGE('',*,*,#801,.F.);
#1057=ORIENTED_EDGE('',*,*,#802,.T.);
#1058=ORIENTED_EDGE('',*,*,#808,.T.);
#1059=ORIENTED_EDGE('',*,*,#797,.T.);
#1060=ORIENTED_EDGE('',*,*,#809,.F.);
#1061=ORIENTED_EDGE('',*,*,#810,.F.);
#1062=ORIENTED_EDGE('',*,*,#811,.T.);
#1063=ORIENTED_EDGE('',*,*,#812,.T.);
#1064=ORIENTED_EDGE('',*,*,#811,.F.);
#1065=ORIENTED_EDGE('',*,*,#813,.F.);
#1066=ORIENTED_EDGE('',*,*,#814,.F.);
#1067=ORIENTED_EDGE('',*,*,#815,.T.);
#1068=ORIENTED_EDGE('',*,*,#816,.T.);
#1069=ORIENTED_EDGE('',*,*,#812,.F.);
#1070=ORIENTED_EDGE('',*,*,#816,.F.);
#1071=ORIENTED_EDGE('',*,*,#817,.F.);
#1072=ORIENTED_EDGE('',*,*,#803,.T.);
#1073=ORIENTED_EDGE('',*,*,#806,.T.);
#1074=ORIENTED_EDGE('',*,*,#818,.T.);
#1075=ORIENTED_EDGE('',*,*,#819,.F.);
#1076=ORIENTED_EDGE('',*,*,#820,.F.);
#1077=ORIENTED_EDGE('',*,*,#821,.T.);
#1078=ORIENTED_EDGE('',*,*,#800,.T.);
#1079=ORIENTED_EDGE('',*,*,#817,.T.);
#1080=ORIENTED_EDGE('',*,*,#815,.F.);
#1081=ORIENTED_EDGE('',*,*,#822,.F.);
#1082=ORIENTED_EDGE('',*,*,#823,.F.);
#1083=ORIENTED_EDGE('',*,*,#795,.T.);
#1084=ORIENTED_EDGE('',*,*,#804,.T.);
#1085=ORIENTED_EDGE('',*,*,#809,.T.);
#1086=ORIENTED_EDGE('',*,*,#824,.T.);
#1087=ORIENTED_EDGE('',*,*,#825,.T.);
#1088=ORIENTED_EDGE('',*,*,#826,.T.);
#1089=ORIENTED_EDGE('',*,*,#827,.T.);
#1090=ORIENTED_EDGE('',*,*,#828,.T.);
#1091=ORIENTED_EDGE('',*,*,#829,.T.);
#1092=ORIENTED_EDGE('',*,*,#830,.T.);
#1093=ORIENTED_EDGE('',*,*,#831,.T.);
#1094=ORIENTED_EDGE('',*,*,#823,.T.);
#1095=ORIENTED_EDGE('',*,*,#832,.T.);
#1096=ORIENTED_EDGE('',*,*,#833,.T.);
#1097=ORIENTED_EDGE('',*,*,#834,.T.);
#1098=ORIENTED_EDGE('',*,*,#835,.T.);
#1099=ORIENTED_EDGE('',*,*,#836,.T.);
#1100=ORIENTED_EDGE('',*,*,#837,.T.);
#1101=ORIENTED_EDGE('',*,*,#838,.T.);
#1102=ORIENTED_EDGE('',*,*,#839,.T.);
#1103=ORIENTED_EDGE('',*,*,#838,.F.);
#1104=ORIENTED_EDGE('',*,*,#840,.F.);
#1105=ORIENTED_EDGE('',*,*,#833,.F.);
#1106=ORIENTED_EDGE('',*,*,#841,.T.);
#1107=ORIENTED_EDGE('',*,*,#825,.F.);
#1108=ORIENTED_EDGE('',*,*,#842,.F.);
#1109=ORIENTED_EDGE('',*,*,#836,.F.);
#1110=ORIENTED_EDGE('',*,*,#843,.T.);
#1111=ORIENTED_EDGE('',*,*,#844,.T.);
#1112=ORIENTED_EDGE('',*,*,#828,.F.);
#1113=ORIENTED_EDGE('',*,*,#792,.F.);
#1114=ORIENTED_EDGE('',*,*,#834,.F.);
#1115=ORIENTED_EDGE('',*,*,#840,.T.);
#1116=ORIENTED_EDGE('',*,*,#837,.F.);
#1117=ORIENTED_EDGE('',*,*,#842,.T.);
#1118=ORIENTED_EDGE('',*,*,#824,.F.);
#1119=ORIENTED_EDGE('',*,*,#796,.F.);
#1120=ORIENTED_EDGE('',*,*,#829,.F.);
#1121=ORIENTED_EDGE('',*,*,#844,.F.);
#1122=ORIENTED_EDGE('',*,*,#845,.F.);
#1123=ORIENTED_EDGE('',*,*,#846,.F.);
#1124=ORIENTED_EDGE('',*,*,#847,.F.);
#1125=ORIENTED_EDGE('',*,*,#848,.T.);
#1126=ORIENTED_EDGE('',*,*,#849,.F.);
#1127=ORIENTED_EDGE('',*,*,#850,.F.);
#1128=ORIENTED_EDGE('',*,*,#851,.F.);
#1129=ORIENTED_EDGE('',*,*,#846,.T.);
#1130=ORIENTED_EDGE('',*,*,#852,.F.);
#1131=ORIENTED_EDGE('',*,*,#853,.F.);
#1132=ORIENTED_EDGE('',*,*,#854,.F.);
#1133=ORIENTED_EDGE('',*,*,#850,.T.);
#1134=ORIENTED_EDGE('',*,*,#855,.F.);
#1135=ORIENTED_EDGE('',*,*,#848,.F.);
#1136=ORIENTED_EDGE('',*,*,#856,.F.);
#1137=ORIENTED_EDGE('',*,*,#853,.T.);
#1138=ORIENTED_EDGE('',*,*,#857,.F.);
#1139=ORIENTED_EDGE('',*,*,#858,.T.);
#1140=ORIENTED_EDGE('',*,*,#859,.T.);
#1141=ORIENTED_EDGE('',*,*,#860,.F.);
#1142=ORIENTED_EDGE('',*,*,#849,.T.);
#1143=ORIENTED_EDGE('',*,*,#845,.T.);
#1144=ORIENTED_EDGE('',*,*,#855,.T.);
#1145=ORIENTED_EDGE('',*,*,#852,.T.);
#1146=ORIENTED_EDGE('',*,*,#861,.F.);
#1147=ORIENTED_EDGE('',*,*,#860,.T.);
#1148=ORIENTED_EDGE('',*,*,#862,.T.);
#1149=ORIENTED_EDGE('',*,*,#863,.T.);
#1150=ORIENTED_EDGE('',*,*,#864,.F.);
#1151=ORIENTED_EDGE('',*,*,#865,.F.);
#1152=ORIENTED_EDGE('',*,*,#866,.T.);
#1153=ORIENTED_EDGE('',*,*,#867,.T.);
#1154=ORIENTED_EDGE('',*,*,#868,.F.);
#1155=ORIENTED_EDGE('',*,*,#869,.F.);
#1156=ORIENTED_EDGE('',*,*,#868,.T.);
#1157=ORIENTED_EDGE('',*,*,#870,.T.);
#1158=ORIENTED_EDGE('',*,*,#871,.T.);
#1159=ORIENTED_EDGE('',*,*,#872,.F.);
#1160=ORIENTED_EDGE('',*,*,#873,.F.);
#1161=ORIENTED_EDGE('',*,*,#874,.T.);
#1162=ORIENTED_EDGE('',*,*,#875,.T.);
#1163=ORIENTED_EDGE('',*,*,#876,.F.);
#1164=ORIENTED_EDGE('',*,*,#877,.F.);
#1165=ORIENTED_EDGE('',*,*,#876,.T.);
#1166=ORIENTED_EDGE('',*,*,#878,.T.);
#1167=ORIENTED_EDGE('',*,*,#879,.T.);
#1168=ORIENTED_EDGE('',*,*,#880,.F.);
#1169=ORIENTED_EDGE('',*,*,#881,.F.);
#1170=ORIENTED_EDGE('',*,*,#882,.F.);
#1171=ORIENTED_EDGE('',*,*,#883,.F.);
#1172=ORIENTED_EDGE('',*,*,#884,.T.);
#1173=ORIENTED_EDGE('',*,*,#885,.T.);
#1174=ORIENTED_EDGE('',*,*,#886,.F.);
#1175=ORIENTED_EDGE('',*,*,#885,.F.);
#1176=ORIENTED_EDGE('',*,*,#887,.T.);
#1177=ORIENTED_EDGE('',*,*,#866,.F.);
#1178=ORIENTED_EDGE('',*,*,#886,.T.);
#1179=ORIENTED_EDGE('',*,*,#865,.T.);
#1180=ORIENTED_EDGE('',*,*,#888,.F.);
#1181=ORIENTED_EDGE('',*,*,#881,.T.);
#1182=ORIENTED_EDGE('',*,*,#889,.F.);
#1183=ORIENTED_EDGE('',*,*,#890,.T.);
#1184=ORIENTED_EDGE('',*,*,#872,.T.);
#1185=ORIENTED_EDGE('',*,*,#891,.T.);
#1186=ORIENTED_EDGE('',*,*,#892,.F.);
#1187=ORIENTED_EDGE('',*,*,#893,.F.);
#1188=ORIENTED_EDGE('',*,*,#894,.F.);
#1189=ORIENTED_EDGE('',*,*,#895,.T.);
#1190=ORIENTED_EDGE('',*,*,#896,.T.);
#1191=ORIENTED_EDGE('',*,*,#897,.F.);
#1192=ORIENTED_EDGE('',*,*,#896,.F.);
#1193=ORIENTED_EDGE('',*,*,#898,.F.);
#1194=ORIENTED_EDGE('',*,*,#874,.F.);
#1195=ORIENTED_EDGE('',*,*,#897,.T.);
#1196=ORIENTED_EDGE('',*,*,#873,.T.);
#1197=ORIENTED_EDGE('',*,*,#899,.F.);
#1198=ORIENTED_EDGE('',*,*,#892,.T.);
#1199=ORIENTED_EDGE('',*,*,#900,.F.);
#1200=ORIENTED_EDGE('',*,*,#901,.T.);
#1201=ORIENTED_EDGE('',*,*,#880,.T.);
#1202=ORIENTED_EDGE('',*,*,#902,.T.);
#1203=ORIENTED_EDGE('',*,*,#903,.F.);
#1204=ORIENTED_EDGE('',*,*,#904,.F.);
#1205=ORIENTED_EDGE('',*,*,#905,.T.);
#1206=ORIENTED_EDGE('',*,*,#906,.T.);
#1207=ORIENTED_EDGE('',*,*,#894,.T.);
#1208=ORIENTED_EDGE('',*,*,#907,.F.);
#1209=ORIENTED_EDGE('',*,*,#908,.F.);
#1210=ORIENTED_EDGE('',*,*,#907,.T.);
#1211=ORIENTED_EDGE('',*,*,#893,.T.);
#1212=ORIENTED_EDGE('',*,*,#899,.T.);
#1213=ORIENTED_EDGE('',*,*,#877,.T.);
#1214=ORIENTED_EDGE('',*,*,#901,.F.);
#1215=ORIENTED_EDGE('',*,*,#900,.T.);
#1216=ORIENTED_EDGE('',*,*,#909,.F.);
#1217=ORIENTED_EDGE('',*,*,#903,.T.);
#1218=ORIENTED_EDGE('',*,*,#908,.T.);
#1219=ORIENTED_EDGE('',*,*,#909,.T.);
#1220=ORIENTED_EDGE('',*,*,#910,.F.);
#1221=ORIENTED_EDGE('',*,*,#904,.T.);
#1222=ORIENTED_EDGE('',*,*,#911,.F.);
#1223=ORIENTED_EDGE('',*,*,#912,.F.);
#1224=ORIENTED_EDGE('',*,*,#913,.T.);
#1225=ORIENTED_EDGE('',*,*,#914,.T.);
#1226=ORIENTED_EDGE('',*,*,#883,.T.);
#1227=ORIENTED_EDGE('',*,*,#915,.F.);
#1228=ORIENTED_EDGE('',*,*,#916,.F.);
#1229=ORIENTED_EDGE('',*,*,#915,.T.);
#1230=ORIENTED_EDGE('',*,*,#882,.T.);
#1231=ORIENTED_EDGE('',*,*,#888,.T.);
#1232=ORIENTED_EDGE('',*,*,#869,.T.);
#1233=ORIENTED_EDGE('',*,*,#890,.F.);
#1234=ORIENTED_EDGE('',*,*,#889,.T.);
#1235=ORIENTED_EDGE('',*,*,#917,.F.);
#1236=ORIENTED_EDGE('',*,*,#911,.T.);
#1237=ORIENTED_EDGE('',*,*,#916,.T.);
#1238=ORIENTED_EDGE('',*,*,#917,.T.);
#1239=ORIENTED_EDGE('',*,*,#918,.F.);
#1240=ORIENTED_EDGE('',*,*,#912,.T.);
#1241=ORIENTED_EDGE('',*,*,#919,.F.);
#1242=ORIENTED_EDGE('',*,*,#920,.F.);
#1243=ORIENTED_EDGE('',*,*,#921,.F.);
#1244=ORIENTED_EDGE('',*,*,#922,.T.);
#1245=ORIENTED_EDGE('',*,*,#923,.T.);
#1246=ORIENTED_EDGE('',*,*,#851,.T.);
#1247=ORIENTED_EDGE('',*,*,#854,.T.);
#1248=ORIENTED_EDGE('',*,*,#856,.T.);
#1249=ORIENTED_EDGE('',*,*,#847,.T.);
#1250=ORIENTED_EDGE('',*,*,#924,.F.);
#1251=ORIENTED_EDGE('',*,*,#923,.F.);
#1252=ORIENTED_EDGE('',*,*,#925,.F.);
#1253=ORIENTED_EDGE('',*,*,#858,.F.);
#1254=ORIENTED_EDGE('',*,*,#924,.T.);
#1255=ORIENTED_EDGE('',*,*,#857,.T.);
#1256=ORIENTED_EDGE('',*,*,#926,.F.);
#1257=ORIENTED_EDGE('',*,*,#919,.T.);
#1258=ORIENTED_EDGE('',*,*,#927,.F.);
#1259=ORIENTED_EDGE('',*,*,#928,.T.);
#1260=ORIENTED_EDGE('',*,*,#864,.T.);
#1261=ORIENTED_EDGE('',*,*,#929,.T.);
#1262=ORIENTED_EDGE('',*,*,#930,.F.);
#1263=ORIENTED_EDGE('',*,*,#931,.F.);
#1264=ORIENTED_EDGE('',*,*,#932,.T.);
#1265=ORIENTED_EDGE('',*,*,#933,.T.);
#1266=ORIENTED_EDGE('',*,*,#921,.T.);
#1267=ORIENTED_EDGE('',*,*,#934,.F.);
#1268=ORIENTED_EDGE('',*,*,#935,.F.);
#1269=ORIENTED_EDGE('',*,*,#934,.T.);
#1270=ORIENTED_EDGE('',*,*,#920,.T.);
#1271=ORIENTED_EDGE('',*,*,#926,.T.);
#1272=ORIENTED_EDGE('',*,*,#861,.T.);
#1273=ORIENTED_EDGE('',*,*,#928,.F.);
#1274=ORIENTED_EDGE('',*,*,#927,.T.);
#1275=ORIENTED_EDGE('',*,*,#936,.F.);
#1276=ORIENTED_EDGE('',*,*,#930,.T.);
#1277=ORIENTED_EDGE('',*,*,#935,.T.);
#1278=ORIENTED_EDGE('',*,*,#936,.T.);
#1279=ORIENTED_EDGE('',*,*,#937,.F.);
#1280=ORIENTED_EDGE('',*,*,#931,.T.);
#1281=ORIENTED_EDGE('',*,*,#938,.F.);
#1282=ORIENTED_EDGE('',*,*,#939,.T.);
#1283=ORIENTED_EDGE('',*,*,#940,.F.);
#1284=ORIENTED_EDGE('',*,*,#941,.F.);
#1285=ORIENTED_EDGE('',*,*,#942,.T.);
#1286=ORIENTED_EDGE('',*,*,#943,.T.);
#1287=ORIENTED_EDGE('',*,*,#944,.F.);
#1288=ORIENTED_EDGE('',*,*,#945,.F.);
#1289=ORIENTED_EDGE('',*,*,#946,.F.);
#1290=ORIENTED_EDGE('',*,*,#941,.T.);
#1291=ORIENTED_EDGE('',*,*,#947,.F.);
#1292=ORIENTED_EDGE('',*,*,#948,.F.);
#1293=ORIENTED_EDGE('',*,*,#949,.F.);
#1294=ORIENTED_EDGE('',*,*,#939,.F.);
#1295=ORIENTED_EDGE('',*,*,#950,.T.);
#1296=ORIENTED_EDGE('',*,*,#951,.F.);
#1297=ORIENTED_EDGE('',*,*,#952,.T.);
#1298=ORIENTED_EDGE('',*,*,#953,.F.);
#1299=ORIENTED_EDGE('',*,*,#954,.T.);
#1300=ORIENTED_EDGE('',*,*,#831,.F.);
#1301=ORIENTED_EDGE('',*,*,#950,.F.);
#1302=ORIENTED_EDGE('',*,*,#938,.T.);
#1303=ORIENTED_EDGE('',*,*,#946,.T.);
#1304=ORIENTED_EDGE('',*,*,#955,.F.);
#1305=ORIENTED_EDGE('',*,*,#956,.F.);
#1306=ORIENTED_EDGE('',*,*,#942,.F.);
#1307=ORIENTED_EDGE('',*,*,#957,.F.);
#1308=ORIENTED_EDGE('',*,*,#958,.T.);
#1309=ORIENTED_EDGE('',*,*,#862,.F.);
#1310=ORIENTED_EDGE('',*,*,#859,.F.);
#1311=ORIENTED_EDGE('',*,*,#925,.T.);
#1312=ORIENTED_EDGE('',*,*,#922,.F.);
#1313=ORIENTED_EDGE('',*,*,#933,.F.);
#1314=ORIENTED_EDGE('',*,*,#959,.T.);
#1315=ORIENTED_EDGE('',*,*,#870,.F.);
#1316=ORIENTED_EDGE('',*,*,#867,.F.);
#1317=ORIENTED_EDGE('',*,*,#887,.F.);
#1318=ORIENTED_EDGE('',*,*,#884,.F.);
#1319=ORIENTED_EDGE('',*,*,#914,.F.);
#1320=ORIENTED_EDGE('',*,*,#960,.T.);
#1321=ORIENTED_EDGE('',*,*,#961,.F.);
#1322=ORIENTED_EDGE('',*,*,#953,.T.);
#1323=ORIENTED_EDGE('',*,*,#962,.F.);
#1324=ORIENTED_EDGE('',*,*,#963,.T.);
#1325=ORIENTED_EDGE('',*,*,#878,.F.);
#1326=ORIENTED_EDGE('',*,*,#875,.F.);
#1327=ORIENTED_EDGE('',*,*,#898,.T.);
#1328=ORIENTED_EDGE('',*,*,#895,.F.);
#1329=ORIENTED_EDGE('',*,*,#906,.F.);
#1330=ORIENTED_EDGE('',*,*,#964,.T.);
#1331=ORIENTED_EDGE('',*,*,#843,.F.);
#1332=ORIENTED_EDGE('',*,*,#965,.T.);
#1333=ORIENTED_EDGE('',*,*,#966,.T.);
#1334=ORIENTED_EDGE('',*,*,#944,.T.);
#1335=ORIENTED_EDGE('',*,*,#967,.T.);
#1336=ORIENTED_EDGE('',*,*,#968,.F.);
#1337=ORIENTED_EDGE('',*,*,#947,.T.);
#1338=ORIENTED_EDGE('',*,*,#940,.T.);
#1339=ORIENTED_EDGE('',*,*,#949,.T.);
#1340=ORIENTED_EDGE('',*,*,#954,.F.);
#1341=ORIENTED_EDGE('',*,*,#961,.T.);
#1342=ORIENTED_EDGE('',*,*,#969,.T.);
#1343=ORIENTED_EDGE('',*,*,#967,.F.);
#1344=ORIENTED_EDGE('',*,*,#943,.F.);
#1345=ORIENTED_EDGE('',*,*,#956,.T.);
#1346=ORIENTED_EDGE('',*,*,#970,.F.);
#1347=ORIENTED_EDGE('',*,*,#818,.F.);
#1348=ORIENTED_EDGE('',*,*,#805,.T.);
#1349=ORIENTED_EDGE('',*,*,#793,.T.);
#1350=ORIENTED_EDGE('',*,*,#827,.F.);
#1351=ORIENTED_EDGE('',*,*,#970,.T.);
#1352=ORIENTED_EDGE('',*,*,#955,.T.);
#1353=ORIENTED_EDGE('',*,*,#948,.T.);
#1354=ORIENTED_EDGE('',*,*,#968,.T.);
#1355=ORIENTED_EDGE('',*,*,#969,.F.);
#1356=ORIENTED_EDGE('',*,*,#960,.F.);
#1357=ORIENTED_EDGE('',*,*,#913,.F.);
#1358=ORIENTED_EDGE('',*,*,#918,.T.);
#1359=ORIENTED_EDGE('',*,*,#891,.F.);
#1360=ORIENTED_EDGE('',*,*,#871,.F.);
#1361=ORIENTED_EDGE('',*,*,#959,.F.);
#1362=ORIENTED_EDGE('',*,*,#932,.F.);
#1363=ORIENTED_EDGE('',*,*,#937,.T.);
#1364=ORIENTED_EDGE('',*,*,#929,.F.);
#1365=ORIENTED_EDGE('',*,*,#863,.F.);
#1366=ORIENTED_EDGE('',*,*,#964,.F.);
#1367=ORIENTED_EDGE('',*,*,#905,.F.);
#1368=ORIENTED_EDGE('',*,*,#910,.T.);
#1369=ORIENTED_EDGE('',*,*,#902,.F.);
#1370=ORIENTED_EDGE('',*,*,#879,.F.);
#1371=ORIENTED_EDGE('',*,*,#963,.F.);
#1372=ORIENTED_EDGE('',*,*,#971,.T.);
#1373=ORIENTED_EDGE('',*,*,#965,.F.);
#1374=ORIENTED_EDGE('',*,*,#951,.T.);
#1375=ORIENTED_EDGE('',*,*,#958,.F.);
#1376=ORIENTED_EDGE('',*,*,#972,.T.);
#1377=ORIENTED_EDGE('',*,*,#820,.T.);
#1378=ORIENTED_EDGE('',*,*,#973,.T.);
#1379=ORIENTED_EDGE('',*,*,#813,.T.);
#1380=ORIENTED_EDGE('',*,*,#810,.T.);
#1381=ORIENTED_EDGE('',*,*,#826,.F.);
#1382=ORIENTED_EDGE('',*,*,#841,.F.);
#1383=ORIENTED_EDGE('',*,*,#835,.F.);
#1384=ORIENTED_EDGE('',*,*,#839,.F.);
#1385=ORIENTED_EDGE('',*,*,#832,.F.);
#1386=ORIENTED_EDGE('',*,*,#822,.T.);
#1387=ORIENTED_EDGE('',*,*,#814,.T.);
#1388=ORIENTED_EDGE('',*,*,#973,.F.);
#1389=ORIENTED_EDGE('',*,*,#819,.T.);
#1390=ORIENTED_EDGE('',*,*,#972,.F.);
#1391=ORIENTED_EDGE('',*,*,#957,.T.);
#1392=ORIENTED_EDGE('',*,*,#945,.T.);
#1393=ORIENTED_EDGE('',*,*,#966,.F.);
#1394=ORIENTED_EDGE('',*,*,#971,.F.);
#1395=ORIENTED_EDGE('',*,*,#962,.T.);
#1396=ORIENTED_EDGE('',*,*,#952,.F.);
#1397=ORIENTED_EDGE('',*,*,#830,.F.);
#1398=ORIENTED_EDGE('',*,*,#799,.T.);
#1399=ORIENTED_EDGE('',*,*,#807,.T.);
#1400=ORIENTED_EDGE('',*,*,#821,.F.);
#1401=ORIENTED_EDGE('',*,*,#974,.T.);
#1402=ORIENTED_EDGE('',*,*,#975,.T.);
#1403=ORIENTED_EDGE('',*,*,#976,.F.);
#1404=ORIENTED_EDGE('',*,*,#977,.F.);
#1405=ORIENTED_EDGE('',*,*,#978,.T.);
#1406=ORIENTED_EDGE('',*,*,#979,.T.);
#1407=ORIENTED_EDGE('',*,*,#980,.T.);
#1408=ORIENTED_EDGE('',*,*,#981,.F.);
#1409=ORIENTED_EDGE('',*,*,#982,.F.);
#1410=ORIENTED_EDGE('',*,*,#983,.F.);
#1411=ORIENTED_EDGE('',*,*,#984,.F.);
#1412=ORIENTED_EDGE('',*,*,#975,.F.);
#1413=ORIENTED_EDGE('',*,*,#985,.T.);
#1414=ORIENTED_EDGE('',*,*,#986,.T.);
#1415=ORIENTED_EDGE('',*,*,#987,.T.);
#1416=ORIENTED_EDGE('',*,*,#988,.T.);
#1417=ORIENTED_EDGE('',*,*,#989,.F.);
#1418=ORIENTED_EDGE('',*,*,#990,.F.);
#1419=ORIENTED_EDGE('',*,*,#979,.F.);
#1420=ORIENTED_EDGE('',*,*,#991,.T.);
#1421=ORIENTED_EDGE('',*,*,#992,.F.);
#1422=ORIENTED_EDGE('',*,*,#993,.F.);
#1423=ORIENTED_EDGE('',*,*,#980,.F.);
#1424=ORIENTED_EDGE('',*,*,#990,.T.);
#1425=ORIENTED_EDGE('',*,*,#994,.F.);
#1426=ORIENTED_EDGE('',*,*,#995,.T.);
#1427=ORIENTED_EDGE('',*,*,#985,.F.);
#1428=ORIENTED_EDGE('',*,*,#996,.T.);
#1429=ORIENTED_EDGE('',*,*,#997,.F.);
#1430=ORIENTED_EDGE('',*,*,#996,.F.);
#1431=ORIENTED_EDGE('',*,*,#988,.F.);
#1432=ORIENTED_EDGE('',*,*,#998,.F.);
#1433=ORIENTED_EDGE('',*,*,#999,.F.);
#1434=ORIENTED_EDGE('',*,*,#1000,.T.);
#1435=ORIENTED_EDGE('',*,*,#1001,.F.);
#1436=ORIENTED_EDGE('',*,*,#986,.F.);
#1437=ORIENTED_EDGE('',*,*,#995,.F.);
#1438=ORIENTED_EDGE('',*,*,#1002,.F.);
#1439=ORIENTED_EDGE('',*,*,#991,.F.);
#1440=ORIENTED_EDGE('',*,*,#978,.F.);
#1441=ORIENTED_EDGE('',*,*,#974,.F.);
#1442=ORIENTED_EDGE('',*,*,#989,.T.);
#1443=ORIENTED_EDGE('',*,*,#1002,.T.);
#1444=ORIENTED_EDGE('',*,*,#994,.T.);
#1445=ORIENTED_EDGE('',*,*,#997,.T.);
#1446=ORIENTED_EDGE('',*,*,#1003,.T.);
#1447=ORIENTED_EDGE('',*,*,#1004,.F.);
#1448=ORIENTED_EDGE('',*,*,#1005,.F.);
#1449=ORIENTED_EDGE('',*,*,#992,.T.);
#1450=ORIENTED_EDGE('',*,*,#1006,.F.);
#1451=ORIENTED_EDGE('',*,*,#1004,.T.);
#1452=ORIENTED_EDGE('',*,*,#1007,.T.);
#1453=ORIENTED_EDGE('',*,*,#1008,.F.);
#1454=ORIENTED_EDGE('',*,*,#1009,.F.);
#1455=ORIENTED_EDGE('',*,*,#1007,.F.);
#1456=ORIENTED_EDGE('',*,*,#1003,.F.);
#1457=ORIENTED_EDGE('',*,*,#998,.T.);
#1458=ORIENTED_EDGE('',*,*,#987,.F.);
#1459=ORIENTED_EDGE('',*,*,#1001,.T.);
#1460=ORIENTED_EDGE('',*,*,#1000,.F.);
#1461=ORIENTED_EDGE('',*,*,#1008,.T.);
#1462=ORIENTED_EDGE('',*,*,#1009,.T.);
#1463=ORIENTED_EDGE('',*,*,#999,.T.);
#1464=ORIENTED_EDGE('',*,*,#977,.T.);
#1465=ORIENTED_EDGE('',*,*,#1010,.T.);
#1466=ORIENTED_EDGE('',*,*,#1011,.T.);
#1467=ORIENTED_EDGE('',*,*,#1012,.T.);
#1468=ORIENTED_EDGE('',*,*,#1013,.T.);
#1469=ORIENTED_EDGE('',*,*,#993,.T.);
#1470=ORIENTED_EDGE('',*,*,#1005,.T.);
#1471=ORIENTED_EDGE('',*,*,#1006,.T.);
#1472=ORIENTED_EDGE('',*,*,#1013,.F.);
#1473=ORIENTED_EDGE('',*,*,#1014,.F.);
#1474=ORIENTED_EDGE('',*,*,#981,.T.);
#1475=ORIENTED_EDGE('',*,*,#1015,.F.);
#1476=ORIENTED_EDGE('',*,*,#983,.T.);
#1477=ORIENTED_EDGE('',*,*,#1016,.F.);
#1478=ORIENTED_EDGE('',*,*,#1017,.F.);
#1479=ORIENTED_EDGE('',*,*,#1016,.T.);
#1480=ORIENTED_EDGE('',*,*,#982,.T.);
#1481=ORIENTED_EDGE('',*,*,#1014,.T.);
#1482=ORIENTED_EDGE('',*,*,#1012,.F.);
#1483=ORIENTED_EDGE('',*,*,#1018,.F.);
#1484=ORIENTED_EDGE('',*,*,#1019,.T.);
#1485=ORIENTED_EDGE('',*,*,#1019,.F.);
#1486=ORIENTED_EDGE('',*,*,#1020,.F.);
#1487=ORIENTED_EDGE('',*,*,#1021,.F.);
#1488=ORIENTED_EDGE('',*,*,#1017,.T.);
#1489=ORIENTED_EDGE('',*,*,#1015,.T.);
#1490=ORIENTED_EDGE('',*,*,#1021,.T.);
#1491=ORIENTED_EDGE('',*,*,#1022,.F.);
#1492=ORIENTED_EDGE('',*,*,#1010,.F.);
#1493=ORIENTED_EDGE('',*,*,#976,.T.);
#1494=ORIENTED_EDGE('',*,*,#984,.T.);
#1495=ORIENTED_EDGE('',*,*,#1022,.T.);
#1496=ORIENTED_EDGE('',*,*,#1020,.T.);
#1497=ORIENTED_EDGE('',*,*,#1018,.T.);
#1498=ORIENTED_EDGE('',*,*,#1023,.T.);
#1499=ORIENTED_EDGE('',*,*,#1024,.T.);
#1500=ORIENTED_EDGE('',*,*,#1025,.T.);
#1501=ORIENTED_EDGE('',*,*,#1026,.F.);
#1502=ORIENTED_EDGE('',*,*,#1026,.T.);
#1503=ORIENTED_EDGE('',*,*,#1011,.F.);
#1504=ORIENTED_EDGE('',*,*,#1023,.F.);
#1505=ORIENTED_EDGE('',*,*,#1027,.F.);
#1506=ORIENTED_EDGE('',*,*,#1028,.T.);
#1507=ORIENTED_EDGE('',*,*,#1025,.F.);
#1508=ORIENTED_EDGE('',*,*,#1028,.F.);
#1509=ORIENTED_EDGE('',*,*,#1029,.F.);
#1510=ORIENTED_EDGE('',*,*,#1027,.T.);
#1511=ORIENTED_EDGE('',*,*,#1024,.F.);
#1512=ORIENTED_EDGE('',*,*,#1030,.T.);
#1513=ORIENTED_EDGE('',*,*,#1029,.T.);
#1514=ORIENTED_EDGE('',*,*,#1030,.F.);
#1515=ORIENTED_EDGE('',*,*,#1031,.T.);
#1516=ORIENTED_EDGE('',*,*,#1032,.F.);
#1517=ORIENTED_EDGE('',*,*,#1031,.F.);
#1518=ORIENTED_EDGE('',*,*,#1033,.T.);
#1519=ORIENTED_EDGE('',*,*,#1032,.T.);
#1520=ORIENTED_EDGE('',*,*,#1033,.F.);
#1521=ORIENTED_EDGE('',*,*,#1034,.F.);
#1522=ORIENTED_EDGE('',*,*,#1035,.T.);
#1523=ORIENTED_EDGE('',*,*,#1036,.T.);
#1524=ORIENTED_EDGE('',*,*,#1035,.F.);
#1525=ORIENTED_EDGE('',*,*,#1034,.T.);
#1526=ORIENTED_EDGE('',*,*,#1036,.F.);
#1527=PLANE('',#1684);
#1528=PLANE('',#1687);
#1529=PLANE('',#1695);
#1530=PLANE('',#1696);
#1531=PLANE('',#1701);
#1532=PLANE('',#1704);
#1533=PLANE('',#1705);
#1534=PLANE('',#1708);
#1535=PLANE('',#1711);
#1536=PLANE('',#1714);
#1537=PLANE('',#1717);
#1538=PLANE('',#1718);
#1539=PLANE('',#1721);
#1540=PLANE('',#1722);
#1541=PLANE('',#1723);
#1542=PLANE('',#1724);
#1543=PLANE('',#1725);
#1544=PLANE('',#1730);
#1545=PLANE('',#1735);
#1546=PLANE('',#1740);
#1547=PLANE('',#1741);
#1548=PLANE('',#1746);
#1549=PLANE('',#1747);
#1550=PLANE('',#1760);
#1551=PLANE('',#1761);
#1552=PLANE('',#1776);
#1553=PLANE('',#1777);
#1554=PLANE('',#1778);
#1555=PLANE('',#1779);
#1556=PLANE('',#1782);
#1557=PLANE('',#1787);
#1558=PLANE('',#1790);
#1559=PLANE('',#1792);
#1560=PLANE('',#1793);
#1561=PLANE('',#1802);
#1562=PLANE('',#1804);
#1563=PLANE('',#1805);
#1564=PLANE('',#1807);
#1565=PLANE('',#1808);
#1566=PLANE('',#1812);
#1567=PLANE('',#1813);
#1568=PLANE('',#1818);
#1569=PLANE('',#1821);
#1570=PLANE('',#1824);
#1571=PLANE('',#1825);
#1572=PLANE('',#1828);
#1573=PLANE('',#1832);
#1574=PLANE('',#1835);
#1575=PLANE('',#1837);
#1576=PLANE('',#1843);
#1577=PLANE('',#1844);
#1578=ADVANCED_FACE('',(#96),#1527,.F.);
#1579=ADVANCED_FACE('',(#97),#1528,.F.);
#1580=ADVANCED_FACE('',(#98),#94,.F.);
#1581=ADVANCED_FACE('',(#99),#71,.F.);
#1582=ADVANCED_FACE('',(#100),#1529,.F.);
#1583=ADVANCED_FACE('',(#101),#1530,.T.);
#1584=ADVANCED_FACE('',(#102),#72,.F.);
#1585=ADVANCED_FACE('',(#103),#1531,.F.);
#1586=ADVANCED_FACE('',(#104),#1532,.F.);
#1587=ADVANCED_FACE('',(#105),#1533,.F.);
#1588=ADVANCED_FACE('',(#106),#1534,.F.);
#1589=ADVANCED_FACE('',(#107),#1535,.F.);
#1590=ADVANCED_FACE('',(#108),#1536,.T.);
#1591=ADVANCED_FACE('',(#109),#1537,.T.);
#1592=ADVANCED_FACE('',(#110),#1538,.T.);
#1593=ADVANCED_FACE('',(#111),#73,.F.);
#1594=ADVANCED_FACE('',(#112),#1539,.F.);
#1595=ADVANCED_FACE('',(#113),#1540,.F.);
#1596=ADVANCED_FACE('',(#114),#1541,.F.);
#1597=ADVANCED_FACE('',(#115),#1542,.F.);
#1598=ADVANCED_FACE('',(#116,#65),#1543,.T.);
#1599=ADVANCED_FACE('',(#117),#74,.F.);
#1600=ADVANCED_FACE('',(#118),#1544,.T.);
#1601=ADVANCED_FACE('',(#119),#75,.F.);
#1602=ADVANCED_FACE('',(#120),#1545,.T.);
#1603=ADVANCED_FACE('',(#121),#76,.F.);
#1604=ADVANCED_FACE('',(#122),#1546,.T.);
#1605=ADVANCED_FACE('',(#123),#1547,.T.);
#1606=ADVANCED_FACE('',(#124),#77,.T.);
#1607=ADVANCED_FACE('',(#125),#23,.F.);
#1608=ADVANCED_FACE('',(#126),#1548,.T.);
#1609=ADVANCED_FACE('',(#127),#1549,.T.);
#1610=ADVANCED_FACE('',(#128),#78,.T.);
#1611=ADVANCED_FACE('',(#129),#24,.F.);
#1612=ADVANCED_FACE('',(#130),#79,.F.);
#1613=ADVANCED_FACE('',(#131),#25,.F.);
#1614=ADVANCED_FACE('',(#132),#26,.F.);
#1615=ADVANCED_FACE('',(#133),#27,.F.);
#1616=ADVANCED_FACE('',(#134),#80,.F.);
#1617=ADVANCED_FACE('',(#135),#28,.F.);
#1618=ADVANCED_FACE('',(#136),#29,.F.);
#1619=ADVANCED_FACE('',(#137),#30,.F.);
#1620=ADVANCED_FACE('',(#138,#66),#1550,.T.);
#1621=ADVANCED_FACE('',(#139),#1551,.T.);
#1622=ADVANCED_FACE('',(#140),#81,.T.);
#1623=ADVANCED_FACE('',(#141),#31,.F.);
#1624=ADVANCED_FACE('',(#142),#82,.F.);
#1625=ADVANCED_FACE('',(#143),#32,.F.);
#1626=ADVANCED_FACE('',(#144),#33,.F.);
#1627=ADVANCED_FACE('',(#145),#34,.F.);
#1628=ADVANCED_FACE('',(#146),#83,.T.);
#1629=ADVANCED_FACE('',(#147),#84,.F.);
#1630=ADVANCED_FACE('',(#148),#1552,.T.);
#1631=ADVANCED_FACE('',(#149),#1553,.T.);
#1632=ADVANCED_FACE('',(#150),#1554,.F.);
#1633=ADVANCED_FACE('',(#151),#1555,.T.);
#1634=ADVANCED_FACE('',(#152,#67),#1556,.T.);
#1635=ADVANCED_FACE('',(#153),#1557,.F.);
#1636=ADVANCED_FACE('',(#154),#1558,.T.);
#1637=ADVANCED_FACE('',(#155),#85,.T.);
#1638=ADVANCED_FACE('',(#156),#1559,.T.);
#1639=ADVANCED_FACE('',(#157),#1560,.F.);
#1640=ADVANCED_FACE('',(#158,#68),#86,.F.);
#1641=ADVANCED_FACE('',(#159),#1561,.F.);
#1642=ADVANCED_FACE('',(#160),#1562,.T.);
#1643=ADVANCED_FACE('',(#161),#1563,.F.);
#1644=ADVANCED_FACE('',(#162),#1564,.T.);
#1645=ADVANCED_FACE('',(#163),#1565,.F.);
#1646=ADVANCED_FACE('',(#164),#87,.T.);
#1647=ADVANCED_FACE('',(#165),#1566,.F.);
#1648=ADVANCED_FACE('',(#166),#1567,.F.);
#1649=ADVANCED_FACE('',(#167),#88,.T.);
#1650=ADVANCED_FACE('',(#168),#1568,.F.);
#1651=ADVANCED_FACE('',(#169),#95,.F.);
#1652=ADVANCED_FACE('',(#170),#1569,.F.);
#1653=ADVANCED_FACE('',(#171),#89,.F.);
#1654=ADVANCED_FACE('',(#172),#1570,.F.);
#1655=ADVANCED_FACE('',(#173,#69),#1571,.T.);
#1656=ADVANCED_FACE('',(#174),#1572,.T.);
#1657=ADVANCED_FACE('',(#175),#14,.T.);
#1658=ADVANCED_FACE('',(#176),#90,.F.);
#1659=ADVANCED_FACE('',(#177,#70),#1573,.T.);
#1660=ADVANCED_FACE('',(#178),#91,.T.);
#1661=ADVANCED_FACE('',(#179),#1574,.T.);
#1662=ADVANCED_FACE('',(#180),#1575,.T.);
#1663=ADVANCED_FACE('',(#181),#92,.T.);
#1664=ADVANCED_FACE('',(#182),#93,.T.);
#1665=ADVANCED_FACE('',(#183),#1576,.T.);
#1666=ADVANCED_FACE('',(#184),#1577,.F.);
#1667=CLOSED_SHELL('',(#1578,#1579,#1580,#1581,#1582,#1583,#1584,#1585,
#1586,#1587,#1588,#1589,#1590,#1591,#1592,#1593,#1594,#1595,#1596,#1597,
#1598,#1599,#1600,#1601,#1602,#1603,#1604,#1605,#1606,#1607,#1608,#1609,
#1610,#1611,#1612,#1613,#1614,#1615,#1616,#1617,#1618,#1619,#1620,#1621,
#1622,#1623,#1624,#1625,#1626,#1627,#1628,#1629,#1630,#1631,#1632,#1633,
#1634,#1635,#1636,#1637,#1638));
#1668=CLOSED_SHELL('',(#1639,#1640,#1641,#1642,#1643,#1644,#1645,#1646,
#1647,#1648,#1649,#1650,#1651,#1652,#1653,#1654,#1655,#1656,#1657,#1658,
#1659,#1660));
#1669=CLOSED_SHELL('',(#1661,#1662,#1663));
#1670=CLOSED_SHELL('',(#1664,#1665,#1666));
#1671=DERIVED_UNIT_ELEMENT(#1673,1.);
#1672=DERIVED_UNIT_ELEMENT(#3426,-3.);
#1673=(
MASS_UNIT()
NAMED_UNIT(*)
SI_UNIT(.KILO.,.GRAM.)
);
#1674=DERIVED_UNIT((#1671,#1672));
#1675=MEASURE_REPRESENTATION_ITEM('density measure',
POSITIVE_RATIO_MEASURE(7850.),#1674);
#1676=PROPERTY_DEFINITION_REPRESENTATION(#1681,#1678);
#1677=PROPERTY_DEFINITION_REPRESENTATION(#1682,#1679);
#1678=REPRESENTATION('material name',(#1680),#3423);
#1679=REPRESENTATION('density',(#1675),#3423);
#1680=DESCRIPTIVE_REPRESENTATION_ITEM('\X2\92FC\X0\','\X2\92FC\X0\');
#1681=PROPERTY_DEFINITION('material property','material name',#3433);
#1682=PROPERTY_DEFINITION('material property','density of part',#3433);
#1683=AXIS2_PLACEMENT_3D('',#2307,#1845,#1846);
#1684=AXIS2_PLACEMENT_3D('',#2308,#1847,#1848);
#1685=AXIS2_PLACEMENT_3D('',#2311,#1849,#1850);
#1686=AXIS2_PLACEMENT_3D('',#2315,#1852,#1853);
#1687=AXIS2_PLACEMENT_3D('',#2317,#1855,#1856);
#1688=AXIS2_PLACEMENT_3D('',#2320,#1857,#1858);
#1689=AXIS2_PLACEMENT_3D('',#2324,#1860,#1861);
#1690=AXIS2_PLACEMENT_3D('',#2326,#1863,#1864);
#1691=AXIS2_PLACEMENT_3D('',#2331,#1866,#1867);
#1692=AXIS2_PLACEMENT_3D('',#2334,#1869,#1870);
#1693=AXIS2_PLACEMENT_3D('',#2335,#1871,#1872);
#1694=AXIS2_PLACEMENT_3D('',#2340,#1875,#1876);
#1695=AXIS2_PLACEMENT_3D('',#2343,#1879,#1880);
#1696=AXIS2_PLACEMENT_3D('',#2351,#1885,#1886);
#1697=AXIS2_PLACEMENT_3D('',#2353,#1887,#1888);
#1698=AXIS2_PLACEMENT_3D('',#2355,#1889,#1890);
#1699=AXIS2_PLACEMENT_3D('',#2358,#1892,#1893);
#1700=AXIS2_PLACEMENT_3D('',#2359,#1894,#1895);
#1701=AXIS2_PLACEMENT_3D('',#2361,#1897,#1898);
#1702=AXIS2_PLACEMENT_3D('',#2365,#1900,#1901);
#1703=AXIS2_PLACEMENT_3D('',#2367,#1902,#1903);
#1704=AXIS2_PLACEMENT_3D('',#2369,#1905,#1906);
#1705=AXIS2_PLACEMENT_3D('',#2373,#1909,#1910);
#1706=AXIS2_PLACEMENT_3D('',#2375,#1911,#1912);
#1707=AXIS2_PLACEMENT_3D('',#2378,#1914,#1915);
#1708=AXIS2_PLACEMENT_3D('',#2379,#1916,#1917);
#1709=AXIS2_PLACEMENT_3D('',#2383,#1919,#1920);
#1710=AXIS2_PLACEMENT_3D('',#2384,#1921,#1922);
#1711=AXIS2_PLACEMENT_3D('',#2388,#1925,#1926);
#1712=AXIS2_PLACEMENT_3D('',#2390,#1927,#1928);
#1713=AXIS2_PLACEMENT_3D('',#2393,#1930,#1931);
#1714=AXIS2_PLACEMENT_3D('',#2394,#1932,#1933);
#1715=AXIS2_PLACEMENT_3D('',#2397,#1934,#1935);
#1716=AXIS2_PLACEMENT_3D('',#2401,#1937,#1938);
#1717=AXIS2_PLACEMENT_3D('',#2403,#1940,#1941);
#1718=AXIS2_PLACEMENT_3D('',#2406,#1944,#1945);
#1719=AXIS2_PLACEMENT_3D('',#2409,#1948,#1949);
#1720=AXIS2_PLACEMENT_3D('',#2411,#1950,#1951);
#1721=AXIS2_PLACEMENT_3D('',#2413,#1953,#1954);
#1722=AXIS2_PLACEMENT_3D('',#2422,#1959,#1960);
#1723=AXIS2_PLACEMENT_3D('',#2428,#1964,#1965);
#1724=AXIS2_PLACEMENT_3D('',#2434,#1969,#1970);
#1725=AXIS2_PLACEMENT_3D('',#2437,#1973,#1974);
#1726=AXIS2_PLACEMENT_3D('',#2446,#1979,#1980);
#1727=AXIS2_PLACEMENT_3D('',#2448,#1981,#1982);
#1728=AXIS2_PLACEMENT_3D('',#2450,#1983,#1984);
#1729=AXIS2_PLACEMENT_3D('',#2453,#1986,#1987);
#1730=AXIS2_PLACEMENT_3D('',#2454,#1988,#1989);
#1731=AXIS2_PLACEMENT_3D('',#2463,#1994,#1995);
#1732=AXIS2_PLACEMENT_3D('',#2465,#1996,#1997);
#1733=AXIS2_PLACEMENT_3D('',#2467,#1998,#1999);
#1734=AXIS2_PLACEMENT_3D('',#2470,#2001,#2002);
#1735=AXIS2_PLACEMENT_3D('',#2471,#2003,#2004);
#1736=AXIS2_PLACEMENT_3D('',#2480,#2009,#2010);
#1737=AXIS2_PLACEMENT_3D('',#2482,#2011,#2012);
#1738=AXIS2_PLACEMENT_3D('',#2484,#2013,#2014);
#1739=AXIS2_PLACEMENT_3D('',#2487,#2016,#2017);
#1740=AXIS2_PLACEMENT_3D('',#2488,#2018,#2019);
#1741=AXIS2_PLACEMENT_3D('',#2511,#2024,#2025);
#1742=AXIS2_PLACEMENT_3D('',#2512,#2026,#2027);
#1743=AXIS2_PLACEMENT_3D('',#2514,#2029,#2030);
#1744=AXIS2_PLACEMENT_3D('',#2515,#2031,#2032);
#1745=AXIS2_PLACEMENT_3D('',#2548,#2033,#2034);
#1746=AXIS2_PLACEMENT_3D('',#2561,#2035,#2036);
#1747=AXIS2_PLACEMENT_3D('',#2584,#2041,#2042);
#1748=AXIS2_PLACEMENT_3D('',#2585,#2043,#2044);
#1749=AXIS2_PLACEMENT_3D('',#2587,#2046,#2047);
#1750=AXIS2_PLACEMENT_3D('',#2588,#2048,#2049);
#1751=AXIS2_PLACEMENT_3D('',#2621,#2050,#2051);
#1752=AXIS2_PLACEMENT_3D('',#2634,#2052,#2053);
#1753=AXIS2_PLACEMENT_3D('',#2653,#2055,#2056);
#1754=AXIS2_PLACEMENT_3D('',#2715,#2057,#2058);
#1755=AXIS2_PLACEMENT_3D('',#2756,#2059,#2060);
#1756=AXIS2_PLACEMENT_3D('',#2757,#2061,#2062);
#1757=AXIS2_PLACEMENT_3D('',#2776,#2064,#2065);
#1758=AXIS2_PLACEMENT_3D('',#2838,#2066,#2067);
#1759=AXIS2_PLACEMENT_3D('',#2879,#2068,#2069);
#1760=AXIS2_PLACEMENT_3D('',#2880,#2070,#2071);
#1761=AXIS2_PLACEMENT_3D('',#2903,#2076,#2077);
#1762=AXIS2_PLACEMENT_3D('',#2904,#2078,#2079);
#1763=AXIS2_PLACEMENT_3D('',#2906,#2081,#2082);
#1764=AXIS2_PLACEMENT_3D('',#2907,#2083,#2084);
#1765=AXIS2_PLACEMENT_3D('',#2938,#2085,#2086);
#1766=AXIS2_PLACEMENT_3D('',#2951,#2087,#2088);
#1767=AXIS2_PLACEMENT_3D('',#2970,#2090,#2091);
#1768=AXIS2_PLACEMENT_3D('',#3081,#2092,#2093);
#1769=AXIS2_PLACEMENT_3D('',#3122,#2094,#2095);
#1770=AXIS2_PLACEMENT_3D('',#3123,#2096,#2097);
#1771=AXIS2_PLACEMENT_3D('',#3126,#2098,#2099);
#1772=AXIS2_PLACEMENT_3D('',#3130,#2101,#2102);
#1773=AXIS2_PLACEMENT_3D('',#3132,#2104,#2105);
#1774=AXIS2_PLACEMENT_3D('',#3135,#2106,#2107);
#1775=AXIS2_PLACEMENT_3D('',#3139,#2109,#2110);
#1776=AXIS2_PLACEMENT_3D('',#3141,#2112,#2113);
#1777=AXIS2_PLACEMENT_3D('',#3147,#2117,#2118);
#1778=AXIS2_PLACEMENT_3D('',#3153,#2122,#2123);
#1779=AXIS2_PLACEMENT_3D('',#3159,#2127,#2128);
#1780=AXIS2_PLACEMENT_3D('',#3161,#2129,#2130);
#1781=AXIS2_PLACEMENT_3D('',#3165,#2133,#2134);
#1782=AXIS2_PLACEMENT_3D('',#3166,#2135,#2136);
#1783=AXIS2_PLACEMENT_3D('',#3167,#2137,#2138);
#1784=AXIS2_PLACEMENT_3D('',#3169,#2139,#2140);
#1785=AXIS2_PLACEMENT_3D('',#3173,#2143,#2144);
#1786=AXIS2_PLACEMENT_3D('',#3174,#2145,#2146);
#1787=AXIS2_PLACEMENT_3D('',#3175,#2147,#2148);
#1788=AXIS2_PLACEMENT_3D('',#3177,#2149,#2150);
#1789=AXIS2_PLACEMENT_3D('',#3181,#2153,#2154);
#1790=AXIS2_PLACEMENT_3D('',#3182,#2155,#2156);
#1791=AXIS2_PLACEMENT_3D('',#3185,#2159,#2160);
#1792=AXIS2_PLACEMENT_3D('',#3189,#2164,#2165);
#1793=AXIS2_PLACEMENT_3D('',#3190,#2166,#2167);
#1794=AXIS2_PLACEMENT_3D('',#3195,#2169,#2170);
#1795=AXIS2_PLACEMENT_3D('',#3198,#2172,#2173);
#1796=AXIS2_PLACEMENT_3D('',#3199,#2174,#2175);
#1797=AXIS2_PLACEMENT_3D('',#3203,#2177,#2178);
#1798=AXIS2_PLACEMENT_3D('',#3207,#2180,#2181);
#1799=AXIS2_PLACEMENT_3D('',#3211,#2183,#2184);
#1800=AXIS2_PLACEMENT_3D('',#3215,#2186,#2187);
#1801=AXIS2_PLACEMENT_3D('',#3219,#2189,#2190);
#1802=AXIS2_PLACEMENT_3D('',#3221,#2192,#2193);
#1803=AXIS2_PLACEMENT_3D('',#3224,#2194,#2195);
#1804=AXIS2_PLACEMENT_3D('',#3227,#2198,#2199);
#1805=AXIS2_PLACEMENT_3D('',#3231,#2202,#2203);
#1806=AXIS2_PLACEMENT_3D('',#3234,#2204,#2205);
#1807=AXIS2_PLACEMENT_3D('',#3237,#2208,#2209);
#1808=AXIS2_PLACEMENT_3D('',#3241,#2212,#2213);
#1809=AXIS2_PLACEMENT_3D('',#3248,#2218,#2219);
#1810=AXIS2_PLACEMENT_3D('',#3250,#2220,#2221);
#1811=AXIS2_PLACEMENT_3D('',#3253,#2223,#2224);
#1812=AXIS2_PLACEMENT_3D('',#3254,#2225,#2226);
#1813=AXIS2_PLACEMENT_3D('',#3260,#2230,#2231);
#1814=AXIS2_PLACEMENT_3D('',#3261,#2232,#2233);
#1815=AXIS2_PLACEMENT_3D('',#3262,#2234,#2235);
#1816=AXIS2_PLACEMENT_3D('',#3266,#2237,#2238);
#1817=AXIS2_PLACEMENT_3D('',#3269,#2240,#2241);
#1818=AXIS2_PLACEMENT_3D('',#3270,#2242,#2243);
#1819=AXIS2_PLACEMENT_3D('',#3272,#2245,#2246);
#1820=AXIS2_PLACEMENT_3D('',#3277,#2249,#2250);
#1821=AXIS2_PLACEMENT_3D('',#3278,#2251,#2252);
#1822=AXIS2_PLACEMENT_3D('',#3282,#2255,#2256);
#1823=AXIS2_PLACEMENT_3D('',#3284,#2257,#2258);
#1824=AXIS2_PLACEMENT_3D('',#3286,#2260,#2261);
#1825=AXIS2_PLACEMENT_3D('',#3288,#2263,#2264);
#1826=AXIS2_PLACEMENT_3D('',#3289,#2265,#2266);
#1827=AXIS2_PLACEMENT_3D('',#3291,#2267,#2268);
#1828=AXIS2_PLACEMENT_3D('',#3292,#2269,#2270);
#1829=AXIS2_PLACEMENT_3D('',#3294,#2271,#2272);
#1830=AXIS2_PLACEMENT_3D('',#3396,#2273,#2274);
#1831=AXIS2_PLACEMENT_3D('',#3398,#2275,#2276);
#1832=AXIS2_PLACEMENT_3D('',#3400,#2278,#2279);
#1833=AXIS2_PLACEMENT_3D('',#3402,#2280,#2281);
#1834=AXIS2_PLACEMENT_3D('',#3403,#2282,#2283);
#1835=AXIS2_PLACEMENT_3D('',#3405,#2285,#2286);
#1836=AXIS2_PLACEMENT_3D('',#3407,#2287,#2288);
#1837=AXIS2_PLACEMENT_3D('',#3408,#2289,#2290);
#1838=AXIS2_PLACEMENT_3D('',#3410,#2291,#2292);
#1839=AXIS2_PLACEMENT_3D('',#3411,#2293,#2294);
#1840=AXIS2_PLACEMENT_3D('',#3413,#2296,#2297);
#1841=AXIS2_PLACEMENT_3D('',#3415,#2298,#2299);
#1842=AXIS2_PLACEMENT_3D('',#3418,#2301,#2302);
#1843=AXIS2_PLACEMENT_3D('',#3419,#2303,#2304);
#1844=AXIS2_PLACEMENT_3D('',#3420,#2305,#2306);
#1845=DIRECTION('axis',(0.,0.,1.));
#1846=DIRECTION('refdir',(1.,0.,0.));
#1847=DIRECTION('center_axis',(0.,1.,0.));
#1848=DIRECTION('ref_axis',(0.,0.,1.));
#1849=DIRECTION('center_axis',(0.,-1.,0.));
#1850=DIRECTION('ref_axis',(-2.22044604925031E-16,0.,1.));
#1851=DIRECTION('',(0.,0.,-1.));
#1852=DIRECTION('center_axis',(0.,1.,0.));
#1853=DIRECTION('ref_axis',(1.,0.,0.));
#1854=DIRECTION('',(1.,0.,2.22044604925031E-16));
#1855=DIRECTION('center_axis',(0.,1.,0.));
#1856=DIRECTION('ref_axis',(0.,0.,1.));
#1857=DIRECTION('center_axis',(0.,-1.,0.));
#1858=DIRECTION('ref_axis',(-2.22044604925031E-16,0.,1.));
#1859=DIRECTION('',(1.,0.,2.22044604925031E-16));
#1860=DIRECTION('center_axis',(0.,1.,0.));
#1861=DIRECTION('ref_axis',(1.,0.,0.));
#1862=DIRECTION('',(0.,0.,1.));
#1863=DIRECTION('center_axis',(0.,-1.,0.));
#1864=DIRECTION('ref_axis',(1.,0.,0.));
#1865=DIRECTION('',(0.5,0.866025403784438,1.11022302462516E-16));
#1866=DIRECTION('center_axis',(0.,-1.,0.));
#1867=DIRECTION('ref_axis',(1.,0.,0.));
#1868=DIRECTION('',(0.5,-0.866025403784438,1.11022302462516E-16));
#1869=DIRECTION('center_axis',(0.,-1.,0.));
#1870=DIRECTION('ref_axis',(1.,0.,2.22044604925031E-16));
#1871=DIRECTION('center_axis',(0.,-1.,0.));
#1872=DIRECTION('ref_axis',(1.,0.,0.));
#1873=DIRECTION('',(0.,1.,0.));
#1874=DIRECTION('',(0.,-1.,0.));
#1875=DIRECTION('center_axis',(0.,1.,0.));
#1876=DIRECTION('ref_axis',(1.,0.,0.));
#1877=DIRECTION('',(0.,1.,0.));
#1878=DIRECTION('',(0.,-1.,0.));
#1879=DIRECTION('center_axis',(2.22044604925031E-16,0.,-1.));
#1880=DIRECTION('ref_axis',(-1.,0.,-2.22044604925031E-16));
#1881=DIRECTION('',(-1.,0.,-2.22044604925031E-16));
#1882=DIRECTION('',(0.,-1.,0.));
#1883=DIRECTION('',(-1.,0.,-2.22044604925031E-16));
#1884=DIRECTION('',(0.,-1.,0.));
#1885=DIRECTION('center_axis',(0.,1.,0.));
#1886=DIRECTION('ref_axis',(-1.,0.,-2.22044604925031E-16));
#1887=DIRECTION('center_axis',(0.,-1.,0.));
#1888=DIRECTION('ref_axis',(-2.22044604925031E-16,0.,1.));
#1889=DIRECTION('center_axis',(0.,-1.,0.));
#1890=DIRECTION('ref_axis',(-2.22044604925031E-16,0.,1.));
#1891=DIRECTION('',(1.,0.,2.22044604925031E-16));
#1892=DIRECTION('center_axis',(0.,-1.,0.));
#1893=DIRECTION('ref_axis',(-2.22044604925031E-16,0.,1.));
#1894=DIRECTION('center_axis',(0.,-1.,0.));
#1895=DIRECTION('ref_axis',(1.,0.,2.22044604925031E-16));
#1896=DIRECTION('',(0.,1.,0.));
#1897=DIRECTION('center_axis',(0.,1.,0.));
#1898=DIRECTION('ref_axis',(1.,0.,2.22044604925031E-16));
#1899=DIRECTION('',(2.22044604925031E-16,0.,-1.));
#1900=DIRECTION('center_axis',(0.,1.,0.));
#1901=DIRECTION('ref_axis',(-2.22044604925031E-16,0.,1.));
#1902=DIRECTION('center_axis',(0.,1.,0.));
#1903=DIRECTION('ref_axis',(-2.22044604925031E-16,0.,1.));
#1904=DIRECTION('',(-2.22044604925031E-16,0.,1.));
#1905=DIRECTION('center_axis',(2.22044604925031E-16,0.,-1.));
#1906=DIRECTION('ref_axis',(-1.,0.,-2.22044604925031E-16));
#1907=DIRECTION('',(0.,1.,0.));
#1908=DIRECTION('',(-1.,0.,-2.22044604925031E-16));
#1909=DIRECTION('center_axis',(0.,-1.,0.));
#1910=DIRECTION('ref_axis',(-1.,0.,-2.22044604925031E-16));
#1911=DIRECTION('center_axis',(0.,-1.,0.));
#1912=DIRECTION('ref_axis',(-2.22044604925031E-16,0.,1.));
#1913=DIRECTION('',(-2.22044604925031E-16,0.,1.));
#1914=DIRECTION('center_axis',(0.,1.,0.));
#1915=DIRECTION('ref_axis',(-2.22044604925031E-16,0.,1.));
#1916=DIRECTION('center_axis',(0.,-1.,0.));
#1917=DIRECTION('ref_axis',(-1.,0.,-2.22044604925031E-16));
#1918=DIRECTION('',(0.,0.,1.));
#1919=DIRECTION('center_axis',(0.,-1.,0.));
#1920=DIRECTION('ref_axis',(-2.22044604925031E-16,0.,1.));
#1921=DIRECTION('center_axis',(0.,-1.,0.));
#1922=DIRECTION('ref_axis',(-2.22044604925031E-16,0.,1.));
#1923=DIRECTION('',(0.,0.,-1.));
#1924=DIRECTION('',(-1.,0.,-2.22044604925031E-16));
#1925=DIRECTION('center_axis',(0.,-1.,0.));
#1926=DIRECTION('ref_axis',(-1.,0.,-2.22044604925031E-16));
#1927=DIRECTION('center_axis',(0.,1.,0.));
#1928=DIRECTION('ref_axis',(-2.22044604925031E-16,0.,1.));
#1929=DIRECTION('',(2.22044604925031E-16,0.,-1.));
#1930=DIRECTION('center_axis',(0.,-1.,0.));
#1931=DIRECTION('ref_axis',(-2.22044604925031E-16,0.,1.));
#1932=DIRECTION('center_axis',(0.,1.,0.));
#1933=DIRECTION('ref_axis',(2.22044604925031E-16,0.,-1.));
#1934=DIRECTION('center_axis',(0.,1.,0.));
#1935=DIRECTION('ref_axis',(-2.22044604925031E-16,0.,1.));
#1936=DIRECTION('',(2.22044604925031E-16,0.,-1.));
#1937=DIRECTION('center_axis',(0.,-1.,0.));
#1938=DIRECTION('ref_axis',(-1.,0.,-2.22044604925031E-16));
#1939=DIRECTION('',(-2.22044604925031E-16,0.,1.));
#1940=DIRECTION('center_axis',(-1.,0.,-2.22044604925031E-16));
#1941=DIRECTION('ref_axis',(-2.22044604925031E-16,0.,1.));
#1942=DIRECTION('',(0.,1.,0.));
#1943=DIRECTION('',(0.,1.,0.));
#1944=DIRECTION('center_axis',(1.,0.,2.22044604925031E-16));
#1945=DIRECTION('ref_axis',(2.22044604925031E-16,0.,-1.));
#1946=DIRECTION('',(0.,-1.,0.));
#1947=DIRECTION('',(0.,-1.,0.));
#1948=DIRECTION('center_axis',(0.,-1.,0.));
#1949=DIRECTION('ref_axis',(-2.22044604925031E-16,0.,1.));
#1950=DIRECTION('center_axis',(0.,-1.,0.));
#1951=DIRECTION('ref_axis',(-2.22044604925031E-16,0.,1.));
#1952=DIRECTION('',(0.,1.,0.));
#1953=DIRECTION('center_axis',(0.,-1.,0.));
#1954=DIRECTION('ref_axis',(2.22044604925031E-16,0.,-1.));
#1955=DIRECTION('',(-2.22044604925031E-16,0.,1.));
#1956=DIRECTION('',(1.,0.,2.22044604925031E-16));
#1957=DIRECTION('',(2.22044604925031E-16,0.,-1.));
#1958=DIRECTION('',(1.,0.,2.22044604925031E-16));
#1959=DIRECTION('center_axis',(2.22044604925031E-16,0.,-1.));
#1960=DIRECTION('ref_axis',(0.,1.,0.));
#1961=DIRECTION('',(0.,-1.,0.));
#1962=DIRECTION('',(1.,0.,2.22044604925031E-16));
#1963=DIRECTION('',(0.,1.,0.));
#1964=DIRECTION('center_axis',(0.,1.,0.));
#1965=DIRECTION('ref_axis',(-2.22044604925031E-16,0.,1.));
#1966=DIRECTION('',(2.22044604925031E-16,0.,-1.));
#1967=DIRECTION('',(1.,0.,2.22044604925031E-16));
#1968=DIRECTION('',(-2.22044604925031E-16,0.,1.));
#1969=DIRECTION('center_axis',(-2.22044604925031E-16,0.,1.));
#1970=DIRECTION('ref_axis',(0.,-1.,0.));
#1971=DIRECTION('',(0.,1.,0.));
#1972=DIRECTION('',(0.,-1.,0.));
#1973=DIRECTION('center_axis',(1.,0.,2.22044604925031E-16));
#1974=DIRECTION('ref_axis',(2.22044604925031E-16,0.,-1.));
#1975=DIRECTION('',(1.98602732259782E-16,0.447213595499958,-0.894427190999916));
#1976=DIRECTION('',(0.,-1.,0.));
#1977=DIRECTION('',(2.22044604925031E-16,0.,-1.));
#1978=DIRECTION('',(0.,-1.,0.));
#1979=DIRECTION('center_axis',(0.,-1.,0.));
#1980=DIRECTION('ref_axis',(-0.869266932535685,0.,-0.49434299833213));
#1981=DIRECTION('center_axis',(1.27334219693537E-16,-0.819231920519041,
-0.573462344363328));
#1982=DIRECTION('ref_axis',(1.81906028133625E-16,0.573462344363328,-0.81923192051904));
#1983=DIRECTION('center_axis',(0.,-1.,0.));
#1984=DIRECTION('ref_axis',(-0.869266932535685,0.,-0.49434299833213));
#1985=DIRECTION('',(0.,1.,0.));
#1986=DIRECTION('center_axis',(1.27334219693537E-16,-0.819231920519041,
-0.573462344363328));
#1987=DIRECTION('ref_axis',(1.81906028133625E-16,0.573462344363328,-0.81923192051904));
#1988=DIRECTION('center_axis',(-2.22044604925031E-16,0.,1.));
#1989=DIRECTION('ref_axis',(1.,0.,2.22044604925031E-16));
#1990=DIRECTION('',(0.835705478628196,0.549177888293782,1.85563892835682E-16));
#1991=DIRECTION('',(0.,-1.,0.));
#1992=DIRECTION('',(1.,0.,2.22044604925031E-16));
#1993=DIRECTION('',(0.,-1.,0.));
#1994=DIRECTION('center_axis',(0.,-1.,0.));
#1995=DIRECTION('ref_axis',(0.49434299833213,0.,-0.869266932535685));
#1996=DIRECTION('center_axis',(0.677056532382057,-0.73593101032555,-1.50336750244686E-16));
#1997=DIRECTION('ref_axis',(0.73593101032555,0.677056532382057,0.));
#1998=DIRECTION('center_axis',(0.,-1.,0.));
#1999=DIRECTION('ref_axis',(0.49434299833213,0.,-0.869266932535685));
#2000=DIRECTION('',(0.,1.,0.));
#2001=DIRECTION('center_axis',(0.677056532382057,-0.73593101032555,-1.50336750244686E-16));
#2002=DIRECTION('ref_axis',(0.73593101032555,0.677056532382057,0.));
#2003=DIRECTION('center_axis',(2.22044604925031E-16,0.,-1.));
#2004=DIRECTION('ref_axis',(-1.,0.,-2.22044604925031E-16));
#2005=DIRECTION('',(-0.835705478628196,0.549177888293782,-1.85563892835682E-16));
#2006=DIRECTION('',(0.,-1.,0.));
#2007=DIRECTION('',(-1.,0.,-2.22044604925031E-16));
#2008=DIRECTION('',(0.,-1.,0.));
#2009=DIRECTION('center_axis',(0.,-1.,0.));
#2010=DIRECTION('ref_axis',(-0.49434299833213,0.,0.869266932535685));
#2011=DIRECTION('center_axis',(-0.677056532382057,-0.73593101032555,7.39557098644699E-32));
#2012=DIRECTION('ref_axis',(-0.73593101032555,0.677056532382057,3.62842001866017E-32));
#2013=DIRECTION('center_axis',(0.,-1.,0.));
#2014=DIRECTION('ref_axis',(-0.49434299833213,0.,0.869266932535685));
#2015=DIRECTION('',(0.,1.,0.));
#2016=DIRECTION('center_axis',(-0.677056532382057,-0.73593101032555,7.39557098644699E-32));
#2017=DIRECTION('ref_axis',(-0.73593101032555,0.677056532382057,3.62842001866017E-32));
#2018=DIRECTION('center_axis',(2.22044604925031E-16,0.,-1.));
#2019=DIRECTION('ref_axis',(-1.,0.,-2.22044604925031E-16));
#2020=DIRECTION('',(-0.835705478628196,-0.549177888293782,-1.85563892835682E-16));
#2021=DIRECTION('',(0.,1.,0.));
#2022=DIRECTION('',(-1.,0.,-2.22044604925031E-16));
#2023=DIRECTION('',(0.,1.,0.));
#2024=DIRECTION('center_axis',(-1.,0.,-2.22044604925031E-16));
#2025=DIRECTION('ref_axis',(0.,-1.,0.));
#2026=DIRECTION('center_axis',(1.,0.,2.22044604925031E-16));
#2027=DIRECTION('ref_axis',(1.28760816478281E-32,1.,-5.79887165111506E-17));
#2028=DIRECTION('',(-2.22044604925031E-16,0.,1.));
#2029=DIRECTION('center_axis',(-0.835705478628196,-0.549177888293782,-1.85563892835682E-16));
#2030=DIRECTION('ref_axis',(-0.388327408890242,0.590933011012747,0.707106781186547));
#2031=DIRECTION('center_axis',(0.835705478628196,0.549177888293782,1.43149288499372E-15));
#2032=DIRECTION('ref_axis',(-0.549177888293782,0.835705478628196,-1.21941987239756E-16));
#2033=DIRECTION('center_axis',(0.741964557016004,0.487576710972075,0.460171214929507));
#2034=DIRECTION('ref_axis',(-0.549177888293781,0.835705478628197,9.18892098346328E-16));
#2035=DIRECTION('center_axis',(-2.22044604925031E-16,0.,1.));
#2036=DIRECTION('ref_axis',(1.,0.,2.22044604925031E-16));
#2037=DIRECTION('',(0.835705478628196,-0.549177888293782,1.85563892835682E-16));
#2038=DIRECTION('',(0.,1.,0.));
#2039=DIRECTION('',(1.,0.,2.22044604925031E-16));
#2040=DIRECTION('',(0.,1.,0.));
#2041=DIRECTION('center_axis',(1.,0.,2.22044604925031E-16));
#2042=DIRECTION('ref_axis',(0.,1.,0.));
#2043=DIRECTION('center_axis',(-1.,0.,-2.22044604925031E-16));
#2044=DIRECTION('ref_axis',(2.57521632956561E-32,1.,-1.15977433022301E-16));
#2045=DIRECTION('',(-2.22044604925031E-16,0.,1.));
#2046=DIRECTION('center_axis',(0.835705478628196,-0.549177888293782,1.85563892835682E-16));
#2047=DIRECTION('ref_axis',(0.388327408890242,0.590933011012747,-0.707106781186548));
#2048=DIRECTION('center_axis',(-0.835705478628196,0.549177888293782,-1.5772930891033E-15));
#2049=DIRECTION('ref_axis',(0.549177888293782,0.835705478628196,1.21941987239756E-16));
#2050=DIRECTION('center_axis',(-0.741964557016004,0.487576710972074,-0.460171214929508));
#2051=DIRECTION('ref_axis',(0.549177888293781,0.835705478628197,-8.49503159307255E-16));
#2052=DIRECTION('center_axis',(0.,1.,0.));
#2053=DIRECTION('ref_axis',(-0.49434299833213,0.,-0.869266932535685));
#2054=DIRECTION('',(0.,-1.,0.));
#2055=DIRECTION('center_axis',(0.,-1.,0.));
#2056=DIRECTION('ref_axis',(-0.49434299833213,0.,-0.869266932535685));
#2057=DIRECTION('center_axis',(-0.632875512143689,0.487474384571789,0.601529143529404));
#2058=DIRECTION('ref_axis',(0.688928478401037,0.,0.724829325874741));
#2059=DIRECTION('center_axis',(0.,1.,0.));
#2060=DIRECTION('ref_axis',(-2.22044604925031E-16,0.,1.));
#2061=DIRECTION('center_axis',(0.,1.,0.));
#2062=DIRECTION('ref_axis',(0.494342998332129,0.,0.869266932535686));
#2063=DIRECTION('',(0.,-1.,0.));
#2064=DIRECTION('center_axis',(0.,-1.,0.));
#2065=DIRECTION('ref_axis',(0.494342998332129,0.,0.869266932535686));
#2066=DIRECTION('center_axis',(0.6328755121437,0.487474384571775,-0.601529143529404));
#2067=DIRECTION('ref_axis',(-0.688928478401031,0.,-0.724829325874747));
#2068=DIRECTION('center_axis',(0.,1.,0.));
#2069=DIRECTION('ref_axis',(-2.22044604925031E-16,0.,1.));
#2070=DIRECTION('center_axis',(-1.,0.,-2.22044604925031E-16));
#2071=DIRECTION('ref_axis',(-2.22044604925031E-16,0.,1.));
#2072=DIRECTION('',(-1.98602732259782E-16,-0.447213595499958,0.894427190999916));
#2073=DIRECTION('',(0.,1.,0.));
#2074=DIRECTION('',(-2.22044604925031E-16,0.,1.));
#2075=DIRECTION('',(0.,1.,0.));
#2076=DIRECTION('center_axis',(-2.22044604925031E-16,0.,1.));
#2077=DIRECTION('ref_axis',(0.,1.,0.));
#2078=DIRECTION('center_axis',(2.22044604925031E-16,0.,-1.));
#2079=DIRECTION('ref_axis',(-8.06823599805364E-16,1.,-1.79150827462973E-31));
#2080=DIRECTION('',(-1.,0.,-2.22044604925031E-16));
#2081=DIRECTION('center_axis',(-1.98602732259782E-16,-0.447213595499958,
0.894427190999916));
#2082=DIRECTION('ref_axis',(0.707106781186547,0.632455532033676,0.316227766016838));
#2083=DIRECTION('center_axis',(1.98602732259782E-16,0.447213595499958,-0.894427190999916));
#2084=DIRECTION('ref_axis',(-9.93013661298909E-17,0.894427190999916,0.447213595499958));
#2085=DIRECTION('center_axis',(0.470769969832695,0.394556874354947,-0.789113748709891));
#2086=DIRECTION('ref_axis',(-9.31968634598759E-16,0.894427190999915,0.447213595499959));
#2087=DIRECTION('center_axis',(0.,1.,0.));
#2088=DIRECTION('ref_axis',(0.869266932535685,0.,-0.49434299833213));
#2089=DIRECTION('',(0.,-1.,0.));
#2090=DIRECTION('center_axis',(0.,-1.,0.));
#2091=DIRECTION('ref_axis',(0.869266932535685,0.,-0.49434299833213));
#2092=DIRECTION('center_axis',(-0.601459475887894,0.514671295328427,-0.611031878570684));
#2093=DIRECTION('ref_axis',(-0.712667053646104,0.,0.701502438090831));
#2094=DIRECTION('center_axis',(0.,1.,0.));
#2095=DIRECTION('ref_axis',(-2.22044604925031E-16,0.,1.));
#2096=DIRECTION('center_axis',(0.,-1.,0.));
#2097=DIRECTION('ref_axis',(-1.,0.,0.));
#2098=DIRECTION('center_axis',(0.,1.,0.));
#2099=DIRECTION('ref_axis',(-1.,0.,0.));
#2100=DIRECTION('',(0.,-1.,0.));
#2101=DIRECTION('center_axis',(0.,-1.,0.));
#2102=DIRECTION('ref_axis',(-1.,0.,0.));
#2103=DIRECTION('',(0.,-1.,0.));
#2104=DIRECTION('center_axis',(0.,-1.,0.));
#2105=DIRECTION('ref_axis',(-1.,0.,0.));
#2106=DIRECTION('center_axis',(0.,1.,0.));
#2107=DIRECTION('ref_axis',(-1.,0.,0.));
#2108=DIRECTION('',(0.,-1.,0.));
#2109=DIRECTION('center_axis',(0.,1.,0.));
#2110=DIRECTION('ref_axis',(-1.,0.,0.));
#2111=DIRECTION('',(0.,-1.,0.));
#2112=DIRECTION('center_axis',(-1.,0.,0.));
#2113=DIRECTION('ref_axis',(0.,0.,-1.));
#2114=DIRECTION('',(0.,0.,1.));
#2115=DIRECTION('',(0.,0.,-1.));
#2116=DIRECTION('',(0.,-1.,0.));
#2117=DIRECTION('center_axis',(1.,0.,0.));
#2118=DIRECTION('ref_axis',(0.,0.,1.));
#2119=DIRECTION('',(0.,0.,1.));
#2120=DIRECTION('',(0.,0.,1.));
#2121=DIRECTION('',(0.,1.,0.));
#2122=DIRECTION('center_axis',(-2.22044604925031E-16,0.,1.));
#2123=DIRECTION('ref_axis',(-1.,0.,-2.22044604925031E-16));
#2124=DIRECTION('',(0.,-1.,0.));
#2125=DIRECTION('',(1.,0.,2.22044604925031E-16));
#2126=DIRECTION('',(0.,1.,0.));
#2127=DIRECTION('center_axis',(0.,1.,0.));
#2128=DIRECTION('ref_axis',(-1.,0.,0.));
#2129=DIRECTION('center_axis',(0.,1.,0.));
#2130=DIRECTION('ref_axis',(-2.22044604925031E-16,0.,1.));
#2131=DIRECTION('',(0.,0.,1.));
#2132=DIRECTION('',(0.,0.,-1.));
#2133=DIRECTION('center_axis',(0.,-1.,0.));
#2134=DIRECTION('ref_axis',(-2.22044604925031E-16,0.,1.));
#2135=DIRECTION('center_axis',(0.,-1.,0.));
#2136=DIRECTION('ref_axis',(1.,0.,2.22044604925031E-16));
#2137=DIRECTION('center_axis',(0.,-1.,0.));
#2138=DIRECTION('ref_axis',(-2.22044604925031E-16,0.,1.));
#2139=DIRECTION('center_axis',(0.,-1.,0.));
#2140=DIRECTION('ref_axis',(-2.22044604925031E-16,0.,1.));
#2141=DIRECTION('',(2.22044604925031E-16,0.,-1.));
#2142=DIRECTION('',(-2.22044604925031E-16,0.,1.));
#2143=DIRECTION('center_axis',(0.,-1.,0.));
#2144=DIRECTION('ref_axis',(-2.22044604925031E-16,0.,1.));
#2145=DIRECTION('center_axis',(0.,-1.,0.));
#2146=DIRECTION('ref_axis',(-2.22044604925031E-16,0.,1.));
#2147=DIRECTION('center_axis',(0.,1.,0.));
#2148=DIRECTION('ref_axis',(-1.,0.,0.));
#2149=DIRECTION('center_axis',(0.,1.,0.));
#2150=DIRECTION('ref_axis',(-2.22044604925031E-16,0.,1.));
#2151=DIRECTION('',(0.,0.,-1.));
#2152=DIRECTION('',(0.,0.,1.));
#2153=DIRECTION('center_axis',(0.,-1.,0.));
#2154=DIRECTION('ref_axis',(-2.22044604925031E-16,0.,1.));
#2155=DIRECTION('center_axis',(1.,0.,0.));
#2156=DIRECTION('ref_axis',(0.,0.,1.));
#2157=DIRECTION('',(0.,1.,0.));
#2158=DIRECTION('',(0.,-1.,0.));
#2159=DIRECTION('center_axis',(0.,-1.,0.));
#2160=DIRECTION('ref_axis',(-2.22044604925031E-16,0.,1.));
#2161=DIRECTION('',(0.,1.,0.));
#2162=DIRECTION('',(0.,1.,0.));
#2163=DIRECTION('',(0.,1.,0.));
#2164=DIRECTION('center_axis',(-1.,0.,0.));
#2165=DIRECTION('ref_axis',(0.,0.,-1.));
#2166=DIRECTION('center_axis',(0.,1.,0.));
#2167=DIRECTION('ref_axis',(1.22464679914735E-16,0.,-1.));
#2168=DIRECTION('',(0.,0.,-1.));
#2169=DIRECTION('center_axis',(0.,1.,0.));
#2170=DIRECTION('ref_axis',(-1.,0.,-1.22464679914735E-16));
#2171=DIRECTION('',(-1.,0.,-3.44509284839767E-16));
#2172=DIRECTION('center_axis',(0.,1.,0.));
#2173=DIRECTION('ref_axis',(3.44509284839767E-16,0.,-1.));
#2174=DIRECTION('center_axis',(0.,-1.,0.));
#2175=DIRECTION('ref_axis',(-1.,0.,-1.22464679914735E-16));
#2176=DIRECTION('',(0.,1.,0.));
#2177=DIRECTION('center_axis',(0.,-1.,0.));
#2178=DIRECTION('ref_axis',(-1.,0.,-1.22464679914735E-16));
#2179=DIRECTION('',(0.,-1.,0.));
#2180=DIRECTION('center_axis',(0.,1.,0.));
#2181=DIRECTION('ref_axis',(-1.,0.,-1.22464679914735E-16));
#2182=DIRECTION('',(0.,-1.,0.));
#2183=DIRECTION('center_axis',(0.,-1.,0.));
#2184=DIRECTION('ref_axis',(-1.,0.,-1.22464679914735E-16));
#2185=DIRECTION('',(0.,1.,0.));
#2186=DIRECTION('center_axis',(0.,1.,0.));
#2187=DIRECTION('ref_axis',(-1.,0.,-1.22464679914735E-16));
#2188=DIRECTION('',(0.,1.,0.));
#2189=DIRECTION('center_axis',(0.,-1.,0.));
#2190=DIRECTION('ref_axis',(-1.,0.,-1.22464679914735E-16));
#2191=DIRECTION('',(0.,-1.,0.));
#2192=DIRECTION('center_axis',(0.,1.,0.));
#2193=DIRECTION('ref_axis',(0.,0.,1.));
#2194=DIRECTION('center_axis',(0.,1.,0.));
#2195=DIRECTION('ref_axis',(-1.,0.,0.));
#2196=DIRECTION('',(0.,0.,1.));
#2197=DIRECTION('',(0.,0.,1.));
#2198=DIRECTION('center_axis',(1.,0.,0.));
#2199=DIRECTION('ref_axis',(0.,0.,-1.));
#2200=DIRECTION('',(0.,1.,0.));
#2201=DIRECTION('',(0.,0.,1.));
#2202=DIRECTION('center_axis',(0.,-1.,0.));
#2203=DIRECTION('ref_axis',(0.,0.,-1.));
#2204=DIRECTION('center_axis',(0.,-1.,0.));
#2205=DIRECTION('ref_axis',(-1.,0.,0.));
#2206=DIRECTION('',(0.,0.,-1.));
#2207=DIRECTION('',(0.,0.,1.));
#2208=DIRECTION('center_axis',(1.,0.,0.));
#2209=DIRECTION('ref_axis',(0.,0.,-1.));
#2210=DIRECTION('',(0.,1.,0.));
#2211=DIRECTION('',(0.,0.,-1.));
#2212=DIRECTION('center_axis',(1.,0.,1.60898550650342E-16));
#2213=DIRECTION('ref_axis',(1.60898550650342E-16,0.,-1.));
#2214=DIRECTION('',(0.,-1.,0.));
#2215=DIRECTION('',(1.60898550650342E-16,0.,-1.));
#2216=DIRECTION('',(0.,0.,1.));
#2217=DIRECTION('',(0.,1.,0.));
#2218=DIRECTION('center_axis',(0.,1.,0.));
#2219=DIRECTION('ref_axis',(-1.,0.,0.));
#2220=DIRECTION('center_axis',(0.,-1.,0.));
#2221=DIRECTION('ref_axis',(-1.,0.,0.));
#2222=DIRECTION('',(0.,1.,0.));
#2223=DIRECTION('center_axis',(0.,-1.,0.));
#2224=DIRECTION('ref_axis',(-1.,0.,0.));
#2225=DIRECTION('center_axis',(-1.,0.,0.));
#2226=DIRECTION('ref_axis',(0.,0.,1.));
#2227=DIRECTION('',(0.,0.,1.));
#2228=DIRECTION('',(0.,0.,1.));
#2229=DIRECTION('',(0.,1.,0.));
#2230=DIRECTION('center_axis',(0.,1.,0.));
#2231=DIRECTION('ref_axis',(-1.,0.,0.));
#2232=DIRECTION('center_axis',(0.,1.,0.));
#2233=DIRECTION('ref_axis',(3.44509284839767E-16,0.,-1.));
#2234=DIRECTION('center_axis',(0.,-1.,0.));
#2235=DIRECTION('ref_axis',(-4.66973964754502E-16,0.,1.));
#2236=DIRECTION('',(0.,1.,0.));
#2237=DIRECTION('center_axis',(0.,-1.,0.));
#2238=DIRECTION('ref_axis',(1.,0.,0.));
#2239=DIRECTION('',(0.,-1.,0.));
#2240=DIRECTION('center_axis',(0.,1.,0.));
#2241=DIRECTION('ref_axis',(3.44509284839767E-16,0.,-1.));
#2242=DIRECTION('center_axis',(0.,1.,0.));
#2243=DIRECTION('ref_axis',(1.22464679914735E-16,0.,-1.));
#2244=DIRECTION('',(-1.,0.,-3.44509284839767E-16));
#2245=DIRECTION('center_axis',(0.,-1.,0.));
#2246=DIRECTION('ref_axis',(-1.,0.,-1.22464679914735E-16));
#2247=DIRECTION('',(-0.5,0.866025403784438,-1.72254642419883E-16));
#2248=DIRECTION('',(-0.5,-0.866025403784438,-1.72254642419883E-16));
#2249=DIRECTION('center_axis',(0.,-1.,0.));
#2250=DIRECTION('ref_axis',(-1.,0.,-3.44509284839767E-16));
#2251=DIRECTION('center_axis',(-3.44509284839767E-16,0.,1.));
#2252=DIRECTION('ref_axis',(1.,0.,3.44509284839767E-16));
#2253=DIRECTION('',(-1.,0.,-3.44509284839767E-16));
#2254=DIRECTION('',(0.,-1.,0.));
#2255=DIRECTION('center_axis',(0.,-1.,0.));
#2256=DIRECTION('ref_axis',(-1.,0.,-3.44509284839767E-16));
#2257=DIRECTION('center_axis',(0.,-1.,0.));
#2258=DIRECTION('ref_axis',(-1.,0.,-3.44509284839767E-16));
#2259=DIRECTION('',(0.,1.,0.));
#2260=DIRECTION('center_axis',(-3.44509284839767E-16,0.,1.));
#2261=DIRECTION('ref_axis',(1.,0.,3.44509284839767E-16));
#2262=DIRECTION('',(-1.,0.,-3.44509284839767E-16));
#2263=DIRECTION('center_axis',(0.,-1.,0.));
#2264=DIRECTION('ref_axis',(0.,0.,-1.));
#2265=DIRECTION('center_axis',(0.,-1.,0.));
#2266=DIRECTION('ref_axis',(1.,0.,0.));
#2267=DIRECTION('center_axis',(0.,1.,0.));
#2268=DIRECTION('ref_axis',(-2.22044604925031E-16,0.,1.));
#2269=DIRECTION('center_axis',(0.,-1.,0.));
#2270=DIRECTION('ref_axis',(0.,0.,-1.));
#2271=DIRECTION('center_axis',(0.,-1.,0.));
#2272=DIRECTION('ref_axis',(-2.22044604925031E-16,0.,1.));
#2273=DIRECTION('center_axis',(0.,1.,0.));
#2274=DIRECTION('ref_axis',(-2.22044604925031E-16,0.,1.));
#2275=DIRECTION('center_axis',(0.,1.,0.));
#2276=DIRECTION('ref_axis',(-2.22044604925031E-16,0.,1.));
#2277=DIRECTION('',(0.,1.,0.));
#2278=DIRECTION('center_axis',(0.,-1.,0.));
#2279=DIRECTION('ref_axis',(1.,0.,2.22044604925031E-16));
#2280=DIRECTION('center_axis',(0.,1.,0.));
#2281=DIRECTION('ref_axis',(1.,0.,2.22044604925031E-16));
#2282=DIRECTION('center_axis',(0.,1.,0.));
#2283=DIRECTION('ref_axis',(1.,0.,2.22044604925031E-16));
#2284=DIRECTION('',(0.,-1.,0.));
#2285=DIRECTION('center_axis',(0.,-1.,0.));
#2286=DIRECTION('ref_axis',(1.,0.,2.22044604925031E-16));
#2287=DIRECTION('center_axis',(0.,-1.,0.));
#2288=DIRECTION('ref_axis',(-2.22044604925031E-16,0.,1.));
#2289=DIRECTION('center_axis',(0.,1.,0.));
#2290=DIRECTION('ref_axis',(-1.,0.,-2.22044604925031E-16));
#2291=DIRECTION('center_axis',(0.,-1.,0.));
#2292=DIRECTION('ref_axis',(-2.22044604925031E-16,0.,1.));
#2293=DIRECTION('center_axis',(0.,-1.,0.));
#2294=DIRECTION('ref_axis',(-2.22044604925031E-16,0.,1.));
#2295=DIRECTION('',(0.,1.,0.));
#2296=DIRECTION('center_axis',(8.46174503681836E-17,0.92454078180232,-0.381083117947193));
#2297=DIRECTION('ref_axis',(2.05289292632376E-16,-0.381083117947193,-0.92454078180232));
#2298=DIRECTION('center_axis',(8.46174503681836E-17,0.92454078180232,-0.381083117947193));
#2299=DIRECTION('ref_axis',(2.05289292632376E-16,-0.381083117947193,-0.924540781802321));
#2300=DIRECTION('',(-8.46174503681836E-17,-0.92454078180232,0.381083117947193));
#2301=DIRECTION('center_axis',(8.46174503681836E-17,0.92454078180232,-0.381083117947193));
#2302=DIRECTION('ref_axis',(2.05289292632376E-16,-0.381083117947193,-0.924540781802321));
#2303=DIRECTION('center_axis',(8.46174503681836E-17,0.92454078180232,-0.381083117947193));
#2304=DIRECTION('ref_axis',(-1.,0.,-2.22044604925031E-16));
#2305=DIRECTION('center_axis',(8.46174503681836E-17,0.92454078180232,-0.381083117947193));
#2306=DIRECTION('ref_axis',(-1.,0.,-2.22044604925031E-16));
#2307=CARTESIAN_POINT('',(0.,0.,0.));
#2308=CARTESIAN_POINT('Origin',(0.,70.0000010430813,13.2500001285225));
#2309=CARTESIAN_POINT('',(-9.,70.0000010430813,-1.99840144432528E-15));
#2310=CARTESIAN_POINT('',(-1.49999996647239,70.0000010430813,-8.87411968031662));
#2311=CARTESIAN_POINT('Origin',(0.,70.0000010430813,0.));
#2312=CARTESIAN_POINT('',(-1.49999996647239,70.0000010430813,-7.85811695051247));
#2313=CARTESIAN_POINT('',(-1.49999996647239,70.0000010430813,0.875000192783771));
#2314=CARTESIAN_POINT('',(-8.00000011920929,70.0000010430813,-1.77635686587003E-15));
#2315=CARTESIAN_POINT('Origin',(0.,70.0000010430813,0.));
#2316=CARTESIAN_POINT('',(-25.,70.0000010430813,-5.55111512312578E-15));
#2317=CARTESIAN_POINT('Origin',(0.,70.0000010430813,13.2500001285225));
#2318=CARTESIAN_POINT('',(1.49999996647239,70.0000010430813,-8.87411968031662));
#2319=CARTESIAN_POINT('',(9.,70.0000010430813,1.99840144432528E-15));
#2320=CARTESIAN_POINT('Origin',(0.,70.0000010430813,0.));
#2321=CARTESIAN_POINT('',(8.00000011920929,70.0000010430813,0.));
#2322=CARTESIAN_POINT('',(-25.,70.0000010430813,-5.55111512312578E-15));
#2323=CARTESIAN_POINT('',(1.49999996647239,70.0000010430813,-7.85811695051247));
#2324=CARTESIAN_POINT('Origin',(0.,70.0000010430813,0.));
#2325=CARTESIAN_POINT('',(1.49999996647239,70.0000010430813,1.92500016931444));
#2326=CARTESIAN_POINT('Origin',(0.,169.803850107568,0.));
#2327=CARTESIAN_POINT('',(-8.00000011920929,164.607697607433,-1.77635686587003E-15));
#2328=CARTESIAN_POINT('',(-2.,175.000002607703,-4.44089209850063E-16));
#2329=CARTESIAN_POINT('',(-5.00000007450581,169.803850107568,-1.11022304116877E-15));
#2330=CARTESIAN_POINT('',(8.00000011920929,164.607697607433,0.));
#2331=CARTESIAN_POINT('Origin',(0.,164.607697607433,0.));
#2332=CARTESIAN_POINT('',(2.00000002980232,175.000002607703,4.44089216467507E-16));
#2333=CARTESIAN_POINT('',(5.00000007450581,169.803850107568,1.11022304116877E-15));
#2334=CARTESIAN_POINT('Origin',(0.,175.000002607703,0.));
#2335=CARTESIAN_POINT('Origin',(0.,117.303849325257,0.));
#2336=CARTESIAN_POINT('',(-8.00000011920929,117.303849325257,-1.77635686587003E-15));
#2337=CARTESIAN_POINT('',(-1.50000002980232,72.0000010728836,-7.85811693842371));
#2338=CARTESIAN_POINT('',(-1.49999996647239,117.303849325257,-7.85811695051247));
#2339=CARTESIAN_POINT('',(1.50000002980232,72.0000010728836,-7.85811693842371));
#2340=CARTESIAN_POINT('Origin',(0.,72.0000010728836,0.));
#2341=CARTESIAN_POINT('',(1.49999996647239,117.303849325257,-7.85811695051247));
#2342=CARTESIAN_POINT('',(8.00000011920929,117.303849325257,1.77635686587003E-15));
#2343=CARTESIAN_POINT('Origin',(15.,70.0000010430813,3.33066907387547E-15));
#2344=CARTESIAN_POINT('',(10.,70.0000010430813,2.22044604925031E-15));
#2345=CARTESIAN_POINT('',(8.50000001490116,70.0000010430813,1.88737914517149E-15));
#2346=CARTESIAN_POINT('',(10.,180.,2.22044604925031E-15));
#2347=CARTESIAN_POINT('',(10.,35.0000005215406,2.22044604925031E-15));
#2348=CARTESIAN_POINT('',(2.,180.000002682209,4.44089209850063E-16));
#2349=CARTESIAN_POINT('',(7.5,180.,1.66533453693773E-15));
#2350=CARTESIAN_POINT('',(2.,175.000002607703,4.44089209850063E-16));
#2351=CARTESIAN_POINT('Origin',(-1.35551609054305E-15,180.,6.10470176026441));
#2352=CARTESIAN_POINT('',(3.44509284839767E-15,180.,-10.));
#2353=CARTESIAN_POINT('Origin',(0.,180.,0.));
#2354=CARTESIAN_POINT('',(-10.,180.,-2.22044604925031E-15));
#2355=CARTESIAN_POINT('Origin',(0.,180.,0.));
#2356=CARTESIAN_POINT('',(-2.,180.000002682209,-4.44089209850063E-16));
#2357=CARTESIAN_POINT('',(7.5,180.,1.66533453693773E-15));
#2358=CARTESIAN_POINT('Origin',(0.,180.000002682209,0.));
#2359=CARTESIAN_POINT('Origin',(0.,175.000002607703,0.));
#2360=CARTESIAN_POINT('',(-2.,175.000002607703,-4.44089209850063E-16));
#2361=CARTESIAN_POINT('Origin',(-2.00000002980232,72.0000010728836,-4.44089216467507E-16));
#2362=CARTESIAN_POINT('',(-1.49999996647239,72.0000010728836,-9.88685997172929));
#2363=CARTESIAN_POINT('',(-1.50000002980232,72.0000010728836,-3.8857806523625E-16));
#2364=CARTESIAN_POINT('',(3.44509284839767E-15,72.0000010728836,-10.));
#2365=CARTESIAN_POINT('Origin',(0.,72.0000010728836,0.));
#2366=CARTESIAN_POINT('',(1.49999996647239,72.0000010728836,-9.88685997172929));
#2367=CARTESIAN_POINT('Origin',(0.,72.0000010728836,0.));
#2368=CARTESIAN_POINT('',(1.50000002980232,72.0000010728836,3.8857806523625E-16));
#2369=CARTESIAN_POINT('Origin',(15.,70.0000010430813,3.33066907387547E-15));
#2370=CARTESIAN_POINT('',(-10.,70.0000010430813,-2.22044604925031E-15));
#2371=CARTESIAN_POINT('',(-10.,35.0000005215406,-2.22044604925031E-15));
#2372=CARTESIAN_POINT('',(8.50000001490116,70.0000010430813,1.88737914517149E-15));
#2373=CARTESIAN_POINT('Origin',(2.00000002980232,70.0000010430813,4.44089216467507E-16));
#2374=CARTESIAN_POINT('',(1.00000002980232,70.0000010430813,8.94427190666716));
#2375=CARTESIAN_POINT('Origin',(0.,70.0000010430813,0.));
#2376=CARTESIAN_POINT('',(1.00000002980232,70.0000010430813,9.94987436807095));
#2377=CARTESIAN_POINT('',(1.00000002980232,70.0000010430813,5.50000008195639));
#2378=CARTESIAN_POINT('Origin',(0.,70.0000010430813,0.));
#2379=CARTESIAN_POINT('Origin',(2.00000002980232,70.0000010430813,4.44089216467507E-16));
#2380=CARTESIAN_POINT('',(-1.50000002980232,70.0000010430813,-9.39999978989363));
#2381=CARTESIAN_POINT('',(-1.49999996647239,70.0000010430813,-5.74999987147749));
#2382=CARTESIAN_POINT('',(3.1005835635579E-15,70.0000010430813,-9.));
#2383=CARTESIAN_POINT('Origin',(0.,70.0000010430813,0.));
#2384=CARTESIAN_POINT('Origin',(0.,70.0000010430813,0.));
#2385=CARTESIAN_POINT('',(1.50000002980232,70.0000010430813,-9.39999978989363));
#2386=CARTESIAN_POINT('',(1.49999996647239,70.0000010430813,-4.69999989494681));
#2387=CARTESIAN_POINT('',(2.00000002980232,70.0000010430813,-9.39999978989363));
#2388=CARTESIAN_POINT('Origin',(2.00000002980232,70.0000010430813,4.44089216467507E-16));
#2389=CARTESIAN_POINT('',(-2.00000002980232,70.0000010430813,9.79795896504934));
#2390=CARTESIAN_POINT('Origin',(0.,70.0000010430813,0.));
#2391=CARTESIAN_POINT('',(-2.00000002980232,70.0000010430813,8.77496438059954));
#2392=CARTESIAN_POINT('',(-2.00000002980232,70.0000010430813,4.38748219029977));
#2393=CARTESIAN_POINT('Origin',(0.,70.0000010430813,0.));
#2394=CARTESIAN_POINT('Origin',(-1.91790633869008E-15,75.0000010430813,
9.88748227225616));
#2395=CARTESIAN_POINT('',(-2.00000002980232,75.0000010430813,9.79795896504934));
#2396=CARTESIAN_POINT('',(1.00000002980232,75.0000010430813,9.94987436807095));
#2397=CARTESIAN_POINT('Origin',(0.,75.0000010430813,0.));
#2398=CARTESIAN_POINT('',(1.00000002980232,75.0000010430813,8.94427190666716));
#2399=CARTESIAN_POINT('',(1.00000002980232,75.0000010430813,10.2437410176638));
#2400=CARTESIAN_POINT('',(-2.00000002980232,75.0000010430813,8.77496438059954));
#2401=CARTESIAN_POINT('Origin',(0.,75.0000010430813,0.));
#2402=CARTESIAN_POINT('',(-2.00000002980233,75.0000010430813,11.0000001639128));
#2403=CARTESIAN_POINT('Origin',(-2.00000002980232,70.0000010430813,8.77496438059954));
#2404=CARTESIAN_POINT('',(-2.00000002980232,35.0000005215406,9.79795896504934));
#2405=CARTESIAN_POINT('',(-2.00000002980232,70.0000010430813,8.77496438059954));
#2406=CARTESIAN_POINT('Origin',(1.00000002980232,70.0000010430813,11.0000001639128));
#2407=CARTESIAN_POINT('',(1.00000002980232,35.0000005215406,9.94987436807095));
#2408=CARTESIAN_POINT('',(1.00000002980232,35.,8.94427190666716));
#2409=CARTESIAN_POINT('Origin',(0.,35.,0.));
#2410=CARTESIAN_POINT('',(3.1005835635579E-15,0.,-9.));
#2411=CARTESIAN_POINT('Origin',(0.,0.,0.));
#2412=CARTESIAN_POINT('',(3.1005835635579E-15,35.,-9.));
#2413=CARTESIAN_POINT('Origin',(-0.225000000000009,1.00000001490116,39.0000005811453));
#2414=CARTESIAN_POINT('',(0.224999999999992,1.00000001490116,37.5000005587935));
#2415=CARTESIAN_POINT('',(0.224999999999991,1.00000001490116,39.0000005811453));
#2416=CARTESIAN_POINT('',(0.224999999999993,1.00000001490116,31.9500002358109));
#2417=CARTESIAN_POINT('',(-0.225000000000008,1.00000001490116,37.5000005587935));
#2418=CARTESIAN_POINT('',(-0.225000000000008,1.00000001490116,37.5000005587935));
#2419=CARTESIAN_POINT('',(-0.225000000000009,1.00000001490116,39.0000005811453));
#2420=CARTESIAN_POINT('',(-0.225000000000007,1.00000001490116,31.9500002358109));
#2421=CARTESIAN_POINT('',(-0.225000000000009,1.00000001490116,39.0000005811453));
#2422=CARTESIAN_POINT('Origin',(-0.225000000000008,1.00000001490116,37.5000005587935));
#2423=CARTESIAN_POINT('',(0.224999999999992,2.5000000372529,37.5000005587935));
#2424=CARTESIAN_POINT('',(0.224999999999992,6.75000000745058,37.5000005587935));
#2425=CARTESIAN_POINT('',(-0.225000000000008,2.5000000372529,37.5000005587935));
#2426=CARTESIAN_POINT('',(-0.225000000000008,2.5000000372529,37.5000005587935));
#2427=CARTESIAN_POINT('',(-0.225000000000008,6.75000000745058,37.5000005587935));
#2428=CARTESIAN_POINT('Origin',(-0.225000000000008,2.5000000372529,37.5000005587935));
#2429=CARTESIAN_POINT('',(0.224999999999991,2.5000000372529,39.0000005811453));
#2430=CARTESIAN_POINT('',(0.224999999999993,2.5000000372529,31.200000224635));
#2431=CARTESIAN_POINT('',(-0.225000000000009,2.5000000372529,39.0000005811453));
#2432=CARTESIAN_POINT('',(-0.225000000000009,2.5000000372529,39.0000005811453));
#2433=CARTESIAN_POINT('',(-0.225000000000007,2.5000000372529,31.200000224635));
#2434=CARTESIAN_POINT('Origin',(-0.225000000000009,2.5000000372529,39.0000005811453));
#2435=CARTESIAN_POINT('',(0.224999999999991,7.50000001862645,39.0000005811453));
#2436=CARTESIAN_POINT('',(-0.225000000000009,7.50000001862645,39.0000005811453));
#2437=CARTESIAN_POINT('Origin',(0.224999999999995,12.5,24.8999998904765));
#2438=CARTESIAN_POINT('',(0.224999999999991,5.52786404500042,40.));
#2439=CARTESIAN_POINT('',(0.224999999999996,16.9335436093871,17.1886408712266));
#2440=CARTESIAN_POINT('',(0.224999999999993,9.69229125790504,31.6711455741908));
#2441=CARTESIAN_POINT('',(0.224999999999991,0.,40.));
#2442=CARTESIAN_POINT('',(0.224999999999991,1.83697019872103E-15,40.));
#2443=CARTESIAN_POINT('',(0.224999999999996,0.,17.1886408712266));
#2444=CARTESIAN_POINT('',(0.225,0.,4.9960036108132E-17));
#2445=CARTESIAN_POINT('',(0.224999999999996,35.0000005215406,17.1886408712266));
#2446=CARTESIAN_POINT('Origin',(10.225,35.0000005215406,17.1886408712266));
#2447=CARTESIAN_POINT('',(1.63714271740755,20.5198880677422,12.0652916450051));
#2448=CARTESIAN_POINT('Origin',(10.225,16.9335436093871,17.1886408712266));
#2449=CARTESIAN_POINT('',(5.1125,0.,8.59432043561328));
#2450=CARTESIAN_POINT('Origin',(10.225,0.,17.1886408712266));
#2451=CARTESIAN_POINT('',(5.1125,22.9495679143164,8.59432043561328));
#2452=CARTESIAN_POINT('',(5.1125,35.0000005215406,8.59432043561328));
#2453=CARTESIAN_POINT('Origin',(10.225,16.9335436093871,17.1886408712266));
#2454=CARTESIAN_POINT('Origin',(-27.2500000707805,17.5000002607703,0.224999999999994));
#2455=CARTESIAN_POINT('',(-45.,7.2136247729691,0.22499999999999));
#2456=CARTESIAN_POINT('',(-17.1886408712266,25.4896608496871,0.224999999999996));
#2457=CARTESIAN_POINT('',(-17.8428409515319,25.0597579379419,0.224999999999996));
#2458=CARTESIAN_POINT('',(-45.,0.,0.22499999999999));
#2459=CARTESIAN_POINT('',(-45.,0.,0.22499999999999));
#2460=CARTESIAN_POINT('',(-17.1886408712266,0.,0.224999999999996));
#2461=CARTESIAN_POINT('',(-4.9960036108132E-17,0.,0.225));
#2462=CARTESIAN_POINT('',(-17.1886408712266,35.0000005215406,0.224999999999996));
#2463=CARTESIAN_POINT('Origin',(-17.1886408712266,35.0000005215406,10.225));
#2464=CARTESIAN_POINT('',(-11.917976841737,30.3386717774621,1.72675896504196));
#2465=CARTESIAN_POINT('Origin',(-17.1886408712266,25.4896608496871,10.225));
#2466=CARTESIAN_POINT('',(-8.59432043561328,0.,5.1125));
#2467=CARTESIAN_POINT('Origin',(-17.1886408712266,0.,10.225));
#2468=CARTESIAN_POINT('',(-8.59432043561328,33.3964356841142,5.1125));
#2469=CARTESIAN_POINT('',(-8.59432043561328,35.0000005215406,5.1125));
#2470=CARTESIAN_POINT('Origin',(-17.1886408712266,25.4896608496871,10.225));
#2471=CARTESIAN_POINT('Origin',(27.2500000707805,17.5000002607703,-0.224999999999994));
#2472=CARTESIAN_POINT('',(45.,7.2136247729691,-0.22499999999999));
#2473=CARTESIAN_POINT('',(17.1886408712266,25.4896608496871,-0.224999999999996));
#2474=CARTESIAN_POINT('',(35.3428408770261,13.5597579379419,-0.224999999999992));
#2475=CARTESIAN_POINT('',(45.,0.,-0.22499999999999));
#2476=CARTESIAN_POINT('',(45.,0.,-0.22499999999999));
#2477=CARTESIAN_POINT('',(17.1886408712266,0.,-0.224999999999996));
#2478=CARTESIAN_POINT('',(4.9960036108132E-17,0.,-0.225));
#2479=CARTESIAN_POINT('',(17.1886408712266,35.0000005215406,-0.224999999999996));
#2480=CARTESIAN_POINT('Origin',(17.1886408712266,35.0000005215406,-10.225));
#2481=CARTESIAN_POINT('',(11.917976841737,30.3386717774621,-1.72675896504197));
#2482=CARTESIAN_POINT('Origin',(17.1886408712266,25.4896608496871,-10.225));
#2483=CARTESIAN_POINT('',(8.59432043561328,0.,-5.1125));
#2484=CARTESIAN_POINT('Origin',(17.1886408712266,0.,-10.225));
#2485=CARTESIAN_POINT('',(8.59432043561328,33.3964356841142,-5.1125));
#2486=CARTESIAN_POINT('',(8.59432043561328,35.0000005215406,-5.1125));
#2487=CARTESIAN_POINT('Origin',(17.1886408712266,25.4896608496871,-10.225));
#2488=CARTESIAN_POINT('Origin',(-27.2500000707805,17.5000002607703,-0.225000000000006));
#2489=CARTESIAN_POINT('',(-18.2009025020742,27.0300589770275,-0.225000000000004));
#2490=CARTESIAN_POINT('',(-45.,9.41922340341283,-0.22500000000001));
#2491=CARTESIAN_POINT('',(-18.8551025823795,26.6001560652822,-0.225000000000004));
#2492=CARTESIAN_POINT('',(-17.1886408712266,27.8045926448274,-0.225000000000003));
#2493=CARTESIAN_POINT('Ctrl Pts',(-17.1892914706303,27.8052434254721,-0.224613415008691));
#2494=CARTESIAN_POINT('Ctrl Pts',(-17.2334974459882,27.7664999557243,-0.224696541516176));
#2495=CARTESIAN_POINT('Ctrl Pts',(-17.2780405434456,27.7281052921593,-0.224777347050765));
#2496=CARTESIAN_POINT('Ctrl Pts',(-17.3229439527859,27.6900777240158,-0.224854747179264));
#2497=CARTESIAN_POINT('Ctrl Pts',(-17.4538237087933,27.5792389500054,-0.225080344969761));
#2498=CARTESIAN_POINT('Ctrl Pts',(-17.5868887762506,27.4722561235959,-0.225275015400288));
#2499=CARTESIAN_POINT('Ctrl Pts',(-17.7232368808988,27.3689141119667,-0.225416219014014));
#2500=CARTESIAN_POINT('Ctrl Pts',(-17.7750589333736,27.3296367405407,-0.225469886507955));
#2501=CARTESIAN_POINT('Ctrl Pts',(-17.8273549377897,27.2908849554894,-0.225515495954994));
#2502=CARTESIAN_POINT('Ctrl Pts',(-17.8801841566701,27.2526456098615,-0.22555089583546));
#2503=CARTESIAN_POINT('Ctrl Pts',(-17.9860953371006,27.1759839760123,-0.22562186495457));
#2504=CARTESIAN_POINT('Ctrl Pts',(-18.0930262917796,27.1021958500889,-0.22565165202073));
#2505=CARTESIAN_POINT('Ctrl Pts',(-18.2014788948305,27.0309360964355,-0.225629112013625));
#2506=CARTESIAN_POINT('',(-17.1886408712266,0.,-0.225000000000004));
#2507=CARTESIAN_POINT('',(-17.1886408712266,35.0000005215406,-0.225000000000003));
#2508=CARTESIAN_POINT('',(-45.,0.,-0.22500000000001));
#2509=CARTESIAN_POINT('',(4.9960036108132E-17,0.,-0.225));
#2510=CARTESIAN_POINT('',(-45.,0.,-0.22500000000001));
#2511=CARTESIAN_POINT('Origin',(-45.,12.,-9.99200722162641E-15));
#2512=CARTESIAN_POINT('Origin',(-45.,7.21362477296909,-3.77500000000001));
#2513=CARTESIAN_POINT('',(-45.,0.,-9.99200722162641E-15));
#2514=CARTESIAN_POINT('Origin',(-17.8428409515319,25.0597579379419,-3.775));
#2515=CARTESIAN_POINT('Origin',(-17.1886408712265,25.4896608496871,-3.775));
#2516=CARTESIAN_POINT('Ctrl Pts',(-11.917976841737,30.3386717774621,1.72675896504195));
#2517=CARTESIAN_POINT('Ctrl Pts',(-10.5610545783845,31.5870402650612,2.56833092503294));
#2518=CARTESIAN_POINT('Ctrl Pts',(-9.41063819394146,32.6454233432549,3.74023664697233));
#2519=CARTESIAN_POINT('Ctrl Pts',(-8.59432043561328,33.3964356841142,5.1125));
#2520=CARTESIAN_POINT('Ctrl Pts',(-12.3211684252978,31.188230835546,1.47669693835604));
#2521=CARTESIAN_POINT('Ctrl Pts',(-10.8689874115129,32.4043462293237,2.28640101473562));
#2522=CARTESIAN_POINT('Ctrl Pts',(-9.61939224846189,33.440569356765,3.47227407166917));
#2523=CARTESIAN_POINT('Ctrl Pts',(-8.72820499984731,34.1759140640425,4.88743460216924));
#2524=CARTESIAN_POINT('Ctrl Pts',(-12.6810982923806,32.6681775398879,0.488950796521164));
#2525=CARTESIAN_POINT('Ctrl Pts',(-11.0201203372423,33.8312552952691,1.3723905816267));
#2526=CARTESIAN_POINT('Ctrl Pts',(-9.58795737632383,34.8277171302014,2.6827432155327));
#2527=CARTESIAN_POINT('Ctrl Pts',(-8.5680501277641,35.5368270729055,4.2601629623929));
#2528=CARTESIAN_POINT('Ctrl Pts',(-12.2870781949454,33.4970629919877,-1.02460365225729));
#2529=CARTESIAN_POINT('Ctrl Pts',(-10.4489591153952,34.704576911394,0.0654696668568594));
#2530=CARTESIAN_POINT('Ctrl Pts',(-8.88453493830157,35.7331475002975,1.60697099207939));
#2531=CARTESIAN_POINT('Ctrl Pts',(-7.77318859072427,36.4633333159618,3.42513944230014));
#2532=CARTESIAN_POINT('Ctrl Pts',(-12.0064227831163,33.6814936919749,-1.67253744894126));
#2533=CARTESIAN_POINT('Ctrl Pts',(-10.1067316144228,34.929862179574,-0.494336704953881));
#2534=CARTESIAN_POINT('Ctrl Pts',(-8.49614867620256,35.9882452577677,1.14633130576126));
#2535=CARTESIAN_POINT('Ctrl Pts',(-7.3533038145431,36.739257598627,3.0675));
#2536=CARTESIAN_POINT('',(-12.184470880669,33.5255019420762,-1.22017685916707));
#2537=CARTESIAN_POINT('',(-9.99947381683515,35.,-0.102583558274168));
#2538=CARTESIAN_POINT('Ctrl Pts',(-12.184470880669,33.5255019420762,-1.22017685916707));
#2539=CARTESIAN_POINT('Ctrl Pts',(-11.7953446306211,33.8132865105202,-1.20478919237664));
#2540=CARTESIAN_POINT('Ctrl Pts',(-11.3963554466463,34.0799642786832,-1.10536137941231));
#2541=CARTESIAN_POINT('Ctrl Pts',(-10.8341885622723,34.451944528533,-0.827562504799422));
#2542=CARTESIAN_POINT('Ctrl Pts',(-10.6529182241386,34.5709381534031,-0.713281274246773));
#2543=CARTESIAN_POINT('Ctrl Pts',(-10.3105672851008,34.7959141828477,-0.442495536020779));
#2544=CARTESIAN_POINT('Ctrl Pts',(-10.149401068073,34.9019968016077,-0.285226010732419));
#2545=CARTESIAN_POINT('Ctrl Pts',(-10.0037901189121,34.9971791857166,-0.107867845804934));
#2546=CARTESIAN_POINT('Ctrl Pts',(-10.0016300863602,34.9985909335407,-0.105227909384137));
#2547=CARTESIAN_POINT('Ctrl Pts',(-9.99947381683515,35.,-0.102583558274168));
#2548=CARTESIAN_POINT('Origin',(-9.80971122994113,30.3386717774621,-1.67253744894125));
#2549=CARTESIAN_POINT('Ctrl Pts',(-9.99947381683515,35.,-0.102583558274167));
#2550=CARTESIAN_POINT('Ctrl Pts',(-10.0017543109627,34.9959175805506,0.119710751858111));
#2551=CARTESIAN_POINT('Ctrl Pts',(-9.99660979993672,34.982273872166,0.34171174737714));
#2552=CARTESIAN_POINT('Ctrl Pts',(-9.9565567826143,34.9108899905249,1.05243166798673));
#2553=CARTESIAN_POINT('Ctrl Pts',(-9.89313928599573,34.8200949219984,1.5344097460175));
#2554=CARTESIAN_POINT('Ctrl Pts',(-9.70280455383204,34.5778566477836,2.4654678307159));
#2555=CARTESIAN_POINT('Ctrl Pts',(-9.57707417760758,34.4275264119315,2.91342227761542));
#2556=CARTESIAN_POINT('Ctrl Pts',(-9.20263410543289,34.0074427562363,3.96882731592415));
#2557=CARTESIAN_POINT('Ctrl Pts',(-8.92407195560941,33.7141375107603,4.55692208937036));
#2558=CARTESIAN_POINT('Ctrl Pts',(-8.59772247041428,33.3997113490658,5.10677779072314));
#2559=CARTESIAN_POINT('Ctrl Pts',(-8.59602209802293,33.3980737913752,5.10963943627936));
#2560=CARTESIAN_POINT('Ctrl Pts',(-8.59432043561437,33.3964356841132,5.11249999999816));
#2561=CARTESIAN_POINT('Origin',(27.2500000707805,17.5000002607703,0.225000000000006));
#2562=CARTESIAN_POINT('',(18.2009025020742,27.0300589770275,0.225000000000004));
#2563=CARTESIAN_POINT('',(45.,9.41922340341284,0.22500000000001));
#2564=CARTESIAN_POINT('',(36.3551025078737,15.1001560652822,0.225000000000008));
#2565=CARTESIAN_POINT('',(17.1886408712266,27.8045926448275,0.225000000000003));
#2566=CARTESIAN_POINT('Ctrl Pts',(17.1877148818541,27.8030330181936,0.228439991107216));
#2567=CARTESIAN_POINT('Ctrl Pts',(17.2319204184815,27.7642775615875,0.228542571896328));
#2568=CARTESIAN_POINT('Ctrl Pts',(17.2764632316096,27.7258715186086,0.228642018128789));
#2569=CARTESIAN_POINT('Ctrl Pts',(17.3213664888545,27.6878331571129,0.228737279036628));
#2570=CARTESIAN_POINT('Ctrl Pts',(17.4524965067287,27.5767505468776,0.229015467420144));
#2571=CARTESIAN_POINT('Ctrl Pts',(17.5858212291367,27.4695437590096,0.229255830055998));
#2572=CARTESIAN_POINT('Ctrl Pts',(17.7224451796354,27.3659965283998,0.229435380010365));
#2573=CARTESIAN_POINT('Ctrl Pts',(17.7740115862562,27.3269143720239,0.229503148113408));
#2574=CARTESIAN_POINT('Ctrl Pts',(17.8260477082452,27.2883532141354,0.229561891531166));
#2575=CARTESIAN_POINT('Ctrl Pts',(17.8786120088972,27.2503001850327,0.229609354446168));
#2576=CARTESIAN_POINT('Ctrl Pts',(17.9845258868096,27.1736256392174,0.229704989341382));
#2577=CARTESIAN_POINT('Ctrl Pts',(18.0914607990288,27.0998281050945,0.229754501265377));
#2578=CARTESIAN_POINT('Ctrl Pts',(18.1999197518936,27.0285634876287,0.229745001504652));
#2579=CARTESIAN_POINT('',(17.1886408712266,0.,0.225000000000004));
#2580=CARTESIAN_POINT('',(17.1886408712266,35.0000005215406,0.225000000000003));
#2581=CARTESIAN_POINT('',(45.,0.,0.22500000000001));
#2582=CARTESIAN_POINT('',(-4.9960036108132E-17,0.,0.225));
#2583=CARTESIAN_POINT('',(45.,0.,0.22500000000001));
#2584=CARTESIAN_POINT('Origin',(45.,0.,9.99200722162641E-15));
#2585=CARTESIAN_POINT('Origin',(45.,7.2136247729691,3.77500000000001));
#2586=CARTESIAN_POINT('',(45.,0.,9.99200722162641E-15));
#2587=CARTESIAN_POINT('Origin',(35.3428408770261,13.5597579379419,3.77500000000001));
#2588=CARTESIAN_POINT('Origin',(17.1886408712265,25.4896608496871,3.775));
#2589=CARTESIAN_POINT('Ctrl Pts',(11.917976841737,30.3386717774621,-1.72675896504197));
#2590=CARTESIAN_POINT('Ctrl Pts',(10.5610545783845,31.5870402650613,-2.56833092503295));
#2591=CARTESIAN_POINT('Ctrl Pts',(9.41063819394146,32.6454233432549,-3.74023664697234));
#2592=CARTESIAN_POINT('Ctrl Pts',(8.59432043561328,33.3964356841142,-5.1125));
#2593=CARTESIAN_POINT('Ctrl Pts',(12.3211684252978,31.188230835546,-1.47669693835605));
#2594=CARTESIAN_POINT('Ctrl Pts',(10.8689874115129,32.4043462293237,-2.28640101473563));
#2595=CARTESIAN_POINT('Ctrl Pts',(9.61939224846189,33.4405693567651,-3.47227407166918));
#2596=CARTESIAN_POINT('Ctrl Pts',(8.72820499984731,34.1759140640425,-4.88743460216925));
#2597=CARTESIAN_POINT('Ctrl Pts',(12.6810982923806,32.6681775398879,-0.488950796521176));
#2598=CARTESIAN_POINT('Ctrl Pts',(11.0201203372423,33.8312552952691,-1.37239058162671));
#2599=CARTESIAN_POINT('Ctrl Pts',(9.58795737632384,34.8277171302014,-2.68274321553271));
#2600=CARTESIAN_POINT('Ctrl Pts',(8.5680501277641,35.5368270729055,-4.2601629623929));
#2601=CARTESIAN_POINT('Ctrl Pts',(12.2870781949454,33.4970629919877,1.02460365225728));
#2602=CARTESIAN_POINT('Ctrl Pts',(10.4489591153952,34.704576911394,-0.065469666856873));
#2603=CARTESIAN_POINT('Ctrl Pts',(8.88453493830156,35.7331475002975,-1.6069709920794));
#2604=CARTESIAN_POINT('Ctrl Pts',(7.77318859072427,36.4633333159618,-3.42513944230014));
#2605=CARTESIAN_POINT('Ctrl Pts',(12.0064227831163,33.6814936919749,1.67253744894125));
#2606=CARTESIAN_POINT('Ctrl Pts',(10.1067316144228,34.929862179574,0.494336704953866));
#2607=CARTESIAN_POINT('Ctrl Pts',(8.49614867620255,35.9882452577677,-1.14633130576127));
#2608=CARTESIAN_POINT('Ctrl Pts',(7.35330381454309,36.739257598627,-3.0675));
#2609=CARTESIAN_POINT('',(12.1844708806689,33.5255019420762,1.22017685916709));
#2610=CARTESIAN_POINT('',(9.99947381683515,35.,0.102583558274269));
#2611=CARTESIAN_POINT('Ctrl Pts',(12.1844708806689,33.5255019420762,1.22017685916709));
#2612=CARTESIAN_POINT('Ctrl Pts',(11.7953446306214,33.8132865105201,1.20478919237669));
#2613=CARTESIAN_POINT('Ctrl Pts',(11.3963554466467,34.0799642786829,1.10536137941247));
#2614=CARTESIAN_POINT('Ctrl Pts',(10.8341885622731,34.4519445285325,0.827562504799935));
#2615=CARTESIAN_POINT('Ctrl Pts',(10.6529182241395,34.5709381534026,0.713281274247432));
#2616=CARTESIAN_POINT('Ctrl Pts',(10.3105672851018,34.7959141828471,0.442495536021749));
#2617=CARTESIAN_POINT('Ctrl Pts',(10.149401068074,34.901996801607,0.28522601073356));
#2618=CARTESIAN_POINT('Ctrl Pts',(10.0037901189129,34.9971791857161,0.107867845806005));
#2619=CARTESIAN_POINT('Ctrl Pts',(10.0016300863604,34.9985909335406,0.105227909384479));
#2620=CARTESIAN_POINT('Ctrl Pts',(9.99947381683515,35.,0.102583558274269));
#2621=CARTESIAN_POINT('Origin',(9.80971122994113,30.3386717774621,1.67253744894125));
#2622=CARTESIAN_POINT('Ctrl Pts',(9.99947381683515,35.,0.102583558274271));
#2623=CARTESIAN_POINT('Ctrl Pts',(10.0017543109627,34.9959175805506,-0.119710751858047));
#2624=CARTESIAN_POINT('Ctrl Pts',(9.99660979993673,34.982273872166,-0.341711747377115));
#2625=CARTESIAN_POINT('Ctrl Pts',(9.95655678261431,34.9108899905249,-1.05243166798671));
#2626=CARTESIAN_POINT('Ctrl Pts',(9.89313928599574,34.8200949219984,-1.53440974601747));
#2627=CARTESIAN_POINT('Ctrl Pts',(9.70280455383203,34.5778566477836,-2.46546783071591));
#2628=CARTESIAN_POINT('Ctrl Pts',(9.57707417760758,34.4275264119315,-2.91342227761543));
#2629=CARTESIAN_POINT('Ctrl Pts',(9.20263410691779,34.0074427579022,-3.96882731173878));
#2630=CARTESIAN_POINT('Ctrl Pts',(8.92407197084123,33.7141375253493,-4.5569220637068));
#2631=CARTESIAN_POINT('Ctrl Pts',(8.59772247020904,33.3997113488699,-5.10677779106893));
#2632=CARTESIAN_POINT('Ctrl Pts',(8.59602209822814,33.3980737915728,-5.10963943593439));
#2633=CARTESIAN_POINT('Ctrl Pts',(8.59432043561437,33.3964356841132,-5.11249999999817));
#2634=CARTESIAN_POINT('Origin',(17.1886408712266,35.0000005215406,10.225));
#2635=CARTESIAN_POINT('',(10.2993560872162,31.842745465371,2.97670674125259));
#2636=CARTESIAN_POINT('',(13.2471546713455,32.6174319620519,1.03453284450964));
#2637=CARTESIAN_POINT('Ctrl Pts',(10.2993560872162,31.842745465371,2.97670674125259));
#2638=CARTESIAN_POINT('Ctrl Pts',(10.7643483537516,31.3413189755561,2.53474557437248));
#2639=CARTESIAN_POINT('Ctrl Pts',(11.8529811081195,31.0947411536289,1.68825571860232));
#2640=CARTESIAN_POINT('Ctrl Pts',(12.9066519230626,32.0477036310171,1.18057982731408));
#2641=CARTESIAN_POINT('Ctrl Pts',(13.2471543325455,32.6174322382966,1.03453313224097));
#2642=CARTESIAN_POINT('',(8.59432043561328,35.,5.1125));
#2643=CARTESIAN_POINT('Ctrl Pts',(8.59432043561327,35.,5.1125));
#2644=CARTESIAN_POINT('Ctrl Pts',(8.59534864213178,34.9972522297437,5.11077154302317));
#2645=CARTESIAN_POINT('Ctrl Pts',(8.59637748096467,34.9945039558973,5.10904307556077));
#2646=CARTESIAN_POINT('Ctrl Pts',(8.77022531137116,34.5304367655587,4.81723140983455));
#2647=CARTESIAN_POINT('Ctrl Pts',(9.0507208765902,33.8375952585654,4.39444308931648));
#2648=CARTESIAN_POINT('Ctrl Pts',(9.60746880279818,32.744385034219,3.68568861455771));
#2649=CARTESIAN_POINT('Ctrl Pts',(10.0007356180547,32.1647641835621,3.26053651758037));
#2650=CARTESIAN_POINT('Ctrl Pts',(10.2993560872162,31.842745465371,2.97670674125259));
#2651=CARTESIAN_POINT('',(8.59432043561328,0.,5.1125));
#2652=CARTESIAN_POINT('',(8.59432043561328,35.0000005215406,5.1125));
#2653=CARTESIAN_POINT('Origin',(17.1886408712266,0.,10.225));
#2654=CARTESIAN_POINT('Ctrl Pts',(13.2471546713455,32.6174319620519,1.03453284450963));
#2655=CARTESIAN_POINT('Ctrl Pts',(13.3376517928627,32.5233258900564,0.995721633985264));
#2656=CARTESIAN_POINT('Ctrl Pts',(13.4266555850828,32.4275190724823,0.95913312665231));
#2657=CARTESIAN_POINT('Ctrl Pts',(14.4291053533914,31.3169386011395,0.563059914068792));
#2658=CARTESIAN_POINT('Ctrl Pts',(15.2613889161876,30.0817127130321,0.384891391860635));
#2659=CARTESIAN_POINT('Ctrl Pts',(16.2278504681508,28.8313595988654,0.268436569161473));
#2660=CARTESIAN_POINT('Ctrl Pts',(16.484356762328,28.5150734083562,0.246268338320872));
#2661=CARTESIAN_POINT('Ctrl Pts',(16.8286614364625,28.1478914421086,0.231177074625776));
#2662=CARTESIAN_POINT('Ctrl Pts',(16.9085957807798,28.0662700199146,0.228585651514237));
#2663=CARTESIAN_POINT('Ctrl Pts',(17.055151046535,27.9247445437982,0.225682487685707));
#2664=CARTESIAN_POINT('Ctrl Pts',(17.1211312622501,27.8637750332378,0.225000000000005));
#2665=CARTESIAN_POINT('Ctrl Pts',(17.1886408712266,27.8045926448274,0.225000000000005));
#2666=CARTESIAN_POINT('Ctrl Pts',(17.1886408712266,25.4896608496871,-0.224999999999999));
#2667=CARTESIAN_POINT('Ctrl Pts',(15.338158037127,27.1921050643068,-0.224999999999999));
#2668=CARTESIAN_POINT('Ctrl Pts',(13.49056175726,28.8918936490213,-0.75143163395431));
#2669=CARTESIAN_POINT('Ctrl Pts',(11.917976841737,30.3386717774621,-1.72675896504197));
#2670=CARTESIAN_POINT('Ctrl Pts',(17.7801642910655,26.3898051803923,-0.224999999999999));
#2671=CARTESIAN_POINT('Ctrl Pts',(15.8924466032157,28.0331624741653,-0.113057559221588));
#2672=CARTESIAN_POINT('Ctrl Pts',(13.9526723260288,29.6899630570898,-0.559176388918686));
#2673=CARTESIAN_POINT('Ctrl Pts',(12.2808457801346,31.1032675827376,-1.50170530356495));
#2674=CARTESIAN_POINT('Ctrl Pts',(18.8080445418258,27.953970772716,0.579563792635866));
#2675=CARTESIAN_POINT('Ctrl Pts',(16.7056830596568,29.5001340284341,0.769324250252023));
#2676=CARTESIAN_POINT('Ctrl Pts',(14.5241510226844,31.080135445907,0.339454021684275));
#2677=CARTESIAN_POINT('Ctrl Pts',(12.6385374150817,32.4371938641685,-0.665066980660735));
#2678=CARTESIAN_POINT('Ctrl Pts',(19.2888956519667,28.6857007198151,2.35132557216904));
#2679=CARTESIAN_POINT('Ctrl Pts',(16.8941304031781,30.285705880048,2.44150226659689));
#2680=CARTESIAN_POINT('Ctrl Pts',(14.4675944255259,31.9057385945521,1.84527814529132));
#2681=CARTESIAN_POINT('Ctrl Pts',(12.3890548838427,33.2909502855719,0.641792127824121));
#2682=CARTESIAN_POINT('Ctrl Pts',(19.3583025916302,28.791319975375,3.14920847179203));
#2683=CARTESIAN_POINT('Ctrl Pts',(16.8519957547385,30.4459320987771,3.18936116159673));
#2684=CARTESIAN_POINT('Ctrl Pts',(14.333523711114,32.1077658955643,2.51427710523555));
#2685=CARTESIAN_POINT('Ctrl Pts',(12.1844708806689,33.5255019420762,1.2201768591671));
#2686=CARTESIAN_POINT('Ctrl Pts',(13.2471546713455,32.6174319620519,1.03453284450964));
#2687=CARTESIAN_POINT('Ctrl Pts',(12.9327467038706,32.9443782596479,1.16937198206042));
#2688=CARTESIAN_POINT('Ctrl Pts',(12.5661849221688,33.2431991915201,1.23527141647106));
#2689=CARTESIAN_POINT('Ctrl Pts',(12.1844708806689,33.5255019420762,1.22017685916709));
#2690=CARTESIAN_POINT('Ctrl Pts',(9.99947381683515,35.,0.102583558274269));
#2691=CARTESIAN_POINT('Ctrl Pts',(9.99947381683515,35.,0.102583558274269));
#2692=CARTESIAN_POINT('Ctrl Pts',(9.99947381683516,35.,0.102583558274269));
#2693=CARTESIAN_POINT('Ctrl Pts',(9.99947381683515,35.,0.102583558274269));
#2694=CARTESIAN_POINT('Ctrl Pts',(9.99947381683515,35.,0.102583558274269));
#2695=CARTESIAN_POINT('Ctrl Pts',(10.5505328599653,34.7413625455344,0.662701047984894));
#2696=CARTESIAN_POINT('Ctrl Pts',(10.5270531416432,34.6899446192573,0.693192932691795));
#2697=CARTESIAN_POINT('Ctrl Pts',(10.4850473783029,34.6386934894155,0.768799653290985));
#2698=CARTESIAN_POINT('Ctrl Pts',(10.448739225842,34.645637144445,0.778529422001718));
#2699=CARTESIAN_POINT('Ctrl Pts',(10.4052571429997,34.6788830589905,0.789743304408381));
#2700=CARTESIAN_POINT('Ctrl Pts',(11.7074220132704,34.0144437633085,1.32154404433072));
#2701=CARTESIAN_POINT('Ctrl Pts',(11.5966576105008,33.7906185427431,1.41163423655057));
#2702=CARTESIAN_POINT('Ctrl Pts',(11.3013178011059,33.4668231224743,1.67014226648176));
#2703=CARTESIAN_POINT('Ctrl Pts',(10.9883290465042,33.5422760153427,1.87452059236553));
#2704=CARTESIAN_POINT('Ctrl Pts',(10.8042765874683,33.7212300274821,1.9856304283812));
#2705=CARTESIAN_POINT('Ctrl Pts',(12.8298603935998,33.0432295995726,1.21318141175941));
#2706=CARTESIAN_POINT('Ctrl Pts',(12.5634235613366,32.5735997304557,1.34588907100578));
#2707=CARTESIAN_POINT('Ctrl Pts',(11.7538661433467,31.8055047985453,1.78574065932524));
#2708=CARTESIAN_POINT('Ctrl Pts',(10.9072569624442,32.0012667356104,2.42685034643241));
#2709=CARTESIAN_POINT('Ctrl Pts',(10.5273138176795,32.4060578563901,2.76003977320694));
#2710=CARTESIAN_POINT('Ctrl Pts',(13.2529779287073,32.6272101645284,1.03203762637526));
#2711=CARTESIAN_POINT('Ctrl Pts',(12.9117932577134,32.0523608930943,1.17810456449727));
#2712=CARTESIAN_POINT('Ctrl Pts',(11.8556371804849,31.0941395471311,1.68619043230216));
#2713=CARTESIAN_POINT('Ctrl Pts',(10.7643483537516,31.3413189755561,2.53474557437248));
#2714=CARTESIAN_POINT('Ctrl Pts',(10.2993560872162,31.842745465371,2.97670674125259));
#2715=CARTESIAN_POINT('Origin',(7.54364217361204,31.842745465371,0.0773894377536245));
#2716=CARTESIAN_POINT('Ctrl Pts',(9.99947381683515,35.,0.102583558274267));
#2717=CARTESIAN_POINT('Ctrl Pts',(9.99401247444367,35.,0.634935439678411));
#2718=CARTESIAN_POINT('Ctrl Pts',(9.91943043954983,35.0000000000002,1.56954149621613));
#2719=CARTESIAN_POINT('Ctrl Pts',(9.47946388196769,35.0000000000001,3.33428776794045));
#2720=CARTESIAN_POINT('Ctrl Pts',(9.00354641183331,35.0000000000005,4.42278951439614));
#2721=CARTESIAN_POINT('Ctrl Pts',(8.5991155025538,35.,5.10443117052047));
#2722=CARTESIAN_POINT('Ctrl Pts',(8.5967195841573,35.,5.10846693371932));
#2723=CARTESIAN_POINT('Ctrl Pts',(8.59432043561327,35.,5.1125));
#2724=CARTESIAN_POINT('Ctrl Pts',(10.4052571429997,34.6788830589905,0.789743304408379));
#2725=CARTESIAN_POINT('Ctrl Pts',(10.2978579248574,34.6415405966179,1.24467333692442));
#2726=CARTESIAN_POINT('Ctrl Pts',(10.0533273477893,34.6455303233521,2.04893129108644));
#2727=CARTESIAN_POINT('Ctrl Pts',(9.43923668947874,34.7785318418231,3.55886368553344));
#2728=CARTESIAN_POINT('Ctrl Pts',(8.95912389006401,34.9104002078927,4.49802906295656));
#2729=CARTESIAN_POINT('Ctrl Pts',(8.59859605482584,34.9989537873757,5.10531046871832));
#2730=CARTESIAN_POINT('Ctrl Pts',(8.59645845234292,34.9994766151893,5.10890590692005));
#2731=CARTESIAN_POINT('Ctrl Pts',(8.59432043561327,35.,5.1125));
#2732=CARTESIAN_POINT('Ctrl Pts',(10.8042696906483,33.7212262887536,1.98562620199565));
#2733=CARTESIAN_POINT('Ctrl Pts',(10.5419759976988,33.7542344867746,2.29180359614843));
#2734=CARTESIAN_POINT('Ctrl Pts',(10.0937305020183,33.9160021256991,2.84934533424877));
#2735=CARTESIAN_POINT('Ctrl Pts',(9.32788487851836,34.3923085990463,3.93010451894375));
#2736=CARTESIAN_POINT('Ctrl Pts',(8.88183331037052,34.7541205988572,4.62973162121934));
#2737=CARTESIAN_POINT('Ctrl Pts',(8.59768303124267,34.9971207904567,5.10684782804674));
#2738=CARTESIAN_POINT('Ctrl Pts',(8.59600147166774,34.9985606917705,5.10967411002134));
#2739=CARTESIAN_POINT('Ctrl Pts',(8.59432043561327,35.,5.1125));
#2740=CARTESIAN_POINT('Ctrl Pts',(10.5273138176795,32.4060578563901,2.76003977320694));
#2741=CARTESIAN_POINT('Ctrl Pts',(10.2253168003532,32.641587243021,3.02873972209939));
#2742=CARTESIAN_POINT('Ctrl Pts',(9.79226302471799,33.0959182084919,3.46673248272303));
#2743=CARTESIAN_POINT('Ctrl Pts',(9.14262290241889,34.0040854118847,4.26023483053384));
#2744=CARTESIAN_POINT('Ctrl Pts',(8.80372987034789,34.5975538100393,4.76096867781207));
#2745=CARTESIAN_POINT('Ctrl Pts',(8.59676954063631,34.9952889578529,5.10838484222493));
#2746=CARTESIAN_POINT('Ctrl Pts',(8.59554449099257,34.9976447683517,5.11044231312262));
#2747=CARTESIAN_POINT('Ctrl Pts',(8.59432043561327,35.,5.1125));
#2748=CARTESIAN_POINT('Ctrl Pts',(10.2993560872162,31.842745465371,2.97670674125259));
#2749=CARTESIAN_POINT('Ctrl Pts',(10.0007356180547,32.1647641835621,3.26053651758037));
#2750=CARTESIAN_POINT('Ctrl Pts',(9.60746880279818,32.744385034219,3.68568861455771));
#2751=CARTESIAN_POINT('Ctrl Pts',(9.0507208765902,33.8375952585654,4.39444308931648));
#2752=CARTESIAN_POINT('Ctrl Pts',(8.77022531137116,34.5304367655587,4.81723140983455));
#2753=CARTESIAN_POINT('Ctrl Pts',(8.59637748096467,34.9945039558973,5.10904307556077));
#2754=CARTESIAN_POINT('Ctrl Pts',(8.59534864213178,34.9972522297437,5.11077154302317));
#2755=CARTESIAN_POINT('Ctrl Pts',(8.59432043561327,35.,5.1125));
#2756=CARTESIAN_POINT('Origin',(0.,35.,0.));
#2757=CARTESIAN_POINT('Origin',(-17.1886408712266,35.0000005215406,-10.225));
#2758=CARTESIAN_POINT('',(-10.2993560872162,31.842745465371,-2.97670674125254));
#2759=CARTESIAN_POINT('',(-13.2471546713455,32.6174319620519,-1.03453284450962));
#2760=CARTESIAN_POINT('Ctrl Pts',(-10.2993560872162,31.842745465371,-2.97670674125254));
#2761=CARTESIAN_POINT('Ctrl Pts',(-10.7643483537516,31.3413189755561,-2.53474557437251));
#2762=CARTESIAN_POINT('Ctrl Pts',(-11.8529811081197,31.0947411536289,-1.68825571860222));
#2763=CARTESIAN_POINT('Ctrl Pts',(-12.9066519230627,32.0477036310171,-1.18057982731405));
#2764=CARTESIAN_POINT('Ctrl Pts',(-13.2471543325455,32.6174322382966,-1.03453313224096));
#2765=CARTESIAN_POINT('',(-8.59432043561328,35.,-5.1125));
#2766=CARTESIAN_POINT('Ctrl Pts',(-8.59432043561328,35.,-5.1125));
#2767=CARTESIAN_POINT('Ctrl Pts',(-8.59534864213057,34.997252229745,-5.11077154302522));
#2768=CARTESIAN_POINT('Ctrl Pts',(-8.59637748096426,34.994503955897,-5.10904307556146));
#2769=CARTESIAN_POINT('Ctrl Pts',(-8.77022531140818,34.5304367655589,-4.81723140977245));
#2770=CARTESIAN_POINT('Ctrl Pts',(-9.05072087659774,33.8375952585654,-4.39444308930384));
#2771=CARTESIAN_POINT('Ctrl Pts',(-9.60746880281113,32.744385034219,-3.68568861453597));
#2772=CARTESIAN_POINT('Ctrl Pts',(-10.0007356180547,32.1647641835621,-3.26053651758032));
#2773=CARTESIAN_POINT('Ctrl Pts',(-10.2993560872162,31.842745465371,-2.97670674125253));
#2774=CARTESIAN_POINT('',(-8.59432043561328,0.,-5.1125));
#2775=CARTESIAN_POINT('',(-8.59432043561328,35.0000005215406,-5.1125));
#2776=CARTESIAN_POINT('Origin',(-17.1886408712266,0.,-10.225));
#2777=CARTESIAN_POINT('Ctrl Pts',(-13.2471546713455,32.6174319620519,-1.03453284450962));
#2778=CARTESIAN_POINT('Ctrl Pts',(-13.3376517928627,32.5233258900564,-0.995721633985257));
#2779=CARTESIAN_POINT('Ctrl Pts',(-13.4266555850828,32.4275190724823,-0.959133126652308));
#2780=CARTESIAN_POINT('Ctrl Pts',(-14.4291053533914,31.3169386011395,-0.563059914068793));
#2781=CARTESIAN_POINT('Ctrl Pts',(-15.2613889161876,30.0817127130321,-0.384891391860639));
#2782=CARTESIAN_POINT('Ctrl Pts',(-16.2278504681508,28.8313595988654,-0.268436569161478));
#2783=CARTESIAN_POINT('Ctrl Pts',(-16.484356762328,28.5150734083562,-0.246268338320876));
#2784=CARTESIAN_POINT('Ctrl Pts',(-16.8286614364625,28.1478914421086,-0.231177074625779));
#2785=CARTESIAN_POINT('Ctrl Pts',(-16.9085957807798,28.0662700199146,-0.22858565151424));
#2786=CARTESIAN_POINT('Ctrl Pts',(-17.055151046535,27.9247445437983,-0.225682487685711));
#2787=CARTESIAN_POINT('Ctrl Pts',(-17.1211312622501,27.8637750332378,-0.225000000000007));
#2788=CARTESIAN_POINT('Ctrl Pts',(-17.1886408712266,27.8045926448274,-0.225000000000007));
#2789=CARTESIAN_POINT('Ctrl Pts',(-17.1886408712265,25.4896608496871,0.224999999999995));
#2790=CARTESIAN_POINT('Ctrl Pts',(-15.338158037127,27.1921050643068,0.224999999999997));
#2791=CARTESIAN_POINT('Ctrl Pts',(-13.49056175726,28.8918936490213,0.751431633954306));
#2792=CARTESIAN_POINT('Ctrl Pts',(-11.917976841737,30.3386717774621,1.72675896504196));
#2793=CARTESIAN_POINT('Ctrl Pts',(-17.6322834361058,26.164769097716,0.224999999999995));
#2794=CARTESIAN_POINT('Ctrl Pts',(-15.753661297777,27.8238954204935,0.142463050236609));
#2795=CARTESIAN_POINT('Ctrl Pts',(-13.8368750826799,29.4900541761569,0.606574447051852));
#2796=CARTESIAN_POINT('Ctrl Pts',(-12.1901285455352,30.9121186314187,1.5579687189342));
#2797=CARTESIAN_POINT('Ctrl Pts',(-18.6685425015515,27.7416850601589,-0.362613398157616));
#2798=CARTESIAN_POINT('Ctrl Pts',(-16.6133622344671,29.2984838684384,-0.557511865493961));
#2799=CARTESIAN_POINT('Ctrl Pts',(-14.4744337236037,30.8870804939579,-0.143858518346528));
#2800=CARTESIAN_POINT('Ctrl Pts',(-12.6229595769531,32.2509085549479,0.837329330051508));
#2801=CARTESIAN_POINT('Ctrl Pts',(-19.2657600054122,28.6504943012951,-2.08536460562801));
#2802=CARTESIAN_POINT('Ctrl Pts',(-16.9083841793245,30.230910774307,-2.19405669788472));
#2803=CARTESIAN_POINT('Ctrl Pts',(-14.5126612059352,31.8389429566689,-1.62142134462177));
#2804=CARTESIAN_POINT('Ctrl Pts',(-12.4572495515673,33.2127664000704,-0.448997217376445));
#2805=CARTESIAN_POINT('Ctrl Pts',(-19.3583025916302,28.791319975375,-3.14920847179199));
#2806=CARTESIAN_POINT('Ctrl Pts',(-16.8519957547385,30.4459320987771,-3.1893611615967));
#2807=CARTESIAN_POINT('Ctrl Pts',(-14.333523711114,32.1077658955643,-2.51427710523552));
#2808=CARTESIAN_POINT('Ctrl Pts',(-12.184470880669,33.5255019420762,-1.22017685916707));
#2809=CARTESIAN_POINT('Ctrl Pts',(-13.2471546713455,32.6174319620519,-1.03453284450962));
#2810=CARTESIAN_POINT('Ctrl Pts',(-12.9327467038706,32.9443782596479,-1.16937198206041));
#2811=CARTESIAN_POINT('Ctrl Pts',(-12.5661849221688,33.2431991915201,-1.23527141647104));
#2812=CARTESIAN_POINT('Ctrl Pts',(-12.184470880669,33.5255019420762,-1.22017685916707));
#2813=CARTESIAN_POINT('Ctrl Pts',(-9.99947381683515,35.,-0.102583558274168));
#2814=CARTESIAN_POINT('Ctrl Pts',(-9.99947381683515,35.,-0.102583558274168));
#2815=CARTESIAN_POINT('Ctrl Pts',(-9.99947381683515,35.,-0.102583558274168));
#2816=CARTESIAN_POINT('Ctrl Pts',(-9.99947381683515,35.,-0.102583558274168));
#2817=CARTESIAN_POINT('Ctrl Pts',(-9.99947381683515,35.,-0.102583558274168));
#2818=CARTESIAN_POINT('Ctrl Pts',(-10.5505328599653,34.7413625455344,-0.662701047984821));
#2819=CARTESIAN_POINT('Ctrl Pts',(-10.5270531416432,34.6899446192574,-0.69319293269172));
#2820=CARTESIAN_POINT('Ctrl Pts',(-10.4850473783029,34.6386934894156,-0.768799653290891));
#2821=CARTESIAN_POINT('Ctrl Pts',(-10.448739225842,34.645637144445,-0.778529422001655));
#2822=CARTESIAN_POINT('Ctrl Pts',(-10.4052571429997,34.6788830589905,-0.789743304408296));
#2823=CARTESIAN_POINT('Ctrl Pts',(-11.7074220132704,34.0144437633085,-1.32154404433069));
#2824=CARTESIAN_POINT('Ctrl Pts',(-11.5966576105008,33.7906185427431,-1.41163423655054));
#2825=CARTESIAN_POINT('Ctrl Pts',(-11.301317801106,33.4668231224743,-1.67014226648168));
#2826=CARTESIAN_POINT('Ctrl Pts',(-10.9883290465042,33.5422760153427,-1.87452059236553));
#2827=CARTESIAN_POINT('Ctrl Pts',(-10.8042765874684,33.7212300274821,-1.98563042838114));
#2828=CARTESIAN_POINT('Ctrl Pts',(-12.8298603935999,33.0432295995725,-1.21318141175939));
#2829=CARTESIAN_POINT('Ctrl Pts',(-12.5634235613367,32.5735997304557,-1.34588907100576));
#2830=CARTESIAN_POINT('Ctrl Pts',(-11.7538661433468,31.8055047985454,-1.78574065932515));
#2831=CARTESIAN_POINT('Ctrl Pts',(-10.9072569624442,32.0012667356105,-2.42685034643244));
#2832=CARTESIAN_POINT('Ctrl Pts',(-10.5273138176796,32.4060578563901,-2.76003977320689));
#2833=CARTESIAN_POINT('Ctrl Pts',(-13.2529779287073,32.6272101645284,-1.03203762637525));
#2834=CARTESIAN_POINT('Ctrl Pts',(-12.9117932577134,32.0523608930943,-1.17810456449724));
#2835=CARTESIAN_POINT('Ctrl Pts',(-11.8556371804851,31.0941395471311,-1.68619043230206));
#2836=CARTESIAN_POINT('Ctrl Pts',(-10.7643483537516,31.3413189755561,-2.53474557437251));
#2837=CARTESIAN_POINT('Ctrl Pts',(-10.2993560872162,31.842745465371,-2.97670674125254));
#2838=CARTESIAN_POINT('Origin',(-7.54364217361212,31.842745465371,-0.0773894377535484));
#2839=CARTESIAN_POINT('Ctrl Pts',(-9.99947381683515,35.,-0.102583558274166));
#2840=CARTESIAN_POINT('Ctrl Pts',(-9.99401247444368,35.,-0.634935439678302));
#2841=CARTESIAN_POINT('Ctrl Pts',(-9.9194304395772,35.0000000000002,-1.56954149616992));
#2842=CARTESIAN_POINT('Ctrl Pts',(-9.47946388198366,35.0000000000002,-3.33428776791344));
#2843=CARTESIAN_POINT('Ctrl Pts',(-9.00354641191171,35.0000000000007,-4.42278951426398));
#2844=CARTESIAN_POINT('Ctrl Pts',(-8.59911550255291,35.,-5.10443117052197));
#2845=CARTESIAN_POINT('Ctrl Pts',(-8.59671958415625,35.,-5.10846693372109));
#2846=CARTESIAN_POINT('Ctrl Pts',(-8.59432043561328,35.,-5.1125));
#2847=CARTESIAN_POINT('Ctrl Pts',(-10.4052571429997,34.6788830589905,-0.789743304408294));
#2848=CARTESIAN_POINT('Ctrl Pts',(-10.2978579248574,34.6415405966179,-1.24467333692432));
#2849=CARTESIAN_POINT('Ctrl Pts',(-10.0533273478139,34.6455303233522,-2.04893129104485));
#2850=CARTESIAN_POINT('Ctrl Pts',(-9.43923668949308,34.7785318418231,-3.55886368550913));
#2851=CARTESIAN_POINT('Ctrl Pts',(-8.95912389013456,34.9104002078929,-4.49802906283769));
#2852=CARTESIAN_POINT('Ctrl Pts',(-8.59859605482504,34.9989537873756,-5.10531046871967));
#2853=CARTESIAN_POINT('Ctrl Pts',(-8.59645845234183,34.9994766151895,-5.10890590692188));
#2854=CARTESIAN_POINT('Ctrl Pts',(-8.59432043561328,35.,-5.1125));
#2855=CARTESIAN_POINT('Ctrl Pts',(-10.8042696906484,33.7212262887536,-1.98562620199559));
#2856=CARTESIAN_POINT('Ctrl Pts',(-10.5419759976988,33.7542344867746,-2.29180359614837));
#2857=CARTESIAN_POINT('Ctrl Pts',(-10.0937305020383,33.916002125699,-2.84934533421538));
#2858=CARTESIAN_POINT('Ctrl Pts',(-9.32788487853004,34.3923085990463,-3.93010451892426));
#2859=CARTESIAN_POINT('Ctrl Pts',(-8.88183331042751,34.7541205988569,-4.62973162112384));
#2860=CARTESIAN_POINT('Ctrl Pts',(-8.59768303124203,34.9971207904566,-5.10684782804782));
#2861=CARTESIAN_POINT('Ctrl Pts',(-8.59600147166661,34.9985606917712,-5.10967411002325));
#2862=CARTESIAN_POINT('Ctrl Pts',(-8.59432043561327,35.,-5.1125));
#2863=CARTESIAN_POINT('Ctrl Pts',(-10.5273138176796,32.4060578563901,-2.76003977320689));
#2864=CARTESIAN_POINT('Ctrl Pts',(-10.2253168003533,32.641587243021,-3.02873972209934));
#2865=CARTESIAN_POINT('Ctrl Pts',(-9.79226302473309,33.0959182084917,-3.46673248269774));
#2866=CARTESIAN_POINT('Ctrl Pts',(-9.14262290242769,34.0040854118846,-4.2602348305191));
#2867=CARTESIAN_POINT('Ctrl Pts',(-8.80372987039106,34.5975538100389,-4.7609686777398));
#2868=CARTESIAN_POINT('Ctrl Pts',(-8.59676954063583,34.9952889578527,-5.10838484222574));
#2869=CARTESIAN_POINT('Ctrl Pts',(-8.59554449099138,34.9976447683529,-5.11044231312463));
#2870=CARTESIAN_POINT('Ctrl Pts',(-8.59432043561328,35.,-5.1125));
#2871=CARTESIAN_POINT('Ctrl Pts',(-10.2993560872162,31.842745465371,-2.97670674125253));
#2872=CARTESIAN_POINT('Ctrl Pts',(-10.0007356180547,32.1647641835621,-3.26053651758032));
#2873=CARTESIAN_POINT('Ctrl Pts',(-9.60746880281113,32.744385034219,-3.68568861453597));
#2874=CARTESIAN_POINT('Ctrl Pts',(-9.05072087659774,33.8375952585654,-4.39444308930384));
#2875=CARTESIAN_POINT('Ctrl Pts',(-8.77022531140818,34.5304367655589,-4.81723140977245));
#2876=CARTESIAN_POINT('Ctrl Pts',(-8.59637748096426,34.994503955897,-5.10904307556146));
#2877=CARTESIAN_POINT('Ctrl Pts',(-8.59534864213057,34.997252229745,-5.11077154302522));
#2878=CARTESIAN_POINT('Ctrl Pts',(-8.59432043561328,35.,-5.1125));
#2879=CARTESIAN_POINT('Origin',(0.,35.,0.));
#2880=CARTESIAN_POINT('Origin',(-0.225000000000006,12.5,24.8999998904765));
#2881=CARTESIAN_POINT('',(-0.225000000000004,18.5821794090712,18.0129587710686));
#2882=CARTESIAN_POINT('',(-0.225000000000009,7.58865879460553,40.));
#2883=CARTESIAN_POINT('',(-0.225000000000007,11.3409270575891,32.4954634740328));
#2884=CARTESIAN_POINT('',(-0.225000000000003,19.0628075068175,17.1886408712266));
#2885=CARTESIAN_POINT('Ctrl Pts',(-0.224783019825607,19.0635503152892,17.1891039285263));
#2886=CARTESIAN_POINT('Ctrl Pts',(-0.224846648999562,19.0357065132515,17.2308023178986));
#2887=CARTESIAN_POINT('Ctrl Pts',(-0.224907542461118,19.0082156684727,17.2727745734299));
#2888=CARTESIAN_POINT('Ctrl Pts',(-0.224964928349948,18.981090327357,17.315042479649));
#2889=CARTESIAN_POINT('Ctrl Pts',(-0.225135991486162,18.9002316699989,17.4410400157405));
#2890=CARTESIAN_POINT('Ctrl Pts',(-0.225272720680558,18.8233246327013,17.5685589087166));
#2891=CARTESIAN_POINT('Ctrl Pts',(-0.225357028778021,18.7501866290341,17.6985745721856));
#2892=CARTESIAN_POINT('Ctrl Pts',(-0.225397325297858,18.7152290495807,17.7607178172567));
#2893=CARTESIAN_POINT('Ctrl Pts',(-0.225425173443553,18.6811319754895,17.8234310809657));
#2894=CARTESIAN_POINT('Ctrl Pts',(-0.225436528543435,18.6478723505717,17.8868191498911));
#2895=CARTESIAN_POINT('Ctrl Pts',(-0.225444066970002,18.6257919424121,17.9289012370397));
#2896=CARTESIAN_POINT('Ctrl Pts',(-0.225445020799737,18.6041867767446,17.9710814050812));
#2897=CARTESIAN_POINT('Ctrl Pts',(-0.225437296561792,18.5830346536179,18.013386393342));
#2898=CARTESIAN_POINT('',(-0.225000000000004,0.,17.1886408712266));
#2899=CARTESIAN_POINT('',(-0.225000000000003,35.0000005215406,17.1886408712266));
#2900=CARTESIAN_POINT('',(-0.225000000000009,0.,40.));
#2901=CARTESIAN_POINT('',(-0.225,0.,-4.9960036108132E-17));
#2902=CARTESIAN_POINT('',(-0.225000000000009,1.83697019872103E-15,40.));
#2903=CARTESIAN_POINT('Origin',(-8.88178419700125E-15,1.83697019872103E-15,
40.));
#2904=CARTESIAN_POINT('Origin',(-3.77500000000001,5.52786404500042,40.));
#2905=CARTESIAN_POINT('',(-8.88178419700125E-15,1.83697019872103E-15,40.));
#2906=CARTESIAN_POINT('Origin',(-3.77500000000001,9.69229125790504,31.6711455741908));
#2907=CARTESIAN_POINT('Origin',(-3.77500000000001,16.9335436093871,17.1886408712266));
#2908=CARTESIAN_POINT('Ctrl Pts',(1.63714271740756,20.5198880677422,12.0652916450051));
#2909=CARTESIAN_POINT('Ctrl Pts',(2.4846407565851,21.5143029163999,10.6446990040655));
#2910=CARTESIAN_POINT('Ctrl Pts',(3.69083823234853,22.3575755527215,9.44002380932039));
#2911=CARTESIAN_POINT('Ctrl Pts',(5.1125,22.9495679143164,8.59432043561328));
#2912=CARTESIAN_POINT('Ctrl Pts',(1.48621325794863,21.2059530199277,12.3182825305255));
#2913=CARTESIAN_POINT('Ctrl Pts',(2.3114306747362,22.1776692717732,10.8394706572927));
#2914=CARTESIAN_POINT('Ctrl Pts',(3.52392146624007,23.003971540326,9.57066889996204));
#2915=CARTESIAN_POINT('Ctrl Pts',(4.97295496503957,23.5847518725685,8.67733153539481));
#2916=CARTESIAN_POINT('Ctrl Pts',(0.705002915783562,22.8087880639672,12.653645101893));
#2917=CARTESIAN_POINT('Ctrl Pts',(1.56495029478163,23.7268868165739,10.9930210796305));
#2918=CARTESIAN_POINT('Ctrl Pts',(2.86953127132371,24.5137148577357,9.55596947055463));
#2919=CARTESIAN_POINT('Ctrl Pts',(4.4515308804978,25.0680544921784,8.54244775172334));
#2920=CARTESIAN_POINT('Ctrl Pts',(-0.803732891386821,23.8290042108051,12.2636706313336));
#2921=CARTESIAN_POINT('Ctrl Pts',(0.250853396727363,24.7674979738387,10.3916545180544));
#2922=CARTESIAN_POINT('Ctrl Pts',(1.78766802494669,25.5710752334988,8.79440871367375));
#2923=CARTESIAN_POINT('Ctrl Pts',(3.61556982137083,26.1345896990031,7.67043081453286));
#2924=CARTESIAN_POINT('Ctrl Pts',(-1.68155648728416,24.067861486126,11.8594067234838));
#2925=CARTESIAN_POINT('Ctrl Pts',(-0.510432790375053,25.0556877829906,9.88422865524457));
#2926=CARTESIAN_POINT('Ctrl Pts',(1.16034367630098,25.8940004671455,8.20798231119792));
#2927=CARTESIAN_POINT('Ctrl Pts',(3.13168253555443,26.4826172167965,7.03101036530724));
#2928=CARTESIAN_POINT('',(-1.21625467543679,23.9098280871342,12.0579800676091));
#2929=CARTESIAN_POINT('',(-0.335959087555966,25.,9.9943549812626));
#2930=CARTESIAN_POINT('Ctrl Pts',(-1.21625467543679,23.9098280871342,12.0579800676091));
#2931=CARTESIAN_POINT('Ctrl Pts',(-1.19680394067452,24.1241471299227,11.6966510177549));
#2932=CARTESIAN_POINT('Ctrl Pts',(-1.11381960802191,24.3198613998387,11.3295938985001));
#2933=CARTESIAN_POINT('Ctrl Pts',(-0.819072473921591,24.6844473896376,10.6256493949908));
#2934=CARTESIAN_POINT('Ctrl Pts',(-0.607991731706541,24.8512583032725,10.2930372576503));
#2935=CARTESIAN_POINT('Ctrl Pts',(-0.33851243136172,24.9986073979819,9.99715172111331));
#2936=CARTESIAN_POINT('Ctrl Pts',(-0.337236385097685,24.9993039480044,9.99575290367197));
#2937=CARTESIAN_POINT('Ctrl Pts',(-0.335959087555966,25.,9.9943549812626));
#2938=CARTESIAN_POINT('Origin',(-1.79800019562942,20.5198880677422,10.0159519545165));
#2939=CARTESIAN_POINT('Ctrl Pts',(-0.335959087555915,25.,9.9943549812626));
#2940=CARTESIAN_POINT('Ctrl Pts',(-0.0786235443719772,24.9872057222525,
10.0030052858041));
#2941=CARTESIAN_POINT('Ctrl Pts',(0.178099719418796,24.9605012537015,10.0016679643638));
#2942=CARTESIAN_POINT('Ctrl Pts',(0.951159871054829,24.8427815904593,9.96816525304119));
#2943=CARTESIAN_POINT('Ctrl Pts',(1.45836764027669,24.714499231117,9.90567409706408));
#2944=CARTESIAN_POINT('Ctrl Pts',(2.43972892456714,24.387373499934,9.71076919871728));
#2945=CARTESIAN_POINT('Ctrl Pts',(2.91283591890786,24.1884833824734,9.57836253957654));
#2946=CARTESIAN_POINT('Ctrl Pts',(3.98329522953507,23.6638905178991,9.19595937866189));
#2947=CARTESIAN_POINT('Ctrl Pts',(4.56436805871961,23.3168459237069,8.9196538236711));
#2948=CARTESIAN_POINT('Ctrl Pts',(5.10678711658463,22.9533993518515,8.59771692903541));
#2949=CARTESIAN_POINT('Ctrl Pts',(5.10964409471004,22.951483861291,8.59601932686411));
#2950=CARTESIAN_POINT('Ctrl Pts',(5.11249999999816,22.9495679143157,8.59432043561437));
#2951=CARTESIAN_POINT('Origin',(-10.225,35.0000005215406,17.1886408712266));
#2952=CARTESIAN_POINT('',(-3.09832946353896,21.9846397963132,10.1736164903182));
#2953=CARTESIAN_POINT('',(-1.01271205722996,23.0262991133065,13.2984286842766));
#2954=CARTESIAN_POINT('Ctrl Pts',(-3.09832946353896,21.9846397963132,10.1736164903182));
#2955=CARTESIAN_POINT('Ctrl Pts',(-2.61311039961786,21.4033543268495,10.6665579569205));
#2956=CARTESIAN_POINT('Ctrl Pts',(-1.66247321954559,21.1576527178221,11.8709308358152));
#2957=CARTESIAN_POINT('Ctrl Pts',(-1.14786316100252,22.3414968914244,12.9784089033491));
#2958=CARTESIAN_POINT('Ctrl Pts',(-1.01271377406668,23.026301008511,13.298425353788));
#2959=CARTESIAN_POINT('',(-5.1125,25.,8.59432043561328));
#2960=CARTESIAN_POINT('Ctrl Pts',(-5.1125,25.,8.59432043561328));
#2961=CARTESIAN_POINT('Ctrl Pts',(-5.11076931017123,24.9972486801248,8.59534997038753));
#2962=CARTESIAN_POINT('Ctrl Pts',(-5.10903866774015,24.9944969433773,8.5963801083961));
#2963=CARTESIAN_POINT('Ctrl Pts',(-4.83377679687417,24.556749612708,8.7603678022329));
#2964=CARTESIAN_POINT('Ctrl Pts',(-4.43473317759837,23.9039758416478,9.02363624109272));
#2965=CARTESIAN_POINT('Ctrl Pts',(-3.76664036874998,22.8655756253006,9.54031879704524));
#2966=CARTESIAN_POINT('Ctrl Pts',(-3.36595020455992,22.3052456002679,9.9017364872821));
#2967=CARTESIAN_POINT('Ctrl Pts',(-3.09832946353895,21.9846397963132,10.1736164903182));
#2968=CARTESIAN_POINT('',(-5.1125,0.,8.59432043561328));
#2969=CARTESIAN_POINT('',(-5.1125,35.0000005215406,8.59432043561328));
#2970=CARTESIAN_POINT('Origin',(-10.225,0.,17.1886408712266));
#2971=CARTESIAN_POINT('Ctrl Pts',(-1.01248598700472,23.0248482566231,13.2976190098444));
#2972=CARTESIAN_POINT('Ctrl Pts',(-0.971006330413364,22.9355883268399,13.3957208338626));
#2973=CARTESIAN_POINT('Ctrl Pts',(-0.931688035270141,22.8438087226929,13.4931902322996));
#2974=CARTESIAN_POINT('Ctrl Pts',(-0.894387498762139,22.7501134758216,13.5898744969101));
#2975=CARTESIAN_POINT('Ctrl Pts',(-0.854784314883239,22.6506342072157,13.6925273021517));
#2976=CARTESIAN_POINT('Ctrl Pts',(-0.817455874471417,22.5489953538245,13.7942949301582));
#2977=CARTESIAN_POINT('Ctrl Pts',(-0.782253814262868,22.4458934824316,13.8950435093301));
#2978=CARTESIAN_POINT('Ctrl Pts',(-0.745258954639087,22.3375407543091,14.0009230948338));
#2979=CARTESIAN_POINT('Ctrl Pts',(-0.710612990976598,22.2275720168891,14.1056773522076));
#2980=CARTESIAN_POINT('Ctrl Pts',(-0.678164219279149,22.1167700191683,14.209202985921));
#2981=CARTESIAN_POINT('Ctrl Pts',(-0.643507402349668,21.9984282653961,14.3197732401225));
#2982=CARTESIAN_POINT('Ctrl Pts',(-0.611357549783426,21.879135886981,14.4289423467604));
#2983=CARTESIAN_POINT('Ctrl Pts',(-0.581544746610803,21.7598201001375,14.5366385699976));
#2984=CARTESIAN_POINT('Ctrl Pts',(-0.548604044711681,21.6279859433991,14.6556340621282));
#2985=CARTESIAN_POINT('Ctrl Pts',(-0.518517232467716,21.496123310994,14.7728322214217));
#2986=CARTESIAN_POINT('Ctrl Pts',(-0.491061855072989,21.3654516847146,14.8881913952919));
#2987=CARTESIAN_POINT('Ctrl Pts',(-0.458918394650864,21.2124675101675,15.0232484730481));
#2988=CARTESIAN_POINT('Ctrl Pts',(-0.430382283832567,21.0611166684982,15.1557875063926));
#2989=CARTESIAN_POINT('Ctrl Pts',(-0.405092559804375,20.9133073170289,15.2857876173635));
#2990=CARTESIAN_POINT('Ctrl Pts',(-0.382918036658889,20.7837051955655,15.3997742495002));
#2991=CARTESIAN_POINT('Ctrl Pts',(-0.363238458015945,20.6568252165418,15.5118116144295));
#2992=CARTESIAN_POINT('Ctrl Pts',(-0.345811688849747,20.5339210570523,15.6218765869478));
#2993=CARTESIAN_POINT('Ctrl Pts',(-0.336238049148679,20.4664019357801,15.6823423210463));
#2994=CARTESIAN_POINT('Ctrl Pts',(-0.327344377170724,20.4000821806903,15.7422123950769));
#2995=CARTESIAN_POINT('Ctrl Pts',(-0.319092815170447,20.3351652437783,15.8014779139728));
#2996=CARTESIAN_POINT('Ctrl Pts',(-0.31117415755061,20.2728673422273,15.8583524006194));
#2997=CARTESIAN_POINT('Ctrl Pts',(-0.303846583109797,20.2118614905699,15.9146702987238));
#2998=CARTESIAN_POINT('Ctrl Pts',(-0.297076561439283,20.152326631744,15.9704206881227));
#2999=CARTESIAN_POINT('Ctrl Pts',(-0.289229970557755,20.0833245364583,16.0350365074493));
#3000=CARTESIAN_POINT('Ctrl Pts',(-0.281880219987243,20.0138494910316,16.1012270542018));
#3001=CARTESIAN_POINT('Ctrl Pts',(-0.27509813750864,19.9446457134767,16.1687229760352));
#3002=CARTESIAN_POINT('Ctrl Pts',(-0.268065166575078,19.8728818920293,16.238715763337));
#3003=CARTESIAN_POINT('Ctrl Pts',(-0.261642067944417,19.8014100285081,16.3101126025618));
#3004=CARTESIAN_POINT('Ctrl Pts',(-0.255910881432155,19.7310922050595,16.3826618113618));
#3005=CARTESIAN_POINT('Ctrl Pts',(-0.249943637907734,19.6578781200306,16.4581991883932));
#3006=CARTESIAN_POINT('Ctrl Pts',(-0.244725236822056,19.5859156350644,16.5349863936444));
#3007=CARTESIAN_POINT('Ctrl Pts',(-0.24036531073557,19.5162060924063,16.6127843198898));
#3008=CARTESIAN_POINT('Ctrl Pts',(-0.237867753667138,19.4762734060375,16.6573503874673));
#3009=CARTESIAN_POINT('Ctrl Pts',(-0.235652292665772,19.4370805031612,16.7022488965347));
#3010=CARTESIAN_POINT('Ctrl Pts',(-0.233744844462055,19.3988182450147,16.7474398512327));
#3011=CARTESIAN_POINT('Ctrl Pts',(-0.230427270382775,19.3322697140537,16.8260392803713));
#3012=CARTESIAN_POINT('Ctrl Pts',(-0.227954917812283,19.2676196921377,16.9064935142508));
#3013=CARTESIAN_POINT('Ctrl Pts',(-0.22645324343065,19.205693105498,16.9888842877146));
#3014=CARTESIAN_POINT('Ctrl Pts',(-0.225260638632575,19.1565120411753,17.0543176685805));
#3015=CARTESIAN_POINT('Ctrl Pts',(-0.224679134949638,19.1090199338177,17.1210095017478));
#3016=CARTESIAN_POINT('Ctrl Pts',(-0.224783019825604,19.0635503152892,17.1891039285263));
#3017=CARTESIAN_POINT('Ctrl Pts',(0.224999999999993,16.9335436093871,17.1886408712266));
#3018=CARTESIAN_POINT('Ctrl Pts',(0.224999999999993,18.1886470098529,15.3956360134183));
#3019=CARTESIAN_POINT('Ctrl Pts',(0.71852371232122,19.4420231799325,13.6050986275903));
#3020=CARTESIAN_POINT('Ctrl Pts',(1.63714271740755,20.5198880677422,12.0652916450051));
#3021=CARTESIAN_POINT('Ctrl Pts',(0.224999999999993,17.6371341268902,17.5404361299781));
#3022=CARTESIAN_POINT('Ctrl Pts',(0.16162236901441,18.8565918634975,15.7298842863944));
#3023=CARTESIAN_POINT('Ctrl Pts',(0.604483110486083,20.0806187361448,13.8891581405142));
#3024=CARTESIAN_POINT('Ctrl Pts',(1.50153008005946,21.1363288732119,12.2926081764063));
#3025=CARTESIAN_POINT('Ctrl Pts',(-0.331171002185255,19.2805224651708,18.3621302991184));
#3026=CARTESIAN_POINT('Ctrl Pts',(-0.482726329285275,20.4158489903425,16.4092789102296));
#3027=CARTESIAN_POINT('Ctrl Pts',(-0.0813213174012403,21.5720696397777,
14.3867986677757));
#3028=CARTESIAN_POINT('Ctrl Pts',(0.840341161489518,22.5755856495753,12.6177840692946));
#3029=CARTESIAN_POINT('Ctrl Pts',(-1.97401438169159,20.2629926735914,18.8533654033287));
#3030=CARTESIAN_POINT('Ctrl Pts',(-2.06450622015293,21.4126417003813,16.6141035844683));
#3031=CARTESIAN_POINT('Ctrl Pts',(-1.53010710224825,22.5821809987683,14.3377464322996));
#3032=CARTESIAN_POINT('Ctrl Pts',(-0.437882183736997,23.5921972910774,12.3635266136416));
#3033=CARTESIAN_POINT('Ctrl Pts',(-3.00315341080588,20.4440139872994,18.9438760601827));
#3034=CARTESIAN_POINT('Ctrl Pts',(-3.04205797675797,21.6506035532178,16.5478048103682));
#3035=CARTESIAN_POINT('Ctrl Pts',(-2.41934073291533,22.8635760723437,14.137589781317));
#3036=CARTESIAN_POINT('Ctrl Pts',(-1.21625467543679,23.9098280871342,12.0579800676091));
#3037=CARTESIAN_POINT('Ctrl Pts',(-1.01248598700472,23.0248482566231,13.2976190098444));
#3038=CARTESIAN_POINT('Ctrl Pts',(-1.04209271635451,23.088547853884,13.2276127048935));
#3039=CARTESIAN_POINT('Ctrl Pts',(-1.06879043324916,23.1506880447769,13.1551385289903));
#3040=CARTESIAN_POINT('Ctrl Pts',(-1.09239134707911,23.2114170599211,13.080552825097));
#3041=CARTESIAN_POINT('Ctrl Pts',(-1.11650892663301,23.2734755405599,13.0043343082976));
#3042=CARTESIAN_POINT('Ctrl Pts',(-1.13739275972871,23.334060641649,12.9259110123289));
#3043=CARTESIAN_POINT('Ctrl Pts',(-1.15489633345045,23.3933209051093,12.8456631316943));
#3044=CARTESIAN_POINT('Ctrl Pts',(-1.16504827920098,23.4276914279165,12.7991199432148));
#3045=CARTESIAN_POINT('Ctrl Pts',(-1.17406412149982,23.4616160857097,12.7519629614747));
#3046=CARTESIAN_POINT('Ctrl Pts',(-1.18192301042965,23.4951219297281,12.7042659244782));
#3047=CARTESIAN_POINT('Ctrl Pts',(-1.19601598906513,23.5552063956282,12.6187330547086));
#3048=CARTESIAN_POINT('Ctrl Pts',(-1.2063476197365,23.6138013787022,12.531666159017));
#3049=CARTESIAN_POINT('Ctrl Pts',(-1.21278887120456,23.6710728300935,12.4434627745568));
#3050=CARTESIAN_POINT('Ctrl Pts',(-1.21932723485924,23.7292077403798,12.3539295827487));
#3051=CARTESIAN_POINT('Ctrl Pts',(-1.22185726604527,23.7859792388242,12.2632256280581));
#3052=CARTESIAN_POINT('Ctrl Pts',(-1.22029365433657,23.8415419410149,12.1717592632554));
#3053=CARTESIAN_POINT('Ctrl Pts',(-1.21964737204172,23.8645074832143,12.1339537826384));
#3054=CARTESIAN_POINT('Ctrl Pts',(-1.21830229559536,23.8872662663216,12.0960179440904));
#3055=CARTESIAN_POINT('Ctrl Pts',(-1.21625467543679,23.9098280871342,12.0579800676091));
#3056=CARTESIAN_POINT('Ctrl Pts',(-0.335959087555966,25.,9.9943549812626));
#3057=CARTESIAN_POINT('Ctrl Pts',(-0.335959087555966,25.,9.9943549812626));
#3058=CARTESIAN_POINT('Ctrl Pts',(-0.335959087555966,25.,9.9943549812626));
#3059=CARTESIAN_POINT('Ctrl Pts',(-0.335959087555966,25.,9.9943549812626));
#3060=CARTESIAN_POINT('Ctrl Pts',(-0.335959087555966,25.,9.9943549812626));
#3061=CARTESIAN_POINT('Ctrl Pts',(-0.816009734155254,24.7685771916323,10.5591263927737));
#3062=CARTESIAN_POINT('Ctrl Pts',(-0.848153049837116,24.6933420265723,10.5310216894651));
#3063=CARTESIAN_POINT('Ctrl Pts',(-0.944436786708977,24.6085281240476,10.4654869172678));
#3064=CARTESIAN_POINT('Ctrl Pts',(-0.969701273558239,24.6191963391949,10.4107694705663));
#3065=CARTESIAN_POINT('Ctrl Pts',(-0.98958756889136,24.665688812256,10.3561538980189));
#3066=CARTESIAN_POINT('Ctrl Pts',(-1.34701409289307,24.1669779665805,11.7260799439968));
#3067=CARTESIAN_POINT('Ctrl Pts',(-1.43611413829008,23.8759697481125,11.6128630717203));
#3068=CARTESIAN_POINT('Ctrl Pts',(-1.73080912559811,23.4399617993494,11.2687732312653));
#3069=CARTESIAN_POINT('Ctrl Pts',(-1.98622063983705,23.5208711494862,10.8977699477002));
#3070=CARTESIAN_POINT('Ctrl Pts',(-2.12072772996297,23.7396369795561,10.6895614980176));
#3071=CARTESIAN_POINT('Ctrl Pts',(-1.19120069664412,23.3938690965031,12.8735563056559));
#3072=CARTESIAN_POINT('Ctrl Pts',(-1.31568594858165,22.8141117548954,12.6203382383752));
#3073=CARTESIAN_POINT('Ctrl Pts',(-1.77395203431385,21.8406839796982,11.7551223177573));
#3074=CARTESIAN_POINT('Ctrl Pts',(-2.50645106538711,22.0383184174252,10.8061634124934));
#3075=CARTESIAN_POINT('Ctrl Pts',(-2.87670229844768,22.5109490987283,10.3987709162721));
#3076=CARTESIAN_POINT('Ctrl Pts',(-1.00564548515646,23.0626787811529,13.3152054025974));
#3077=CARTESIAN_POINT('Ctrl Pts',(-1.14019096424859,22.3592825729582,12.9949670818184));
#3078=CARTESIAN_POINT('Ctrl Pts',(-1.65536428818969,21.1558153439962,11.8799372204827));
#3079=CARTESIAN_POINT('Ctrl Pts',(-2.61311039961786,21.4033543268495,10.6665579569205));
#3080=CARTESIAN_POINT('Ctrl Pts',(-3.09832946353896,21.9846397963132,10.1736164903182));
#3081=CARTESIAN_POINT('Origin',(-0.24766124895454,21.9846397963132,7.36760673795492));
#3082=CARTESIAN_POINT('Ctrl Pts',(-0.335959087555964,25.,9.9943549812626));
#3083=CARTESIAN_POINT('Ctrl Pts',(-0.860971007980232,25.,9.97670676623798));
#3084=CARTESIAN_POINT('Ctrl Pts',(-1.7659430301186,24.9999999999998,9.88272979605305));
#3085=CARTESIAN_POINT('Ctrl Pts',(-3.43948450097503,24.9999999999999,9.43659478064942));
#3086=CARTESIAN_POINT('Ctrl Pts',(-4.46142803864992,24.9999999999994,8.98057605337205));
#3087=CARTESIAN_POINT('Ctrl Pts',(-5.10442091739384,25.,8.59912178309268));
#3088=CARTESIAN_POINT('Ctrl Pts',(-5.10846172373185,25.,8.59672268342049));
#3089=CARTESIAN_POINT('Ctrl Pts',(-5.1125,25.,8.59432043561328));
#3090=CARTESIAN_POINT('Ctrl Pts',(-0.989587568891357,24.665688812256,10.3561538980189));
#3091=CARTESIAN_POINT('Ctrl Pts',(-1.4393800988256,24.640491394115,10.2396439563091));
#3092=CARTESIAN_POINT('Ctrl Pts',(-2.21702073113717,24.6567819846941,9.99119377769505));
#3093=CARTESIAN_POINT('Ctrl Pts',(-3.64927328780654,24.7911683926295,9.39448783569762));
#3094=CARTESIAN_POINT('Ctrl Pts',(-4.53246054501952,24.915449858441,8.93868791738387));
#3095=CARTESIAN_POINT('Ctrl Pts',(-5.10530130006163,24.9989523276092,8.59860147973798));
#3096=CARTESIAN_POINT('Ctrl Pts',(-5.10890126400602,24.9994759390714,8.59646121427135));
#3097=CARTESIAN_POINT('Ctrl Pts',(-5.1125,25.,8.59432043561328));
#3098=CARTESIAN_POINT('Ctrl Pts',(-2.12072390955372,23.7396337606819,10.6895550262054));
#3099=CARTESIAN_POINT('Ctrl Pts',(-2.42657870694962,23.7900632297517,10.4326462729704));
#3100=CARTESIAN_POINT('Ctrl Pts',(-2.96814444215716,23.963839467057,10.0060659116994));
#3101=CARTESIAN_POINT('Ctrl Pts',(-3.99688140449743,24.4267676505689,9.28473531054107));
#3102=CARTESIAN_POINT('Ctrl Pts',(-4.65677772115962,24.7678833640069,8.86571807673325));
#3103=CARTESIAN_POINT('Ctrl Pts',(-5.10684064587287,24.9971171835869,8.59768733956546));
#3104=CARTESIAN_POINT('Ctrl Pts',(-5.10967045948581,24.9985588324464,8.59600364326037));
#3105=CARTESIAN_POINT('Ctrl Pts',(-5.1125,25.,8.59432043561328));
#3106=CARTESIAN_POINT('Ctrl Pts',(-2.87670229844768,22.5109490987283,10.3987709162721));
#3107=CARTESIAN_POINT('Ctrl Pts',(-3.13618014755346,22.7506753038329,10.1175978147911));
#3108=CARTESIAN_POINT('Ctrl Pts',(-3.55531594089125,23.1950894883523,9.71505665866833));
#3109=CARTESIAN_POINT('Ctrl Pts',(-4.30791500748969,24.0608699006925,9.10974209105726));
#3110=CARTESIAN_POINT('Ctrl Pts',(-4.78067326832006,24.6200984578626,8.79199990978102));
#3111=CARTESIAN_POINT('Ctrl Pts',(-5.10837956691377,24.9952829778173,8.59677264676032));
#3112=CARTESIAN_POINT('Ctrl Pts',(-5.11043965496561,24.9976417258213,8.59554607224938));
#3113=CARTESIAN_POINT('Ctrl Pts',(-5.1125,25.,8.59432043561328));
#3114=CARTESIAN_POINT('Ctrl Pts',(-3.09832946353895,21.9846397963132,10.1736164903182));
#3115=CARTESIAN_POINT('Ctrl Pts',(-3.36595020455992,22.3052456002679,9.9017364872821));
#3116=CARTESIAN_POINT('Ctrl Pts',(-3.76664036874998,22.8655756253006,9.54031879704524));
#3117=CARTESIAN_POINT('Ctrl Pts',(-4.43473317759837,23.9039758416478,9.02363624109272));
#3118=CARTESIAN_POINT('Ctrl Pts',(-4.83377679687417,24.556749612708,8.7603678022329));
#3119=CARTESIAN_POINT('Ctrl Pts',(-5.10903866774015,24.9944969433773,8.5963801083961));
#3120=CARTESIAN_POINT('Ctrl Pts',(-5.11076931017123,24.9972486801248,8.59534997038753));
#3121=CARTESIAN_POINT('Ctrl Pts',(-5.1125,25.,8.59432043561328));
#3122=CARTESIAN_POINT('Origin',(0.,25.,0.));
#3123=CARTESIAN_POINT('Origin',(-2.77555756156289E-16,36.0000010430813,
-11.499999742955));
#3124=CARTESIAN_POINT('',(2.00000002980232,36.0000010430813,-11.499999742955));
#3125=CARTESIAN_POINT('',(-2.00000002980232,36.0000010430813,-11.499999742955));
#3126=CARTESIAN_POINT('Origin',(-2.77555756156289E-16,36.0000010430813,
-11.499999742955));
#3127=CARTESIAN_POINT('',(2.00000002980232,31.0000010430813,-11.499999742955));
#3128=CARTESIAN_POINT('',(2.00000002980232,36.0000010430813,-11.499999742955));
#3129=CARTESIAN_POINT('',(-2.00000002980232,31.0000010430813,-11.499999742955));
#3130=CARTESIAN_POINT('Origin',(-2.77555756156289E-16,31.0000010430813,
-11.499999742955));
#3131=CARTESIAN_POINT('',(-2.00000002980232,36.0000010430813,-11.499999742955));
#3132=CARTESIAN_POINT('Origin',(-2.77555756156289E-16,36.0000010430813,
-11.499999742955));
#3133=CARTESIAN_POINT('',(1.49999996647239,36.0000010430813,-11.499999742955));
#3134=CARTESIAN_POINT('',(-1.49999996647239,36.0000010430813,-11.499999742955));
#3135=CARTESIAN_POINT('Origin',(-2.77555756156289E-16,36.0000010430813,
-11.499999742955));
#3136=CARTESIAN_POINT('',(-1.49999996647239,31.0000010430813,-11.499999742955));
#3137=CARTESIAN_POINT('',(-1.49999996647239,36.0000010430813,-11.499999742955));
#3138=CARTESIAN_POINT('',(1.49999996647239,31.0000010430813,-11.499999742955));
#3139=CARTESIAN_POINT('Origin',(-2.77555756156289E-16,31.0000010430813,
-11.499999742955));
#3140=CARTESIAN_POINT('',(1.49999996647239,36.0000010430813,-11.499999742955));
#3141=CARTESIAN_POINT('Origin',(-2.00000002980232,36.0000010430813,-9.39999978989363));
#3142=CARTESIAN_POINT('',(-2.00000002980232,36.0000010430813,-9.79795896504934));
#3143=CARTESIAN_POINT('',(-2.00000002980232,36.0000010430813,-11.499999742955));
#3144=CARTESIAN_POINT('',(-2.00000002980232,31.0000010430813,-9.79795896504934));
#3145=CARTESIAN_POINT('',(-2.00000002980232,31.0000010430813,-11.499999742955));
#3146=CARTESIAN_POINT('',(-1.99999995529651,35.0000005215406,-9.79795898025777));
#3147=CARTESIAN_POINT('Origin',(2.00000002980232,36.0000010430813,-11.499999742955));
#3148=CARTESIAN_POINT('',(2.00000002980232,31.0000010430813,-9.79795896504934));
#3149=CARTESIAN_POINT('',(2.00000002980232,31.0000010430813,-11.499999742955));
#3150=CARTESIAN_POINT('',(2.00000002980232,36.0000010430813,-9.79795896504934));
#3151=CARTESIAN_POINT('',(2.00000002980232,36.0000010430813,-11.499999742955));
#3152=CARTESIAN_POINT('',(2.00000002980232,35.0000005215406,-9.79795896504934));
#3153=CARTESIAN_POINT('Origin',(2.00000002980232,70.0000010430813,-9.39999978989363));
#3154=CARTESIAN_POINT('',(1.50000002980232,0.,-9.39999978989363));
#3155=CARTESIAN_POINT('',(1.49999996647239,53.0000010430813,-9.39999978989363));
#3156=CARTESIAN_POINT('',(-1.50000002980232,0.,-9.39999978989363));
#3157=CARTESIAN_POINT('',(1.00000001490116,0.,-9.39999978989363));
#3158=CARTESIAN_POINT('',(-1.49999996647239,53.0000010430813,-9.39999978989363));
#3159=CARTESIAN_POINT('Origin',(1.94289029309402E-15,36.0000010430813,-11.4499997664243));
#3160=CARTESIAN_POINT('',(-1.49999996647239,36.0000010430813,-9.88685997172929));
#3161=CARTESIAN_POINT('Origin',(0.,36.0000010430813,0.));
#3162=CARTESIAN_POINT('',(-1.49999996647239,36.0000010430813,-11.499999742955));
#3163=CARTESIAN_POINT('',(1.49999996647239,36.0000010430813,-9.88685997172929));
#3164=CARTESIAN_POINT('',(1.49999996647239,36.0000010430813,-9.39999978989363));
#3165=CARTESIAN_POINT('Origin',(0.,36.0000010430813,0.));
#3166=CARTESIAN_POINT('Origin',(-1.99840144432528E-15,0.,9.));
#3167=CARTESIAN_POINT('Origin',(0.,0.,0.));
#3168=CARTESIAN_POINT('',(-1.49999996647239,0.,-9.88685997172929));
#3169=CARTESIAN_POINT('Origin',(0.,0.,0.));
#3170=CARTESIAN_POINT('',(-1.49999995529652,0.,-0.199999894946815));
#3171=CARTESIAN_POINT('',(1.49999996647239,0.,-9.88685997172929));
#3172=CARTESIAN_POINT('',(1.50000002980232,0.,-0.499999999999999));
#3173=CARTESIAN_POINT('Origin',(0.,0.,0.));
#3174=CARTESIAN_POINT('Origin',(0.,0.,0.));
#3175=CARTESIAN_POINT('Origin',(1.94289029309402E-15,31.0000010430813,-11.4499997664243));
#3176=CARTESIAN_POINT('',(1.49999996647239,31.0000010430813,-9.88685997172929));
#3177=CARTESIAN_POINT('Origin',(0.,31.0000010430813,0.));
#3178=CARTESIAN_POINT('',(1.49999996647239,31.0000010430813,-9.39999978989363));
#3179=CARTESIAN_POINT('',(-1.49999996647239,31.0000010430813,-9.88685997172929));
#3180=CARTESIAN_POINT('',(-1.49999996647239,31.0000010430813,-11.499999742955));
#3181=CARTESIAN_POINT('Origin',(0.,31.0000010430813,0.));
#3182=CARTESIAN_POINT('Origin',(-1.49999996647239,36.0000010430813,-11.499999742955));
#3183=CARTESIAN_POINT('',(-1.49999996647239,35.0000005215406,-9.88685997172929));
#3184=CARTESIAN_POINT('',(-1.49999996647239,35.0000005215406,-9.88685997172929));
#3185=CARTESIAN_POINT('Origin',(0.,35.0000005215406,0.));
#3186=CARTESIAN_POINT('',(1.49999996647239,35.0000005215406,-9.88685997172929));
#3187=CARTESIAN_POINT('',(1.49999996647239,35.0000005215406,-9.88685997172929));
#3188=CARTESIAN_POINT('',(3.44509284839767E-15,35.0000005215406,-10.));
#3189=CARTESIAN_POINT('Origin',(1.49999996647239,36.0000010430813,-9.39999978989363));
#3190=CARTESIAN_POINT('Origin',(1.62265702460971E-15,70.0000010430813,-13.2500001285225));
#3191=CARTESIAN_POINT('',(2.00000002980232,70.0000010430813,9.79795896504934));
#3192=CARTESIAN_POINT('',(2.00000002980232,69.9999984353781,7.74596680783873));
#3193=CARTESIAN_POINT('',(2.00000002980232,70.0000010430813,-2.57500015478581));
#3194=CARTESIAN_POINT('',(8.00000011920929,70.0000010430813,2.75607431978684E-15));
#3195=CARTESIAN_POINT('Origin',(0.,70.0000010430813,0.));
#3196=CARTESIAN_POINT('',(10.,70.0000010430813,3.44509284839767E-15));
#3197=CARTESIAN_POINT('',(25.,70.0000010430813,8.61273212099416E-15));
#3198=CARTESIAN_POINT('Origin',(0.,70.0000010430813,0.));
#3199=CARTESIAN_POINT('Origin',(0.,117.303849325257,0.));
#3200=CARTESIAN_POINT('',(2.00000002980232,70.9999984130263,7.74596680783873));
#3201=CARTESIAN_POINT('',(2.00000002980232,117.303849325257,7.74596680783873));
#3202=CARTESIAN_POINT('',(1.00000002980232,70.9999984130263,7.9372540495907));
#3203=CARTESIAN_POINT('Origin',(0.,70.9999984130263,0.));
#3204=CARTESIAN_POINT('',(1.00000002980232,69.9999984353781,7.9372540495907));
#3205=CARTESIAN_POINT('',(1.00000002980232,117.303849325257,7.9372540495907));
#3206=CARTESIAN_POINT('',(-8.00000011920929,70.0000010430813,-9.7971745391681E-16));
#3207=CARTESIAN_POINT('Origin',(0.,70.0000010430813,0.));
#3208=CARTESIAN_POINT('',(-8.00000011920929,164.607697607433,-9.7971745391681E-16));
#3209=CARTESIAN_POINT('',(-8.00000011920929,117.303849325257,-2.75607431978684E-15));
#3210=CARTESIAN_POINT('',(8.00000011920929,164.607697607433,2.75607431978684E-15));
#3211=CARTESIAN_POINT('Origin',(0.,164.607697607433,0.));
#3212=CARTESIAN_POINT('',(8.00000011920929,117.303849325257,2.75607431978684E-15));
#3213=CARTESIAN_POINT('',(1.00000002980232,73.9999983459711,7.9372540495907));
#3214=CARTESIAN_POINT('',(2.00000002980232,73.9999983459711,7.74596680783873));
#3215=CARTESIAN_POINT('Origin',(0.,73.9999983459711,0.));
#3216=CARTESIAN_POINT('',(2.00000002980232,74.9999983236194,7.74596680783873));
#3217=CARTESIAN_POINT('',(2.00000002980232,117.303849325257,7.74596680783873));
#3218=CARTESIAN_POINT('',(1.00000002980232,74.9999983236194,7.9372540495907));
#3219=CARTESIAN_POINT('Origin',(0.,74.9999983236194,0.));
#3220=CARTESIAN_POINT('',(1.00000002980232,117.303849325257,7.9372540495907));
#3221=CARTESIAN_POINT('Origin',(1.00000002980232,70.9999984130263,8.09999981895089));
#3222=CARTESIAN_POINT('',(1.00000002980232,70.9999984130263,8.94427190666716));
#3223=CARTESIAN_POINT('',(2.00000002980232,70.9999984130263,8.77496438059955));
#3224=CARTESIAN_POINT('Origin',(4.85722573273506E-15,70.9999984130263,1.73472347597681E-17));
#3225=CARTESIAN_POINT('',(1.00000002980232,70.9999984130263,8.09999981895089));
#3226=CARTESIAN_POINT('',(2.00000002980232,70.9999984130263,8.09999981895089));
#3227=CARTESIAN_POINT('Origin',(1.00000002980232,70.4999984242022,9.49999978765845));
#3228=CARTESIAN_POINT('',(1.00000002980232,69.9999984353781,8.94427190666716));
#3229=CARTESIAN_POINT('',(1.00000002980232,70.0000010430813,8.94427190666716));
#3230=CARTESIAN_POINT('',(1.00000002980232,70.0000010430813,-2.57500015478581));
#3231=CARTESIAN_POINT('Origin',(1.00000002980232,73.9999983459711,10.899999756366));
#3232=CARTESIAN_POINT('',(2.00000002980232,73.9999983459711,8.77496438059955));
#3233=CARTESIAN_POINT('',(1.00000002980232,73.9999983459711,8.94427190666716));
#3234=CARTESIAN_POINT('Origin',(4.85722573273506E-15,73.9999983459711,1.73472347597681E-17));
#3235=CARTESIAN_POINT('',(2.00000002980232,73.9999983459711,8.29999981448054));
#3236=CARTESIAN_POINT('',(1.00000002980232,73.9999983459711,8.29999981448054));
#3237=CARTESIAN_POINT('Origin',(1.00000002980232,74.4999983347952,9.59999978542328));
#3238=CARTESIAN_POINT('',(1.00000002980232,74.9999983236194,8.94427190666716));
#3239=CARTESIAN_POINT('',(1.00000002980232,70.0000010430813,8.94427190666716));
#3240=CARTESIAN_POINT('',(1.00000002980232,74.9999983236194,10.899999756366));
#3241=CARTESIAN_POINT('Origin',(2.00000002980232,70.0000010430813,9.79795896504934));
#3242=CARTESIAN_POINT('',(2.00000002980232,75.0000010430813,9.79795896504934));
#3243=CARTESIAN_POINT('',(2.00000002980232,35.0000005215406,9.79795896504934));
#3244=CARTESIAN_POINT('',(2.00000002980232,75.0000010430813,8.77496438059954));
#3245=CARTESIAN_POINT('',(2.00000002980232,75.0000010430813,8.77496438059954));
#3246=CARTESIAN_POINT('',(2.00000002980232,74.9999983236194,10.899999756366));
#3247=CARTESIAN_POINT('',(2.00000002980232,70.0000010430813,8.77496438059954));
#3248=CARTESIAN_POINT('Origin',(4.85722573273506E-15,70.0000010430813,1.73472347597681E-17));
#3249=CARTESIAN_POINT('',(-2.00000002980232,75.0000010430813,8.77496438059954));
#3250=CARTESIAN_POINT('Origin',(4.85722573273506E-15,75.0000010430813,1.73472347597681E-17));
#3251=CARTESIAN_POINT('',(-2.00000002980232,70.0000010430813,8.77496438059954));
#3252=CARTESIAN_POINT('',(-2.00000002980232,70.0000010430813,8.77496438059954));
#3253=CARTESIAN_POINT('Origin',(4.85722573273506E-15,70.0000010430813,1.73472347597681E-17));
#3254=CARTESIAN_POINT('Origin',(-2.00000002980232,70.0000010430813,8.77496438059954));
#3255=CARTESIAN_POINT('',(-2.00000002980232,70.0000010430813,9.79795896504934));
#3256=CARTESIAN_POINT('',(-2.00000002980232,70.0000010430813,-2.23751787396149));
#3257=CARTESIAN_POINT('',(-2.00000002980232,75.0000010430813,9.79795896504934));
#3258=CARTESIAN_POINT('',(-2.00000002980232,75.0000010430813,10.5000001564622));
#3259=CARTESIAN_POINT('',(-2.00000002980232,35.0000005215406,9.79795896504934));
#3260=CARTESIAN_POINT('Origin',(-8.32667268468867E-16,75.0000010430813,
9.38748219029977));
#3261=CARTESIAN_POINT('Origin',(0.,75.0000010430813,0.));
#3262=CARTESIAN_POINT('Origin',(0.,35.0000005215406,0.));
#3263=CARTESIAN_POINT('',(10.,180.,3.44509284839767E-15));
#3264=CARTESIAN_POINT('',(10.,35.0000005215406,3.44509284839767E-15));
#3265=CARTESIAN_POINT('',(-10.,180.,-2.75607431978684E-15));
#3266=CARTESIAN_POINT('Origin',(0.,180.,-2.75607431978684E-15));
#3267=CARTESIAN_POINT('',(-10.,70.0000010430813,-3.44509284839767E-15));
#3268=CARTESIAN_POINT('',(-10.,35.0000005215406,-3.44509284839767E-15));
#3269=CARTESIAN_POINT('Origin',(0.,70.0000010430813,0.));
#3270=CARTESIAN_POINT('Origin',(1.62265702460971E-15,70.0000010430813,-13.2500001285225));
#3271=CARTESIAN_POINT('',(25.,70.0000010430813,8.61273212099416E-15));
#3272=CARTESIAN_POINT('Origin',(0.,169.803850107568,0.));
#3273=CARTESIAN_POINT('',(2.,175.000002607703,6.89018569679533E-16));
#3274=CARTESIAN_POINT('',(5.00000007450581,169.803850107568,1.72254644986677E-15));
#3275=CARTESIAN_POINT('',(-2.00000002980232,175.000002607703,-6.8901857994671E-16));
#3276=CARTESIAN_POINT('',(-5.00000007450581,169.803850107568,-1.72254644986677E-15));
#3277=CARTESIAN_POINT('Origin',(0.,175.000002607703,0.));
#3278=CARTESIAN_POINT('Origin',(-15.,70.0000010430813,-5.1676392725965E-15));
#3279=CARTESIAN_POINT('',(-2.,180.000002682209,-6.89018569679533E-16));
#3280=CARTESIAN_POINT('',(-7.5,180.000002682209,-2.58381963629825E-15));
#3281=CARTESIAN_POINT('',(-2.,175.000002607703,-6.89018569679533E-16));
#3282=CARTESIAN_POINT('Origin',(0.,175.000002607703,0.));
#3283=CARTESIAN_POINT('',(2.,180.000002682209,6.89018569679533E-16));
#3284=CARTESIAN_POINT('Origin',(0.,180.000002682209,0.));
#3285=CARTESIAN_POINT('',(2.,175.000002607703,6.89018569679533E-16));
#3286=CARTESIAN_POINT('Origin',(-15.,70.0000010430813,-5.1676392725965E-15));
#3287=CARTESIAN_POINT('',(-7.5,180.000002682209,-2.58381963629825E-15));
#3288=CARTESIAN_POINT('Origin',(0.,180.000002682209,-2.75607431978684E-15));
#3289=CARTESIAN_POINT('Origin',(0.,180.,-2.75607431978684E-15));
#3290=CARTESIAN_POINT('',(-1.50000002235174,180.,-1.49369889741229E-16));
#3291=CARTESIAN_POINT('Origin',(0.,180.,0.));
#3292=CARTESIAN_POINT('Origin',(0.,180.000002682209,-2.75607431978684E-15));
#3293=CARTESIAN_POINT('',(1.72254642419883E-16,180.,-0.5));
#3294=CARTESIAN_POINT('Origin',(0.,180.,0.));
#3295=CARTESIAN_POINT('Ctrl Pts',(-10.,180.,-2.75607431978684E-15));
#3296=CARTESIAN_POINT('Ctrl Pts',(-10.,180.,-10.));
#3297=CARTESIAN_POINT('Ctrl Pts',(0.,180.,-10.));
#3298=CARTESIAN_POINT('Ctrl Pts',(10.,180.,-10.));
#3299=CARTESIAN_POINT('Ctrl Pts',(10.,180.,-2.75607431978684E-15));
#3300=CARTESIAN_POINT('Ctrl Pts',(10.,180.,10.));
#3301=CARTESIAN_POINT('Ctrl Pts',(0.,180.,10.));
#3302=CARTESIAN_POINT('Ctrl Pts',(-10.,180.,10.));
#3303=CARTESIAN_POINT('Ctrl Pts',(-10.,180.,-2.75607431978684E-15));
#3304=CARTESIAN_POINT('Ctrl Pts',(-9.60000000962792,185.309332782821,-2.75607431978684E-15));
#3305=CARTESIAN_POINT('Ctrl Pts',(-9.60000000962792,185.309332782821,-9.60000000962792));
#3306=CARTESIAN_POINT('Ctrl Pts',(-4.93038065763132E-31,185.309332782821,
-9.60000000962792));
#3307=CARTESIAN_POINT('Ctrl Pts',(9.60000000962792,185.309332782821,-9.60000000962792));
#3308=CARTESIAN_POINT('Ctrl Pts',(9.60000000962792,185.309332782821,-2.75607431978684E-15));
#3309=CARTESIAN_POINT('Ctrl Pts',(9.60000000962792,185.309332782821,9.60000000962792));
#3310=CARTESIAN_POINT('Ctrl Pts',(4.93038065763132E-31,185.309332782821,
9.60000000962792));
#3311=CARTESIAN_POINT('Ctrl Pts',(-9.60000000962792,185.309332782821,9.60000000962792));
#3312=CARTESIAN_POINT('Ctrl Pts',(-9.60000000962792,185.309332782821,-2.75607431978684E-15));
#3313=CARTESIAN_POINT('Ctrl Pts',(-8.80000002778247,195.464336853268,-2.75607431978684E-15));
#3314=CARTESIAN_POINT('Ctrl Pts',(-8.80000002778247,195.464336853268,-8.80000002778247));
#3315=CARTESIAN_POINT('Ctrl Pts',(-4.93038065763132E-31,195.464336853268,
-8.80000002778248));
#3316=CARTESIAN_POINT('Ctrl Pts',(8.80000002778247,195.464336853268,-8.80000002778247));
#3317=CARTESIAN_POINT('Ctrl Pts',(8.80000002778247,195.464336853268,-2.75607431978684E-15));
#3318=CARTESIAN_POINT('Ctrl Pts',(8.80000002778247,195.464336853268,8.80000002778247));
#3319=CARTESIAN_POINT('Ctrl Pts',(4.93038065763132E-31,195.464336853268,
8.80000002778247));
#3320=CARTESIAN_POINT('Ctrl Pts',(-8.80000002778247,195.464336853268,8.80000002778247));
#3321=CARTESIAN_POINT('Ctrl Pts',(-8.80000002778247,195.464336853268,-2.75607431978684E-15));
#3322=CARTESIAN_POINT('Ctrl Pts',(-7.60000005171051,209.305901101571,-2.75607431978684E-15));
#3323=CARTESIAN_POINT('Ctrl Pts',(-7.6000000517105,209.305901101571,-7.60000005171051));
#3324=CARTESIAN_POINT('Ctrl Pts',(-4.93038065763132E-31,209.305901101571,
-7.60000005171051));
#3325=CARTESIAN_POINT('Ctrl Pts',(7.6000000517105,209.305901101571,-7.60000005171051));
#3326=CARTESIAN_POINT('Ctrl Pts',(7.60000005171051,209.305901101571,-2.75607431978684E-15));
#3327=CARTESIAN_POINT('Ctrl Pts',(7.6000000517105,209.305901101571,7.6000000517105));
#3328=CARTESIAN_POINT('Ctrl Pts',(4.93038065763132E-31,209.305901101571,
7.6000000517105));
#3329=CARTESIAN_POINT('Ctrl Pts',(-7.6000000517105,209.305901101571,7.6000000517105));
#3330=CARTESIAN_POINT('Ctrl Pts',(-7.60000005171051,209.305901101571,-2.75607431978684E-15));
#3331=CARTESIAN_POINT('Ctrl Pts',(-6.00000007689751,224.933300630686,-2.75607431978684E-15));
#3332=CARTESIAN_POINT('Ctrl Pts',(-6.00000007689751,224.933300630686,-6.00000007689751));
#3333=CARTESIAN_POINT('Ctrl Pts',(-4.93038065763132E-31,224.933300630686,
-6.00000007689751));
#3334=CARTESIAN_POINT('Ctrl Pts',(6.00000007689751,224.933300630686,-6.00000007689751));
#3335=CARTESIAN_POINT('Ctrl Pts',(6.00000007689751,224.933300630686,-2.75607431978684E-15));
#3336=CARTESIAN_POINT('Ctrl Pts',(6.00000007689751,224.933300630686,6.0000000768975));
#3337=CARTESIAN_POINT('Ctrl Pts',(4.93038065763132E-31,224.933300630686,
6.00000007689751));
#3338=CARTESIAN_POINT('Ctrl Pts',(-6.00000007689751,224.933300630686,6.0000000768975));
#3339=CARTESIAN_POINT('Ctrl Pts',(-6.00000007689751,224.933300630686,-2.75607431978684E-15));
#3340=CARTESIAN_POINT('Ctrl Pts',(-4.00000009642724,239.434299107956,-2.75607431978684E-15));
#3341=CARTESIAN_POINT('Ctrl Pts',(-4.00000009642724,239.434299107956,-4.00000009642724));
#3342=CARTESIAN_POINT('Ctrl Pts',(-4.93038065763132E-31,239.434299107956,
-4.00000009642724));
#3343=CARTESIAN_POINT('Ctrl Pts',(4.00000009642724,239.434299107956,-4.00000009642724));
#3344=CARTESIAN_POINT('Ctrl Pts',(4.00000009642724,239.434299107956,-2.75607431978684E-15));
#3345=CARTESIAN_POINT('Ctrl Pts',(4.00000009642724,239.434299107956,4.00000009642724));
#3346=CARTESIAN_POINT('Ctrl Pts',(4.93038065763132E-31,239.434299107956,
4.00000009642724));
#3347=CARTESIAN_POINT('Ctrl Pts',(-4.00000009642724,239.434299107956,4.00000009642724));
#3348=CARTESIAN_POINT('Ctrl Pts',(-4.00000009642724,239.434299107956,-2.75607431978684E-15));
#3349=CARTESIAN_POINT('Ctrl Pts',(-2.40000010163403,246.648643661555,-2.75607431978684E-15));
#3350=CARTESIAN_POINT('Ctrl Pts',(-2.40000010163403,246.648643661555,-2.40000010163403));
#3351=CARTESIAN_POINT('Ctrl Pts',(-4.93038065763132E-31,246.648643661555,
-2.40000010163403));
#3352=CARTESIAN_POINT('Ctrl Pts',(2.40000010163403,246.648643661555,-2.40000010163403));
#3353=CARTESIAN_POINT('Ctrl Pts',(2.40000010163403,246.648643661555,-2.75607431978684E-15));
#3354=CARTESIAN_POINT('Ctrl Pts',(2.40000010163403,246.648643661555,2.40000010163403));
#3355=CARTESIAN_POINT('Ctrl Pts',(4.93038065763132E-31,246.648643661555,
2.40000010163403));
#3356=CARTESIAN_POINT('Ctrl Pts',(-2.40000010163403,246.648643661555,2.40000010163403));
#3357=CARTESIAN_POINT('Ctrl Pts',(-2.40000010163403,246.648643661555,-2.75607431978684E-15));
#3358=CARTESIAN_POINT('Ctrl Pts',(-1.20000009920187,249.390664553389,-2.75607431978684E-15));
#3359=CARTESIAN_POINT('Ctrl Pts',(-1.20000009920187,249.390664553389,-1.20000009920187));
#3360=CARTESIAN_POINT('Ctrl Pts',(-4.93038065763132E-31,249.390664553389,
-1.20000009920187));
#3361=CARTESIAN_POINT('Ctrl Pts',(1.20000009920187,249.390664553389,-1.20000009920187));
#3362=CARTESIAN_POINT('Ctrl Pts',(1.20000009920187,249.390664553389,-2.75607431978684E-15));
#3363=CARTESIAN_POINT('Ctrl Pts',(1.20000009920187,249.390664553389,1.20000009920187));
#3364=CARTESIAN_POINT('Ctrl Pts',(4.93038065763132E-31,249.390664553389,
1.20000009920187));
#3365=CARTESIAN_POINT('Ctrl Pts',(-1.20000009920187,249.390664553389,1.20000009920187));
#3366=CARTESIAN_POINT('Ctrl Pts',(-1.20000009920187,249.390664553389,-2.75607431978684E-15));
#3367=CARTESIAN_POINT('Ctrl Pts',(-0.400000094686673,250.000002616922,-2.75607431978684E-15));
#3368=CARTESIAN_POINT('Ctrl Pts',(-0.400000094686673,250.000002616922,-0.400000094686675));
#3369=CARTESIAN_POINT('Ctrl Pts',(0.,250.000002616922,-0.400000094686675));
#3370=CARTESIAN_POINT('Ctrl Pts',(0.400000094686673,250.000002616922,-0.400000094686675));
#3371=CARTESIAN_POINT('Ctrl Pts',(0.400000094686673,250.000002616922,-2.75607431978684E-15));
#3372=CARTESIAN_POINT('Ctrl Pts',(0.400000094686673,250.000002616922,0.40000009468667));
#3373=CARTESIAN_POINT('Ctrl Pts',(0.,250.000002616922,0.40000009468667));
#3374=CARTESIAN_POINT('Ctrl Pts',(-0.400000094686673,250.000002616922,0.40000009468667));
#3375=CARTESIAN_POINT('Ctrl Pts',(-0.400000094686673,250.000002616922,-2.75607431978684E-15));
#3376=CARTESIAN_POINT('Ctrl Pts',(-9.17056504345926E-8,250.000002682209,
-2.75607431978684E-15));
#3377=CARTESIAN_POINT('Ctrl Pts',(-9.17056504345925E-8,250.000002682209,
-9.17056531906669E-8));
#3378=CARTESIAN_POINT('Ctrl Pts',(0.,250.000002682209,-9.17056531906669E-8));
#3379=CARTESIAN_POINT('Ctrl Pts',(9.17056504345925E-8,250.000002682209,
-9.17056531906669E-8));
#3380=CARTESIAN_POINT('Ctrl Pts',(9.17056504345926E-8,250.000002682209,
-2.75607431978684E-15));
#3381=CARTESIAN_POINT('Ctrl Pts',(9.17056504345925E-8,250.000002682209,
9.17056476785182E-8));
#3382=CARTESIAN_POINT('Ctrl Pts',(0.,250.000002682209,9.17056476785182E-8));
#3383=CARTESIAN_POINT('Ctrl Pts',(-9.17056504345925E-8,250.000002682209,
9.17056476785182E-8));
#3384=CARTESIAN_POINT('Ctrl Pts',(-9.17056504345926E-8,250.000002682209,
-2.75607431978684E-15));
#3385=CARTESIAN_POINT('',(-2.29062648433031E-17,250.000002682209,-2.75607431978684E-15));
#3386=CARTESIAN_POINT('Ctrl Pts',(-9.17056505733704E-8,250.000002682209,
-2.75607431978684E-15));
#3387=CARTESIAN_POINT('Ctrl Pts',(-0.400000094686673,250.000002616922,-2.75607431978684E-15));
#3388=CARTESIAN_POINT('Ctrl Pts',(-1.20000009920187,249.390664553389,-2.75607431978684E-15));
#3389=CARTESIAN_POINT('Ctrl Pts',(-2.40000010163403,246.648643661555,-2.75607431978684E-15));
#3390=CARTESIAN_POINT('Ctrl Pts',(-4.00000009642724,239.434299107956,-2.75607431978684E-15));
#3391=CARTESIAN_POINT('Ctrl Pts',(-6.00000007689751,224.933300630686,-2.75607431978684E-15));
#3392=CARTESIAN_POINT('Ctrl Pts',(-7.60000005171051,209.305901101571,-2.75607431978684E-15));
#3393=CARTESIAN_POINT('Ctrl Pts',(-8.80000002778247,195.464336853268,-2.75607431978684E-15));
#3394=CARTESIAN_POINT('Ctrl Pts',(-9.60000000962792,185.309332782821,-2.75607431978684E-15));
#3395=CARTESIAN_POINT('Ctrl Pts',(-10.,180.,-2.75607431978684E-15));
#3396=CARTESIAN_POINT('Origin',(0.,175.000002533197,0.));
#3397=CARTESIAN_POINT('',(1.72254642419883E-16,175.000002533197,-0.5));
#3398=CARTESIAN_POINT('Origin',(0.,175.000002533197,0.));
#3399=CARTESIAN_POINT('',(4.9789962505148E-17,175.000002533197,-0.5));
#3400=CARTESIAN_POINT('Origin',(1.50000002235174,175.000002533197,3.33066912350631E-16));
#3401=CARTESIAN_POINT('',(-1.50000002235174,175.000002533197,-1.49369889741229E-16));
#3402=CARTESIAN_POINT('Origin',(0.,175.000002533197,0.));
#3403=CARTESIAN_POINT('Origin',(0.,175.000001266599,0.));
#3404=CARTESIAN_POINT('',(-1.50000002235174,175.000001266599,-1.49369889741229E-16));
#3405=CARTESIAN_POINT('Origin',(0.,0.,0.));
#3406=CARTESIAN_POINT('',(3.1005835635579E-15,0.,-9.));
#3407=CARTESIAN_POINT('Origin',(0.,0.,0.));
#3408=CARTESIAN_POINT('Origin',(-1.99840144432528E-15,70.0000010430813,
9.));
#3409=CARTESIAN_POINT('',(3.1005835635579E-15,70.0000010430813,-9.));
#3410=CARTESIAN_POINT('Origin',(0.,70.0000010430813,0.));
#3411=CARTESIAN_POINT('Origin',(0.,35.,0.));
#3412=CARTESIAN_POINT('',(3.1005835635579E-15,35.,-9.));
#3413=CARTESIAN_POINT('Origin',(0.224999999999992,1.75000002607703,38.2500005699694));
#3414=CARTESIAN_POINT('',(0.224999999999998,71.5952718449198,9.73113533701161));
#3415=CARTESIAN_POINT('Origin',(0.224999999999998,71.500001065433,9.50000014156103));
#3416=CARTESIAN_POINT('',(0.224999999999992,1.84527080556383,38.48113576542));
#3417=CARTESIAN_POINT('',(0.224999999999991,1.84527080556383,38.48113576542));
#3418=CARTESIAN_POINT('Origin',(0.224999999999992,1.75000002607703,38.2500005699694));
#3419=CARTESIAN_POINT('Origin',(0.224999999999998,71.500001065433,9.50000014156103));
#3420=CARTESIAN_POINT('Origin',(0.224999999999992,1.75000002607703,38.2500005699694));
#3421=UNCERTAINTY_MEASURE_WITH_UNIT(LENGTH_MEASURE(0.01),#3425,
'DISTANCE_ACCURACY_VALUE',
'Maximum model space distance between geometric entities at asserted c
onnectivities');
#3422=UNCERTAINTY_MEASURE_WITH_UNIT(LENGTH_MEASURE(0.01),#3425,
'DISTANCE_ACCURACY_VALUE',
'Maximum model space distance between geometric entities at asserted c
onnectivities');
#3423=(
GEOMETRIC_REPRESENTATION_CONTEXT(3)
GLOBAL_UNCERTAINTY_ASSIGNED_CONTEXT((#3421))
GLOBAL_UNIT_ASSIGNED_CONTEXT((#3425,#3427,#3428))
REPRESENTATION_CONTEXT('','3D')
);
#3424=(
GEOMETRIC_REPRESENTATION_CONTEXT(3)
GLOBAL_UNCERTAINTY_ASSIGNED_CONTEXT((#3422))
GLOBAL_UNIT_ASSIGNED_CONTEXT((#3425,#3427,#3428))
REPRESENTATION_CONTEXT('','3D')
);
#3425=(
LENGTH_UNIT()
NAMED_UNIT(*)
SI_UNIT(.MILLI.,.METRE.)
);
#3426=(
LENGTH_UNIT()
NAMED_UNIT(*)
SI_UNIT($,.METRE.)
);
#3427=(
NAMED_UNIT(*)
PLANE_ANGLE_UNIT()
SI_UNIT($,.RADIAN.)
);
#3428=(
NAMED_UNIT(*)
SI_UNIT($,.STERADIAN.)
SOLID_ANGLE_UNIT()
);
#3429=SHAPE_DEFINITION_REPRESENTATION(#3430,#3431);
#3430=PRODUCT_DEFINITION_SHAPE('',$,#3433);
#3431=SHAPE_REPRESENTATION('',(#1683),#3423);
#3432=PRODUCT_DEFINITION_CONTEXT('part definition',#3437,'design');
#3433=PRODUCT_DEFINITION('\X2\3064304F3070FF3F30ED30B130C330C8\X0\m2',
'\X2\3064304F3070FF3F30ED30B130C330C8\X0\m2 v7',#3434,#3432);
#3434=PRODUCT_DEFINITION_FORMATION('',$,#3439);
#3435=PRODUCT_RELATED_PRODUCT_CATEGORY('\X2\3064304F3070FF3F30ED30B130C330C8\X0\m
2 v7','\X2\3064304F3070FF3F30ED30B130C330C8\X0\m2 v7',(#3439));
#3436=APPLICATION_PROTOCOL_DEFINITION('international standard',
'automotive_design',2009,#3437);
#3437=APPLICATION_CONTEXT(
'Core Data for Automotive Mechanical Design Process');
#3438=PRODUCT_CONTEXT('part definition',#3437,'mechanical');
#3439=PRODUCT('\X2\3064304F3070FF3F30ED30B130C330C8\X0\m2',
'\X2\3064304F3070FF3F30ED30B130C330C8\X0\m2 v7',$,(#3438));
#3440=PRESENTATION_STYLE_ASSIGNMENT((#3441));
#3441=SURFACE_STYLE_USAGE(.BOTH.,#3442);
#3442=SURFACE_SIDE_STYLE('',(#3443));
#3443=SURFACE_STYLE_FILL_AREA(#3444);
#3444=FILL_AREA_STYLE('\X2\92FC\X0\ - \X2\30B530C630F3\X0\',(#3445));
#3445=FILL_AREA_STYLE_COLOUR('\X2\92FC\X0\ - \X2\30B530C630F3\X0\',#3446);
#3446=COLOUR_RGB('\X2\92FC\X0\ - \X2\30B530C630F3\X0\',0.627450980392157,
0.627450980392157,0.627450980392157);
ENDSEC;
END-ISO-10303-21;
