ISO-10303-21;
HEADER;
/* Generated by software containing ST-Developer
 * from STEP Tools, Inc. (www.steptools.com) 
 */

FILE_DESCRIPTION(
/* description */ (''),
/* implementation_level */ '2;1');

FILE_NAME(
/* name */ '',
/* time_stamp */ '2026-09-28T03:22:46+09:00',
/* author */ (''),
/* organization */ (''),
/* preprocessor_version */ 'ST-DEVELOPER v20.2',
/* originating_system */ 'Autodesk Translation Framework v15.15.0.0',
/* authorisation */ '');

FILE_SCHEMA (('AUTOMOTIVE_DESIGN { 1 0 10303 214 3 1 1 }'));
ENDSEC;

DATA;
#10=MECHANICAL_DESIGN_GEOMETRIC_PRESENTATION_REPRESENTATION('',(#75,#76,
#77,#78,#79),#3011);
#11=SHAPE_REPRESENTATION_RELATIONSHIP('SRR','None',#3018,#12);
#12=ADVANCED_BREP_SHAPE_REPRESENTATION('',(#80,#81,#82,#83,#84),#3010);
#13=(
BOUNDED_CURVE()
B_SPLINE_CURVE(5,(#2380,#2381,#2382,#2383,#2384,#2385,#2386,#2387,#2388),
 .UNSPECIFIED.,.F.,.F.)
B_SPLINE_CURVE_WITH_KNOTS((6,1,1,1,6),(-0.329192078280564,-0.3,-0.2,-0.1,
0.),.UNSPECIFIED.)
CURVE()
GEOMETRIC_REPRESENTATION_ITEM()
RATIONAL_B_SPLINE_CURVE((1.,1.,1.,1.,1.,1.,1.,1.,1.))
REPRESENTATION_ITEM('')
);
#14=(
BOUNDED_CURVE()
B_SPLINE_CURVE(5,(#2439,#2440,#2441,#2442,#2443,#2444,#2445,#2446,#2447),
 .UNSPECIFIED.,.F.,.F.)
B_SPLINE_CURVE_WITH_KNOTS((6,1,1,1,6),(0.,0.1,0.2,0.3,0.329192078280564),
 .UNSPECIFIED.)
CURVE()
GEOMETRIC_REPRESENTATION_ITEM()
RATIONAL_B_SPLINE_CURVE((1.,1.,1.,1.,1.,1.,1.,1.,1.))
REPRESENTATION_ITEM('')
);
#15=(
BOUNDED_CURVE()
B_SPLINE_CURVE(5,(#2884,#2885,#2886,#2887,#2888,#2889,#2890,#2891,#2892),
 .UNSPECIFIED.,.F.,.F.)
B_SPLINE_CURVE_WITH_KNOTS((6,1,1,1,6),(-0.329192078280564,-0.3,-0.2,-0.1,
0.),.UNSPECIFIED.)
CURVE()
GEOMETRIC_REPRESENTATION_ITEM()
RATIONAL_B_SPLINE_CURVE((1.,1.,1.,1.,1.,1.,1.,1.,1.))
REPRESENTATION_ITEM('')
);
#16=(
BOUNDED_CURVE()
B_SPLINE_CURVE(5,(#2983,#2984,#2985,#2986,#2987,#2988,#2989),
 .UNSPECIFIED.,.F.,.F.)
B_SPLINE_CURVE_WITH_KNOTS((6,1,6),(0.32919207828052,0.4,0.454545454545573),
 .UNSPECIFIED.)
CURVE()
GEOMETRIC_REPRESENTATION_ITEM()
RATIONAL_B_SPLINE_CURVE((1.,1.,1.,1.,1.,1.,1.))
REPRESENTATION_ITEM('')
);
#17=(
BOUNDED_CURVE()
B_SPLINE_CURVE(5,(#2990,#2991,#2992,#2993,#2994,#2995,#2996,#2997,#2998),
 .UNSPECIFIED.,.F.,.F.)
B_SPLINE_CURVE_WITH_KNOTS((6,1,1,1,6),(0.,0.1,0.2,0.3,0.329192078280564),
 .UNSPECIFIED.)
CURVE()
GEOMETRIC_REPRESENTATION_ITEM()
RATIONAL_B_SPLINE_CURVE((1.,1.,1.,1.,1.,1.,1.,1.,1.))
REPRESENTATION_ITEM('')
);
#18=CONICAL_SURFACE('',#1409,1.42912698293804,0.523598775600079);
#19=FACE_BOUND('',#405,.T.);
#20=FACE_BOUND('',#410,.T.);
#21=FACE_BOUND('',#414,.T.);
#22=FACE_BOUND('',#419,.T.);
#23=FACE_BOUND('',#423,.T.);
#24=FACE_BOUND('',#428,.T.);
#25=FACE_BOUND('',#456,.T.);
#26=FACE_BOUND('',#458,.T.);
#27=(
BOUNDED_SURFACE()
B_SPLINE_SURFACE(2,2,((#1944,#1945,#1946,#1947,#1948),(#1949,#1950,#1951,
#1952,#1953),(#1954,#1955,#1956,#1957,#1958)),.UNSPECIFIED.,.F.,.F.,.F.)
B_SPLINE_SURFACE_WITH_KNOTS((3,3),(3,2,3),(0.,0.841068686117274),(-1.57079631561903,
0.,1.57079631561903),.UNSPECIFIED.)
GEOMETRIC_REPRESENTATION_ITEM()
RATIONAL_B_SPLINE_SURFACE(((1.,0.707106785137814,1.,0.707106785137814,1.),
(0.91287092600128,0.645497225730544,0.91287092600128,0.645497225730544,
0.91287092600128),(1.,0.707106785137814,1.,0.707106785137814,1.)))
REPRESENTATION_ITEM('')
SURFACE()
);
#28=(
BOUNDED_SURFACE()
B_SPLINE_SURFACE(3,2,((#2028,#2029,#2030,#2031,#2032),(#2033,#2034,#2035,
#2036,#2037),(#2038,#2039,#2040,#2041,#2042),(#2043,#2044,#2045,#2046,#2047),
(#2048,#2049,#2050,#2051,#2052),(#2053,#2054,#2055,#2056,#2057),(#2058,
#2059,#2060,#2061,#2062),(#2063,#2064,#2065,#2066,#2067),(#2068,#2069,#2070,
#2071,#2072),(#2073,#2074,#2075,#2076,#2077)),.UNSPECIFIED.,.F.,.F.,.F.)
B_SPLINE_SURFACE_WITH_KNOTS((4,3,3,4),(3,2,3),(0.00021232481859623,0.175055130927424,
0.324006187690525,0.387972472167091),(0.,1.5707963267949,3.14159265358979),
 .UNSPECIFIED.)
GEOMETRIC_REPRESENTATION_ITEM()
RATIONAL_B_SPLINE_SURFACE(((1.,0.707106781186548,1.,0.707106781186548,1.),
(1.,0.707106781186548,1.,0.707106781186548,1.),(1.,0.707106781186548,1.,
0.707106781186548,1.),(1.,0.707106781186548,1.,0.707106781186548,1.),(1.,
0.707106781186548,1.,0.707106781186548,1.),(1.,0.707106781186548,1.,0.707106781186548,
1.),(1.,0.707106781186548,1.,0.707106781186548,1.),(1.,0.707106781186548,
1.,0.707106781186548,1.),(1.,0.707106781186548,1.,0.707106781186548,1.),
(1.,0.707106781186548,1.,0.707106781186548,1.)))
REPRESENTATION_ITEM('')
SURFACE()
);
#29=(
BOUNDED_SURFACE()
B_SPLINE_SURFACE(3,2,((#2111,#2112,#2113,#2114,#2115,#2116,#2117,#2118,
#2119),(#2120,#2121,#2122,#2123,#2124,#2125,#2126,#2127,#2128),(#2129,#2130,
#2131,#2132,#2133,#2134,#2135,#2136,#2137),(#2138,#2139,#2140,#2141,#2142,
#2143,#2144,#2145,#2146),(#2147,#2148,#2149,#2150,#2151,#2152,#2153,#2154,
#2155),(#2156,#2157,#2158,#2159,#2160,#2161,#2162,#2163,#2164),(#2165,#2166,
#2167,#2168,#2169,#2170,#2171,#2172,#2173),(#2174,#2175,#2176,#2177,#2178,
#2179,#2180,#2181,#2182),(#2183,#2184,#2185,#2186,#2187,#2188,#2189,#2190,
#2191),(#2192,#2193,#2194,#2195,#2196,#2197,#2198,#2199,#2200)),
 .UNSPECIFIED.,.F.,.T.,.F.)
B_SPLINE_SURFACE_WITH_KNOTS((4,3,3,4),(3,2,2,2,3),(-0.330665224329144,-0.324003162913985,
-0.175053497389471,0.),(0.,1.5707963267949,3.14159265358979,4.71238898038469,
6.28318530717959),.UNSPECIFIED.)
GEOMETRIC_REPRESENTATION_ITEM()
RATIONAL_B_SPLINE_SURFACE(((1.,0.707106781186548,1.,0.707106781186548,1.,
0.707106781186548,1.,0.707106781186548,1.),(1.,0.707106781186548,1.,0.707106781186548,
1.,0.707106781186548,1.,0.707106781186548,1.),(1.,0.707106781186548,1.,
0.707106781186548,1.,0.707106781186548,1.,0.707106781186548,1.),(1.,0.707106781186548,
1.,0.707106781186548,1.,0.707106781186548,1.,0.707106781186548,1.),(1.,
0.707106781186548,1.,0.707106781186548,1.,0.707106781186548,1.,0.707106781186548,
1.),(1.,0.707106781186548,1.,0.707106781186548,1.,0.707106781186548,1.,
0.707106781186548,1.),(1.,0.707106781186548,1.,0.707106781186548,1.,0.707106781186548,
1.,0.707106781186548,1.),(1.,0.707106781186548,1.,0.707106781186548,1.,
0.707106781186548,1.,0.707106781186548,1.),(1.,0.707106781186548,1.,0.707106781186548,
1.,0.707106781186548,1.,0.707106781186548,1.),(1.,0.707106781186548,1.,
0.707106781186548,1.,0.707106781186548,1.,0.707106781186548,1.)))
REPRESENTATION_ITEM('')
SURFACE()
);
#30=(
BOUNDED_SURFACE()
B_SPLINE_SURFACE(5,2,((#2389,#2390,#2391,#2392,#2393),(#2394,#2395,#2396,
#2397,#2398),(#2399,#2400,#2401,#2402,#2403),(#2404,#2405,#2406,#2407,#2408),
(#2409,#2410,#2411,#2412,#2413),(#2414,#2415,#2416,#2417,#2418),(#2419,
#2420,#2421,#2422,#2423),(#2424,#2425,#2426,#2427,#2428),(#2429,#2430,#2431,
#2432,#2433),(#2434,#2435,#2436,#2437,#2438)),.UNSPECIFIED.,.F.,.F.,.F.)
B_SPLINE_SURFACE_WITH_KNOTS((6,1,1,1,1,6),(3,2,3),(-0.477272727272787,-0.4,
-0.3,-0.2,-0.1,0.),(0.,1.5707963267949,3.14159265358979),.UNSPECIFIED.)
GEOMETRIC_REPRESENTATION_ITEM()
RATIONAL_B_SPLINE_SURFACE(((1.,0.707106781186548,1.,0.707106781186548,1.),
(1.,0.707106781186548,1.,0.707106781186548,1.),(1.,0.707106781186548,1.,
0.707106781186548,1.),(1.,0.707106781186548,1.,0.707106781186548,1.),(1.,
0.707106781186548,1.,0.707106781186548,1.),(1.,0.707106781186548,1.,0.707106781186548,
1.),(1.,0.707106781186548,1.,0.707106781186548,1.),(1.,0.707106781186548,
1.,0.707106781186548,1.),(1.,0.707106781186548,1.,0.707106781186548,1.),
(1.,0.707106781186548,1.,0.707106781186548,1.)))
REPRESENTATION_ITEM('')
SURFACE()
);
#31=(
BOUNDED_SURFACE()
B_SPLINE_SURFACE(3,2,((#2451,#2452,#2453,#2454,#2455,#2456,#2457,#2458,
#2459),(#2460,#2461,#2462,#2463,#2464,#2465,#2466,#2467,#2468),(#2469,#2470,
#2471,#2472,#2473,#2474,#2475,#2476,#2477),(#2478,#2479,#2480,#2481,#2482,
#2483,#2484,#2485,#2486),(#2487,#2488,#2489,#2490,#2491,#2492,#2493,#2494,
#2495),(#2496,#2497,#2498,#2499,#2500,#2501,#2502,#2503,#2504),(#2505,#2506,
#2507,#2508,#2509,#2510,#2511,#2512,#2513),(#2514,#2515,#2516,#2517,#2518,
#2519,#2520,#2521,#2522),(#2523,#2524,#2525,#2526,#2527,#2528,#2529,#2530,
#2531),(#2532,#2533,#2534,#2535,#2536,#2537,#2538,#2539,#2540)),
 .UNSPECIFIED.,.F.,.T.,.F.)
B_SPLINE_SURFACE_WITH_KNOTS((4,3,3,4),(3,2,2,2,3),(-0.999620892539483,-0.859713989622648,
-0.680970248881892,-0.634335670640586),(0.,1.5707963267949,3.14159265358979,
4.71238898038469,6.28318530717959),.UNSPECIFIED.)
GEOMETRIC_REPRESENTATION_ITEM()
RATIONAL_B_SPLINE_SURFACE(((1.,0.707106781186548,1.,0.707106781186548,1.,
0.707106781186548,1.,0.707106781186548,1.),(1.,0.707106781186548,1.,0.707106781186548,
1.,0.707106781186548,1.,0.707106781186548,1.),(1.,0.707106781186548,1.,
0.707106781186548,1.,0.707106781186548,1.,0.707106781186548,1.),(1.,0.707106781186548,
1.,0.707106781186548,1.,0.707106781186548,1.,0.707106781186548,1.),(1.,
0.707106781186548,1.,0.707106781186548,1.,0.707106781186548,1.,0.707106781186548,
1.),(1.,0.707106781186548,1.,0.707106781186548,1.,0.707106781186548,1.,
0.707106781186548,1.),(1.,0.707106781186548,1.,0.707106781186548,1.,0.707106781186548,
1.,0.707106781186548,1.),(1.,0.707106781186548,1.,0.707106781186548,1.,
0.707106781186548,1.,0.707106781186548,1.),(1.,0.707106781186548,1.,0.707106781186548,
1.,0.707106781186548,1.,0.707106781186548,1.),(1.,0.707106781186548,1.,
0.707106781186548,1.,0.707106781186548,1.,0.707106781186548,1.)))
REPRESENTATION_ITEM('')
SURFACE()
);
#32=(
BOUNDED_SURFACE()
B_SPLINE_SURFACE(3,2,((#2726,#2727,#2728,#2729,#2730),(#2731,#2732,#2733,
#2734,#2735),(#2736,#2737,#2738,#2739,#2740),(#2741,#2742,#2743,#2744,#2745),
(#2746,#2747,#2748,#2749,#2750),(#2751,#2752,#2753,#2754,#2755),(#2756,
#2757,#2758,#2759,#2760),(#2761,#2762,#2763,#2764,#2765),(#2766,#2767,#2768,
#2769,#2770),(#2771,#2772,#2773,#2774,#2775)),.UNSPECIFIED.,.F.,.F.,.F.)
B_SPLINE_SURFACE_WITH_KNOTS((4,3,3,4),(3,2,3),(0.00021232481859623,0.175055130927424,
0.324006187690525,0.387972472167091),(0.,1.5707963267949,3.14159265358979),
 .UNSPECIFIED.)
GEOMETRIC_REPRESENTATION_ITEM()
RATIONAL_B_SPLINE_SURFACE(((1.,0.707106781186548,1.,0.707106781186548,1.),
(1.,0.707106781186548,1.,0.707106781186548,1.),(1.,0.707106781186548,1.,
0.707106781186548,1.),(1.,0.707106781186548,1.,0.707106781186548,1.),(1.,
0.707106781186548,1.,0.707106781186548,1.),(1.,0.707106781186548,1.,0.707106781186548,
1.),(1.,0.707106781186548,1.,0.707106781186548,1.),(1.,0.707106781186548,
1.,0.707106781186548,1.),(1.,0.707106781186548,1.,0.707106781186548,1.),
(1.,0.707106781186548,1.,0.707106781186548,1.)))
REPRESENTATION_ITEM('')
SURFACE()
);
#33=(
BOUNDED_SURFACE()
B_SPLINE_SURFACE(5,2,((#2893,#2894,#2895,#2896,#2897,#2898,#2899,#2900,
#2901),(#2902,#2903,#2904,#2905,#2906,#2907,#2908,#2909,#2910),(#2911,#2912,
#2913,#2914,#2915,#2916,#2917,#2918,#2919),(#2920,#2921,#2922,#2923,#2924,
#2925,#2926,#2927,#2928),(#2929,#2930,#2931,#2932,#2933,#2934,#2935,#2936,
#2937),(#2938,#2939,#2940,#2941,#2942,#2943,#2944,#2945,#2946),(#2947,#2948,
#2949,#2950,#2951,#2952,#2953,#2954,#2955),(#2956,#2957,#2958,#2959,#2960,
#2961,#2962,#2963,#2964),(#2965,#2966,#2967,#2968,#2969,#2970,#2971,#2972,
#2973),(#2974,#2975,#2976,#2977,#2978,#2979,#2980,#2981,#2982)),
 .UNSPECIFIED.,.F.,.T.,.F.)
B_SPLINE_SURFACE_WITH_KNOTS((6,1,1,1,1,6),(3,2,2,2,3),(-0.5,-0.4,-0.3,-0.2,
-0.1,0.),(0.,1.5707963267949,3.14159265358979,4.71238898038469,6.28318530717959),
 .UNSPECIFIED.)
GEOMETRIC_REPRESENTATION_ITEM()
RATIONAL_B_SPLINE_SURFACE(((1.,0.707106781186548,1.,0.707106781186548,1.,
0.707106781186548,1.,0.707106781186548,1.),(1.,0.707106781186548,1.,0.707106781186548,
1.,0.707106781186548,1.,0.707106781186548,1.),(1.,0.707106781186548,1.,
0.707106781186548,1.,0.707106781186548,1.,0.707106781186548,1.),(1.,0.707106781186548,
1.,0.707106781186548,1.,0.707106781186548,1.,0.707106781186548,1.),(1.,
0.707106781186548,1.,0.707106781186548,1.,0.707106781186548,1.,0.707106781186548,
1.),(1.,0.707106781186548,1.,0.707106781186548,1.,0.707106781186548,1.,
0.707106781186548,1.),(1.,0.707106781186548,1.,0.707106781186548,1.,0.707106781186548,
1.,0.707106781186548,1.),(1.,0.707106781186548,1.,0.707106781186548,1.,
0.707106781186548,1.,0.707106781186548,1.),(1.,0.707106781186548,1.,0.707106781186548,
1.,0.707106781186548,1.,0.707106781186548,1.),(1.,0.707106781186548,1.,
0.707106781186548,1.,0.707106781186548,1.,0.707106781186548,1.)))
REPRESENTATION_ITEM('')
SURFACE()
);
#34=ELLIPSE('',#1373,2.5794360738827,2.00000000745058);
#35=ELLIPSE('',#1374,2.21438263445973,1.50000000745058);
#36=ELLIPSE('',#1377,2.21438262346077,1.5);
#37=B_SPLINE_SURFACE_WITH_KNOTS('',3,3,((#1841,#1842,#1843,#1844,#1845,
#1846,#1847),(#1848,#1849,#1850,#1851,#1852,#1853,#1854),(#1855,#1856,#1857,
#1858,#1859,#1860,#1861),(#1862,#1863,#1864,#1865,#1866,#1867,#1868),(#1869,
#1870,#1871,#1872,#1873,#1874,#1875)),.UNSPECIFIED.,.F.,.F.,.F.,(4,1,4),
(4,1,1,1,4),(0.,0.5,1.),(-1.57079631561903,-0.673198420914347,0.224399473790333,
1.12199736849501,1.57079631584735),.UNSPECIFIED.);
#38=B_SPLINE_CURVE_WITH_KNOTS('',3,(#1826,#1827,#1828,#1829,#1830,#1831,
#1832,#1833,#1834,#1835,#1836,#1837),.UNSPECIFIED.,.F.,.F.,(4,2,2,2,2,4),
(0.0975958385678571,0.106604139080079,0.115612439592302,0.133629040616746,
0.160677380394063,0.187725720171379),.UNSPECIFIED.);
#39=B_SPLINE_CURVE_WITH_KNOTS('',3,(#1884,#1885,#1886,#1887,#1888,#1889,
#1890,#1891,#1892,#1893,#1894,#1895),.UNSPECIFIED.,.F.,.F.,(4,2,2,2,2,4),
(0.190322033133219,0.217370372910536,0.244418712687852,0.262435313712297,
0.271443614224519,0.280451914736741),.UNSPECIFIED.);
#40=B_SPLINE_CURVE_WITH_KNOTS('',3,(#1922,#1923,#1924,#1925,#1926,#1927,
#1928,#1929),.UNSPECIFIED.,.F.,.F.,(4,2,2,4),(0.331249877877742,0.339687352804757,
0.396278818704836,0.452870284604915),.UNSPECIFIED.);
#41=B_SPLINE_CURVE_WITH_KNOTS('',3,(#1934,#1935,#1936,#1937,#1938,#1939,
#1940,#1941),.UNSPECIFIED.,.F.,.F.,(4,2,2,4),(0.452870284604916,0.509461750504995,
0.566053216405075,0.57449069133209),.UNSPECIFIED.);
#42=B_SPLINE_CURVE_WITH_KNOTS('',3,(#2081,#2082,#2083,#2084,#2085,#2086,
#2087),.UNSPECIFIED.,.F.,.F.,(4,3,4),(0.000212324818596212,0.175053497563203,
0.279621671632865),.UNSPECIFIED.);
#43=B_SPLINE_CURVE_WITH_KNOTS('',3,(#2089,#2090,#2091,#2092),
 .UNSPECIFIED.,.F.,.F.,(4,4),(-0.250294458624039,-0.0500602574957691),
 .UNSPECIFIED.);
#44=B_SPLINE_CURVE_WITH_KNOTS('',3,(#2094,#2095,#2096,#2097,#2098,#2099),
 .UNSPECIFIED.,.F.,.F.,(4,2,4),(-0.352838612806216,-0.201938128938626,-0.0510376450053907),
 .UNSPECIFIED.);
#45=B_SPLINE_CURVE_WITH_KNOTS('',3,(#2100,#2101,#2102,#2103),
 .UNSPECIFIED.,.F.,.F.,(4,4),(-0.200234212856821,0.),.UNSPECIFIED.);
#46=B_SPLINE_CURVE_WITH_KNOTS('',3,(#2104,#2105,#2106,#2107,#2108,#2109,
#2110),.UNSPECIFIED.,.F.,.F.,(4,3,4),(0.000212324818596205,0.175059350569756,
0.279621671632865),.UNSPECIFIED.);
#47=B_SPLINE_CURVE_WITH_KNOTS('',3,(#2201,#2202,#2203,#2204,#2205,#2206,
#2207,#2208,#2209,#2210,#2211,#2212,#2213,#2214,#2215,#2216,#2217,#2218,
#2219,#2220),.UNSPECIFIED.,.F.,.F.,(4,2,2,2,2,2,2,2,2,4),(-1.01543595824213,
-1.00490500377519,-0.89324889224461,-0.781592780714033,-0.669936669183457,
-0.558280557652881,-0.446624446122305,-0.334968334591729,-0.223312223061152,
-0.114681386527373),.UNSPECIFIED.);
#48=B_SPLINE_CURVE_WITH_KNOTS('',3,(#2222,#2223,#2224,#2225,#2226,#2227,
#2228),.UNSPECIFIED.,.F.,.F.,(4,3,4),(0.279621671632865,0.324004383447914,
0.330665224329144),.UNSPECIFIED.);
#49=B_SPLINE_CURVE_WITH_KNOTS('',3,(#2231,#2232,#2233,#2234),
 .UNSPECIFIED.,.F.,.F.,(4,4),(-2.88693096233345,-1.92310331842331),
 .UNSPECIFIED.);
#50=B_SPLINE_CURVE_WITH_KNOTS('',3,(#2245,#2246,#2247,#2248,#2249,#2250,
#2251,#2252,#2253,#2254,#2255,#2256,#2257,#2258,#2259,#2260,#2261,#2262,
#2263,#2264),.UNSPECIFIED.,.F.,.F.,(4,2,2,2,2,2,2,2,2,4),(-1.18390531591632,
-1.10573647946959,-1.02756764302286,-0.880772265448169,-0.733976887873474,
-0.587181510298779,-0.440386132724085,-0.29359075514939,-0.146795377574695,
0.),.UNSPECIFIED.);
#51=B_SPLINE_CURVE_WITH_KNOTS('',3,(#2281,#2282,#2283,#2284),
 .UNSPECIFIED.,.F.,.F.,(4,4),(-0.250291933548299,-0.050059680476797),
 .UNSPECIFIED.);
#52=B_SPLINE_CURVE_WITH_KNOTS('',3,(#2287,#2288,#2289,#2290),
 .UNSPECIFIED.,.F.,.F.,(4,4),(-0.20023226009214,0.),.UNSPECIFIED.);
#53=B_SPLINE_CURVE_WITH_KNOTS('',3,(#2294,#2295,#2296,#2297),
 .UNSPECIFIED.,.F.,.F.,(4,4),(-0.352703853492556,-0.0507115286034571),
 .UNSPECIFIED.);
#54=B_SPLINE_CURVE_WITH_KNOTS('',3,(#2543,#2544,#2545,#2546,#2547,#2548,
#2549,#2550,#2551,#2552),.UNSPECIFIED.,.F.,.F.,(4,3,3,4),(0.634335670640586,
0.680970248881892,0.859713989622648,0.999620892539483),.UNSPECIFIED.);
#55=B_SPLINE_CURVE_WITH_KNOTS('',3,(#2558,#2559,#2560,#2561),
 .UNSPECIFIED.,.F.,.F.,(4,4),(-0.550555888006877,0.),.UNSPECIFIED.);
#56=B_SPLINE_CURVE_WITH_KNOTS('',3,(#2586,#2587,#2588,#2589,#2590,#2591),
 .UNSPECIFIED.,.F.,.F.,(4,2,4),(-0.456184825551591,-0.253995458988388,-0.0518060924251858),
 .UNSPECIFIED.);
#57=B_SPLINE_CURVE_WITH_KNOTS('',3,(#2594,#2595,#2596,#2597),
 .UNSPECIFIED.,.F.,.F.,(4,4),(-0.051488944422943,-0.051176361079253),
 .UNSPECIFIED.);
#58=B_SPLINE_CURVE_WITH_KNOTS('',3,(#2598,#2599,#2600,#2601,#2602,#2603),
 .UNSPECIFIED.,.F.,.F.,(4,2,4),(-0.454044253776537,-0.252608688829493,-0.0511731238824491),
 .UNSPECIFIED.);
#59=B_SPLINE_CURVE_WITH_KNOTS('',3,(#2615,#2616,#2617,#2618),
 .UNSPECIFIED.,.F.,.F.,(4,4),(-0.200245848042117,-0.0500623260274175),
 .UNSPECIFIED.);
#60=B_SPLINE_CURVE_WITH_KNOTS('',3,(#2620,#2621,#2622,#2623),
 .UNSPECIFIED.,.F.,.F.,(4,4),(-0.200243142928738,-0.0500623084478397),
 .UNSPECIFIED.);
#61=B_SPLINE_CURVE_WITH_KNOTS('',3,(#2625,#2626,#2627,#2628),
 .UNSPECIFIED.,.F.,.F.,(4,4),(-0.400405649350271,-0.200218818538072),
 .UNSPECIFIED.);
#62=B_SPLINE_CURVE_WITH_KNOTS('',3,(#2630,#2631,#2632,#2633),
 .UNSPECIFIED.,.F.,.F.,(4,4),(-0.250296170957306,-0.0500605728914786),
 .UNSPECIFIED.);
#63=B_SPLINE_CURVE_WITH_KNOTS('',3,(#2637,#2638,#2639,#2640),
 .UNSPECIFIED.,.F.,.F.,(4,4),(-0.200239084442238,0.),.UNSPECIFIED.);
#64=B_SPLINE_CURVE_WITH_KNOTS('',3,(#2645,#2646,#2647,#2648),
 .UNSPECIFIED.,.F.,.F.,(4,4),(-0.250300673618238,-0.0500616032747213),
 .UNSPECIFIED.);
#65=B_SPLINE_CURVE_WITH_KNOTS('',3,(#2650,#2651,#2652,#2653,#2654,#2655),
 .UNSPECIFIED.,.F.,.F.,(4,2,4),(-0.455940470342896,-0.253836939340631,-0.0517334083383665),
 .UNSPECIFIED.);
#66=B_SPLINE_CURVE_WITH_KNOTS('',3,(#2659,#2660,#2661,#2662,#2663,#2664,
#2665,#2666,#2667,#2668,#2669,#2670,#2671,#2672,#2673,#2674,#2675,#2676,
#2677,#2678),.UNSPECIFIED.,.F.,.F.,(4,2,2,2,2,2,2,2,2,4),(-0.548690349565896,
-0.512462379627339,-0.476234409688783,-0.408200922590385,-0.340167435491988,
-0.27213394839359,-0.204100461295193,-0.136066974196795,-0.0680334870983976,
0.),.UNSPECIFIED.);
#67=B_SPLINE_CURVE_WITH_KNOTS('',3,(#2686,#2687,#2688,#2689,#2690,#2691,
#2692,#2693,#2694,#2695,#2696,#2697,#2698,#2699,#2700,#2701,#2702,#2703,
#2704,#2705),.UNSPECIFIED.,.F.,.F.,(4,2,2,2,2,2,2,2,2,4),(-0.31505493102626,
-0.294253033235925,-0.273451135445589,-0.234386687524791,-0.195322239603992,
-0.156257791683194,-0.117193343762395,-0.078128895841597,-0.0390644479207987,
0.),.UNSPECIFIED.);
#68=B_SPLINE_CURVE_WITH_KNOTS('',3,(#2706,#2707,#2708,#2709,#2710,#2711,
#2712,#2713,#2714,#2715,#2716,#2717,#2718,#2719,#2720,#2721,#2722,#2723,
#2724,#2725),.UNSPECIFIED.,.F.,.F.,(4,2,2,2,2,2,2,2,2,4),(-0.31506567924014,
-0.294263071785475,-0.273460464330809,-0.234394683712122,-0.195328903093435,
-0.156263122474748,-0.117197341856061,-0.0781315612373739,-0.0390657806186869,
0.),.UNSPECIFIED.);
#69=B_SPLINE_CURVE_WITH_KNOTS('',3,(#2776,#2777,#2778,#2779,#2780,#2781,
#2782,#2783,#2784,#2785),.UNSPECIFIED.,.F.,.F.,(4,3,3,4),(0.00021232481859623,
0.175053497608074,0.324003162923344,0.330665224329144),.UNSPECIFIED.);
#70=B_SPLINE_CURVE_WITH_KNOTS('',3,(#2788,#2789,#2790,#2791,#2792,#2793,
#2794,#2795,#2796,#2797),.UNSPECIFIED.,.F.,.F.,(4,3,3,4),(0.00021232481859623,
0.175053497608074,0.324003162923344,0.330665224329144),.UNSPECIFIED.);
#71=B_SPLINE_CURVE_WITH_KNOTS('',3,(#2799,#2800,#2801,#2802,#2803,#2804),
 .UNSPECIFIED.,.F.,.F.,(4,2,4),(-0.456077851678207,-0.25392605540045,-0.0517742591226939),
 .UNSPECIFIED.);
#72=B_SPLINE_CURVE_WITH_KNOTS('',3,(#2805,#2806,#2807,#2808),
 .UNSPECIFIED.,.F.,.F.,(4,4),(-0.200246936024872,-0.0500634244609819),
 .UNSPECIFIED.);
#73=B_SPLINE_CURVE_WITH_KNOTS('',3,(#2812,#2813,#2814,#2815,#2816,#2817,
#2818,#2819,#2820,#2821,#2822,#2823,#2824,#2825,#2826,#2827,#2828,#2829,
#2830,#2831,#2832,#2833,#2834,#2835,#2836,#2837,#2838,#2839,#2840,#2841,
#2842,#2843,#2844,#2845,#2846,#2847),.UNSPECIFIED.,.T.,.F.,(4,2,2,2,2,2,
2,2,2,2,2,2,2,2,2,2,2,4),(-0.63020263543152,-0.608084677121774,-0.585966718812027,
-0.546902270891226,-0.507837822970424,-0.468773375049622,-0.42970892712882,
-0.390644479208018,-0.351580031287217,-0.312515583366415,-0.273451135445613,
-0.234386687524811,-0.195322239604009,-0.156257791683207,-0.117193343762406,
-0.0781288958416037,-0.0390644479208019,0.),.UNSPECIFIED.);
#74=B_SPLINE_CURVE_WITH_KNOTS('',3,(#2858,#2859,#2860,#2861,#2862,#2863,
#2864,#2865,#2866,#2867,#2868,#2869,#2870,#2871,#2872,#2873,#2874,#2875,
#2876,#2877,#2878,#2879,#2880),.UNSPECIFIED.,.F.,.F.,(4,2,3,2,2,2,2,2,2,
2,4),(-2.54958923994989,-2.5149546308252,-2.3681592532505,-2.28504495843546,
-2.20193066362042,-2.05513528604573,-1.90833990847103,-1.76154453089634,
-1.61474915332164,-1.46795377574695,-1.36569228344957),.UNSPECIFIED.);
#75=STYLED_ITEM('',(#3027),#80);
#76=STYLED_ITEM('',(#3027),#81);
#77=STYLED_ITEM('',(#3027),#82);
#78=STYLED_ITEM('',(#3027),#83);
#79=STYLED_ITEM('',(#3027),#84);
#80=MANIFOLD_SOLID_BREP('Motor_1/2A6-2',#1347);
#81=MANIFOLD_SOLID_BREP('\X2\80F44F53\X0\',#1348);
#82=MANIFOLD_SOLID_BREP('\X2\30B930C830EA30FC30DE\X0\',#1349);
#83=MANIFOLD_SOLID_BREP('\X2\84CB\X0\',#1350);
#84=MANIFOLD_SOLID_BREP('\X2\30DC30C730A3\X0\48',#1351);
#85=LINE('',#1816,#192);
#86=LINE('',#1824,#193);
#87=LINE('',#1839,#194);
#88=LINE('',#1840,#195);
#89=LINE('',#1896,#196);
#90=LINE('',#1898,#197);
#91=LINE('',#1899,#198);
#92=LINE('',#1904,#199);
#93=LINE('',#1906,#200);
#94=LINE('',#1907,#201);
#95=LINE('',#1910,#202);
#96=LINE('',#1913,#203);
#97=LINE('',#1916,#204);
#98=LINE('',#1918,#205);
#99=LINE('',#1919,#206);
#100=LINE('',#1930,#207);
#101=LINE('',#1943,#208);
#102=LINE('',#1963,#209);
#103=LINE('',#1970,#210);
#104=LINE('',#1972,#211);
#105=LINE('',#1976,#212);
#106=LINE('',#1982,#213);
#107=LINE('',#1986,#214);
#108=LINE('',#1992,#215);
#109=LINE('',#1996,#216);
#110=LINE('',#2002,#217);
#111=LINE('',#2005,#218);
#112=LINE('',#2009,#219);
#113=LINE('',#2011,#220);
#114=LINE('',#2013,#221);
#115=LINE('',#2014,#222);
#116=LINE('',#2017,#223);
#117=LINE('',#2020,#224);
#118=LINE('',#2022,#225);
#119=LINE('',#2025,#226);
#120=LINE('',#2237,#227);
#121=LINE('',#2243,#228);
#122=LINE('',#2265,#229);
#123=LINE('',#2271,#230);
#124=LINE('',#2275,#231);
#125=LINE('',#2278,#232);
#126=LINE('',#2280,#233);
#127=LINE('',#2291,#234);
#128=LINE('',#2292,#235);
#129=LINE('',#2300,#236);
#130=LINE('',#2302,#237);
#131=LINE('',#2303,#238);
#132=LINE('',#2305,#239);
#133=LINE('',#2307,#240);
#134=LINE('',#2308,#241);
#135=LINE('',#2310,#242);
#136=LINE('',#2312,#243);
#137=LINE('',#2313,#244);
#138=LINE('',#2320,#245);
#139=LINE('',#2324,#246);
#140=LINE('',#2325,#247);
#141=LINE('',#2328,#248);
#142=LINE('',#2329,#249);
#143=LINE('',#2332,#250);
#144=LINE('',#2333,#251);
#145=LINE('',#2336,#252);
#146=LINE('',#2337,#253);
#147=LINE('',#2339,#254);
#148=LINE('',#2343,#255);
#149=LINE('',#2345,#256);
#150=LINE('',#2346,#257);
#151=LINE('',#2349,#258);
#152=LINE('',#2350,#259);
#153=LINE('',#2352,#260);
#154=LINE('',#2355,#261);
#155=LINE('',#2356,#262);
#156=LINE('',#2358,#263);
#157=LINE('',#2362,#264);
#158=LINE('',#2363,#265);
#159=LINE('',#2366,#266);
#160=LINE('',#2367,#267);
#161=LINE('',#2370,#268);
#162=LINE('',#2371,#269);
#163=LINE('',#2374,#270);
#164=LINE('',#2375,#271);
#165=LINE('',#2377,#272);
#166=LINE('',#2450,#273);
#167=LINE('',#2563,#274);
#168=LINE('',#2565,#275);
#169=LINE('',#2566,#276);
#170=LINE('',#2570,#277);
#171=LINE('',#2572,#278);
#172=LINE('',#2574,#279);
#173=LINE('',#2576,#280);
#174=LINE('',#2578,#281);
#175=LINE('',#2579,#282);
#176=LINE('',#2580,#283);
#177=LINE('',#2584,#284);
#178=LINE('',#2592,#285);
#179=LINE('',#2606,#286);
#180=LINE('',#2610,#287);
#181=LINE('',#2614,#288);
#182=LINE('',#2635,#289);
#183=LINE('',#2641,#290);
#184=LINE('',#2644,#291);
#185=LINE('',#2681,#292);
#186=LINE('',#2811,#293);
#187=LINE('',#2849,#294);
#188=LINE('',#2854,#295);
#189=LINE('',#2881,#296);
#190=LINE('',#2882,#297);
#191=LINE('',#3004,#298);
#192=VECTOR('',#1485,9.);
#193=VECTOR('',#1494,10.);
#194=VECTOR('',#1495,10.);
#195=VECTOR('',#1496,10.);
#196=VECTOR('',#1505,10.);
#197=VECTOR('',#1506,10.);
#198=VECTOR('',#1507,10.);
#199=VECTOR('',#1514,10.);
#200=VECTOR('',#1515,10.);
#201=VECTOR('',#1516,10.);
#202=VECTOR('',#1519,10.);
#203=VECTOR('',#1522,10.);
#204=VECTOR('',#1525,10.);
#205=VECTOR('',#1526,10.);
#206=VECTOR('',#1527,10.);
#207=VECTOR('',#1530,10.);
#208=VECTOR('',#1537,10.);
#209=VECTOR('',#1544,10.);
#210=VECTOR('',#1551,10.);
#211=VECTOR('',#1552,10.);
#212=VECTOR('',#1555,10.);
#213=VECTOR('',#1560,10.);
#214=VECTOR('',#1563,10.);
#215=VECTOR('',#1568,10.);
#216=VECTOR('',#1571,10.);
#217=VECTOR('',#1576,10.);
#218=VECTOR('',#1579,10.);
#219=VECTOR('',#1582,10.);
#220=VECTOR('',#1583,10.);
#221=VECTOR('',#1584,10.);
#222=VECTOR('',#1585,10.);
#223=VECTOR('',#1588,10.);
#224=VECTOR('',#1591,10.);
#225=VECTOR('',#1592,10.);
#226=VECTOR('',#1595,10.);
#227=VECTOR('',#1604,1.42912698293804);
#228=VECTOR('',#1611,10.);
#229=VECTOR('',#1612,10.);
#230=VECTOR('',#1619,1.);
#231=VECTOR('',#1624,1.5);
#232=VECTOR('',#1629,10.);
#233=VECTOR('',#1630,10.);
#234=VECTOR('',#1633,10.);
#235=VECTOR('',#1634,10.);
#236=VECTOR('',#1639,10.);
#237=VECTOR('',#1640,10.);
#238=VECTOR('',#1641,10.);
#239=VECTOR('',#1642,10.);
#240=VECTOR('',#1643,10.);
#241=VECTOR('',#1644,10.);
#242=VECTOR('',#1645,10.);
#243=VECTOR('',#1646,10.);
#244=VECTOR('',#1647,10.);
#245=VECTOR('',#1654,0.499999999999998);
#246=VECTOR('',#1659,10.);
#247=VECTOR('',#1660,10.);
#248=VECTOR('',#1663,10.);
#249=VECTOR('',#1664,10.);
#250=VECTOR('',#1667,10.);
#251=VECTOR('',#1668,10.);
#252=VECTOR('',#1671,10.);
#253=VECTOR('',#1672,10.);
#254=VECTOR('',#1675,10.);
#255=VECTOR('',#1680,10.);
#256=VECTOR('',#1681,10.);
#257=VECTOR('',#1682,10.);
#258=VECTOR('',#1685,10.);
#259=VECTOR('',#1686,10.);
#260=VECTOR('',#1689,10.);
#261=VECTOR('',#1692,10.);
#262=VECTOR('',#1693,10.);
#263=VECTOR('',#1696,10.);
#264=VECTOR('',#1701,10.);
#265=VECTOR('',#1702,10.);
#266=VECTOR('',#1705,10.);
#267=VECTOR('',#1706,10.);
#268=VECTOR('',#1709,10.);
#269=VECTOR('',#1710,10.);
#270=VECTOR('',#1713,10.);
#271=VECTOR('',#1714,10.);
#272=VECTOR('',#1717,10.);
#273=VECTOR('',#1726,8.99721969865092);
#274=VECTOR('',#1733,10.);
#275=VECTOR('',#1734,10.);
#276=VECTOR('',#1735,10.);
#277=VECTOR('',#1738,10.);
#278=VECTOR('',#1739,10.);
#279=VECTOR('',#1740,10.);
#280=VECTOR('',#1741,10.);
#281=VECTOR('',#1742,10.);
#282=VECTOR('',#1743,10.);
#283=VECTOR('',#1744,10.);
#284=VECTOR('',#1747,10.);
#285=VECTOR('',#1748,10.);
#286=VECTOR('',#1751,10.);
#287=VECTOR('',#1754,10.);
#288=VECTOR('',#1759,10.);
#289=VECTOR('',#1760,10.);
#290=VECTOR('',#1761,10.);
#291=VECTOR('',#1764,10.);
#292=VECTOR('',#1771,1.74157044917442);
#293=VECTOR('',#1780,1.00000001490116);
#294=VECTOR('',#1783,10.);
#295=VECTOR('',#1790,10.);
#296=VECTOR('',#1793,10.);
#297=VECTOR('',#1794,10.);
#298=VECTOR('',#1803,0.25);
#299=CYLINDRICAL_SURFACE('',#1367,9.);
#300=CYLINDRICAL_SURFACE('',#1370,0.5);
#301=CYLINDRICAL_SURFACE('',#1375,0.5);
#302=CYLINDRICAL_SURFACE('',#1379,1.5);
#303=CYLINDRICAL_SURFACE('',#1382,1.5);
#304=CYLINDRICAL_SURFACE('',#1384,1.5);
#305=CYLINDRICAL_SURFACE('',#1387,2.00000000745058);
#306=CYLINDRICAL_SURFACE('',#1388,11.0000001639128);
#307=CYLINDRICAL_SURFACE('',#1414,1.);
#308=CYLINDRICAL_SURFACE('',#1416,1.5);
#309=CYLINDRICAL_SURFACE('',#1424,0.499999999999998);
#310=CYLINDRICAL_SURFACE('',#1447,8.99721969865092);
#311=CYLINDRICAL_SURFACE('',#1459,1.74157044917442);
#312=CYLINDRICAL_SURFACE('',#1464,1.00000001490116);
#313=CYLINDRICAL_SURFACE('',#1472,0.25);
#314=FACE_OUTER_BOUND('',#388,.T.);
#315=FACE_OUTER_BOUND('',#389,.T.);
#316=FACE_OUTER_BOUND('',#390,.T.);
#317=FACE_OUTER_BOUND('',#391,.T.);
#318=FACE_OUTER_BOUND('',#392,.T.);
#319=FACE_OUTER_BOUND('',#393,.T.);
#320=FACE_OUTER_BOUND('',#394,.T.);
#321=FACE_OUTER_BOUND('',#395,.T.);
#322=FACE_OUTER_BOUND('',#396,.T.);
#323=FACE_OUTER_BOUND('',#397,.T.);
#324=FACE_OUTER_BOUND('',#398,.T.);
#325=FACE_OUTER_BOUND('',#399,.T.);
#326=FACE_OUTER_BOUND('',#400,.T.);
#327=FACE_OUTER_BOUND('',#401,.T.);
#328=FACE_OUTER_BOUND('',#402,.T.);
#329=FACE_OUTER_BOUND('',#403,.T.);
#330=FACE_OUTER_BOUND('',#404,.T.);
#331=FACE_OUTER_BOUND('',#406,.T.);
#332=FACE_OUTER_BOUND('',#407,.T.);
#333=FACE_OUTER_BOUND('',#408,.T.);
#334=FACE_OUTER_BOUND('',#409,.T.);
#335=FACE_OUTER_BOUND('',#411,.T.);
#336=FACE_OUTER_BOUND('',#412,.T.);
#337=FACE_OUTER_BOUND('',#413,.T.);
#338=FACE_OUTER_BOUND('',#415,.T.);
#339=FACE_OUTER_BOUND('',#416,.T.);
#340=FACE_OUTER_BOUND('',#417,.T.);
#341=FACE_OUTER_BOUND('',#418,.T.);
#342=FACE_OUTER_BOUND('',#420,.T.);
#343=FACE_OUTER_BOUND('',#421,.T.);
#344=FACE_OUTER_BOUND('',#422,.T.);
#345=FACE_OUTER_BOUND('',#424,.T.);
#346=FACE_OUTER_BOUND('',#425,.T.);
#347=FACE_OUTER_BOUND('',#426,.T.);
#348=FACE_OUTER_BOUND('',#427,.T.);
#349=FACE_OUTER_BOUND('',#429,.T.);
#350=FACE_OUTER_BOUND('',#430,.T.);
#351=FACE_OUTER_BOUND('',#431,.T.);
#352=FACE_OUTER_BOUND('',#432,.T.);
#353=FACE_OUTER_BOUND('',#433,.T.);
#354=FACE_OUTER_BOUND('',#434,.T.);
#355=FACE_OUTER_BOUND('',#435,.T.);
#356=FACE_OUTER_BOUND('',#436,.T.);
#357=FACE_OUTER_BOUND('',#437,.T.);
#358=FACE_OUTER_BOUND('',#438,.T.);
#359=FACE_OUTER_BOUND('',#439,.T.);
#360=FACE_OUTER_BOUND('',#440,.T.);
#361=FACE_OUTER_BOUND('',#441,.T.);
#362=FACE_OUTER_BOUND('',#442,.T.);
#363=FACE_OUTER_BOUND('',#443,.T.);
#364=FACE_OUTER_BOUND('',#444,.T.);
#365=FACE_OUTER_BOUND('',#445,.T.);
#366=FACE_OUTER_BOUND('',#446,.T.);
#367=FACE_OUTER_BOUND('',#447,.T.);
#368=FACE_OUTER_BOUND('',#448,.T.);
#369=FACE_OUTER_BOUND('',#449,.T.);
#370=FACE_OUTER_BOUND('',#450,.T.);
#371=FACE_OUTER_BOUND('',#451,.T.);
#372=FACE_OUTER_BOUND('',#452,.T.);
#373=FACE_OUTER_BOUND('',#453,.T.);
#374=FACE_OUTER_BOUND('',#454,.T.);
#375=FACE_OUTER_BOUND('',#455,.T.);
#376=FACE_OUTER_BOUND('',#457,.T.);
#377=FACE_OUTER_BOUND('',#459,.T.);
#378=FACE_OUTER_BOUND('',#460,.T.);
#379=FACE_OUTER_BOUND('',#461,.T.);
#380=FACE_OUTER_BOUND('',#462,.T.);
#381=FACE_OUTER_BOUND('',#463,.T.);
#382=FACE_OUTER_BOUND('',#464,.T.);
#383=FACE_OUTER_BOUND('',#465,.T.);
#384=FACE_OUTER_BOUND('',#466,.T.);
#385=FACE_OUTER_BOUND('',#467,.T.);
#386=FACE_OUTER_BOUND('',#468,.T.);
#387=FACE_OUTER_BOUND('',#469,.T.);
#388=EDGE_LOOP('',(#833));
#389=EDGE_LOOP('',(#834,#835,#836,#837));
#390=EDGE_LOOP('',(#838));
#391=EDGE_LOOP('',(#839,#840,#841,#842,#843));
#392=EDGE_LOOP('',(#844,#845,#846,#847));
#393=EDGE_LOOP('',(#848,#849,#850,#851,#852));
#394=EDGE_LOOP('',(#853,#854,#855,#856));
#395=EDGE_LOOP('',(#857,#858,#859,#860));
#396=EDGE_LOOP('',(#861,#862,#863,#864));
#397=EDGE_LOOP('',(#865,#866,#867,#868));
#398=EDGE_LOOP('',(#869,#870,#871,#872));
#399=EDGE_LOOP('',(#873,#874,#875,#876));
#400=EDGE_LOOP('',(#877,#878,#879,#880));
#401=EDGE_LOOP('',(#881,#882,#883,#884));
#402=EDGE_LOOP('',(#885,#886,#887,#888,#889,#890,#891,#892,#893,#894,#895,
#896,#897,#898,#899,#900,#901,#902,#903,#904,#905,#906,#907,#908,#909,#910,
#911,#912,#913));
#403=EDGE_LOOP('',(#914,#915,#916,#917));
#404=EDGE_LOOP('',(#918,#919,#920,#921,#922,#923,#924,#925));
#405=EDGE_LOOP('',(#926));
#406=EDGE_LOOP('',(#927,#928,#929,#930,#931,#932,#933,#934));
#407=EDGE_LOOP('',(#935,#936,#937,#938));
#408=EDGE_LOOP('',(#939,#940,#941,#942,#943,#944));
#409=EDGE_LOOP('',(#945,#946,#947,#948));
#410=EDGE_LOOP('',(#949));
#411=EDGE_LOOP('',(#950,#951,#952,#953,#954));
#412=EDGE_LOOP('',(#955,#956,#957,#958));
#413=EDGE_LOOP('',(#959));
#414=EDGE_LOOP('',(#960));
#415=EDGE_LOOP('',(#961,#962,#963,#964,#965,#966,#967,#968,#969,#970,#971));
#416=EDGE_LOOP('',(#972,#973,#974,#975,#976,#977,#978,#979,#980,#981,#982));
#417=EDGE_LOOP('',(#983,#984,#985,#986));
#418=EDGE_LOOP('',(#987,#988,#989,#990,#991,#992,#993,#994,#995,#996,#997,
#998,#999,#1000,#1001,#1002));
#419=EDGE_LOOP('',(#1003));
#420=EDGE_LOOP('',(#1004,#1005,#1006,#1007));
#421=EDGE_LOOP('',(#1008,#1009,#1010));
#422=EDGE_LOOP('',(#1011,#1012,#1013,#1014,#1015));
#423=EDGE_LOOP('',(#1016));
#424=EDGE_LOOP('',(#1017,#1018,#1019,#1020));
#425=EDGE_LOOP('',(#1021,#1022,#1023,#1024,#1025));
#426=EDGE_LOOP('',(#1026,#1027,#1028));
#427=EDGE_LOOP('',(#1029,#1030,#1031,#1032,#1033));
#428=EDGE_LOOP('',(#1034));
#429=EDGE_LOOP('',(#1035,#1036,#1037,#1038,#1039));
#430=EDGE_LOOP('',(#1040,#1041,#1042));
#431=EDGE_LOOP('',(#1043,#1044,#1045));
#432=EDGE_LOOP('',(#1046,#1047,#1048,#1049,#1050));
#433=EDGE_LOOP('',(#1051,#1052,#1053,#1054));
#434=EDGE_LOOP('',(#1055,#1056,#1057,#1058,#1059));
#435=EDGE_LOOP('',(#1060,#1061,#1062));
#436=EDGE_LOOP('',(#1063,#1064,#1065,#1066,#1067));
#437=EDGE_LOOP('',(#1068,#1069,#1070,#1071));
#438=EDGE_LOOP('',(#1072,#1073,#1074,#1075,#1076));
#439=EDGE_LOOP('',(#1077,#1078,#1079));
#440=EDGE_LOOP('',(#1080,#1081,#1082,#1083,#1084));
#441=EDGE_LOOP('',(#1085,#1086,#1087,#1088,#1089));
#442=EDGE_LOOP('',(#1090,#1091,#1092,#1093,#1094,#1095,#1096,#1097));
#443=EDGE_LOOP('',(#1098,#1099,#1100,#1101,#1102));
#444=EDGE_LOOP('',(#1103,#1104,#1105,#1106));
#445=EDGE_LOOP('',(#1107,#1108,#1109));
#446=EDGE_LOOP('',(#1110));
#447=EDGE_LOOP('',(#1111,#1112,#1113,#1114));
#448=EDGE_LOOP('',(#1115,#1116,#1117,#1118,#1119,#1120,#1121,#1122));
#449=EDGE_LOOP('',(#1123,#1124,#1125,#1126,#1127,#1128,#1129));
#450=EDGE_LOOP('',(#1130,#1131,#1132,#1133,#1134,#1135));
#451=EDGE_LOOP('',(#1136,#1137,#1138,#1139,#1140,#1141,#1142,#1143,#1144,
#1145));
#452=EDGE_LOOP('',(#1146,#1147,#1148,#1149));
#453=EDGE_LOOP('',(#1150,#1151,#1152,#1153));
#454=EDGE_LOOP('',(#1154,#1155,#1156,#1157,#1158));
#455=EDGE_LOOP('',(#1159));
#456=EDGE_LOOP('',(#1160,#1161));
#457=EDGE_LOOP('',(#1162,#1163,#1164,#1165,#1166,#1167,#1168,#1169));
#458=EDGE_LOOP('',(#1170,#1171,#1172,#1173));
#459=EDGE_LOOP('',(#1174,#1175,#1176,#1177,#1178));
#460=EDGE_LOOP('',(#1179,#1180,#1181,#1182));
#461=EDGE_LOOP('',(#1183,#1184,#1185,#1186));
#462=EDGE_LOOP('',(#1187,#1188,#1189,#1190));
#463=EDGE_LOOP('',(#1191,#1192,#1193,#1194));
#464=EDGE_LOOP('',(#1195,#1196,#1197,#1198));
#465=EDGE_LOOP('',(#1199,#1200,#1201,#1202,#1203,#1204,#1205,#1206,#1207,
#1208,#1209,#1210,#1211,#1212));
#466=EDGE_LOOP('',(#1213,#1214,#1215,#1216));
#467=EDGE_LOOP('',(#1217,#1218,#1219,#1220));
#468=EDGE_LOOP('',(#1221));
#469=EDGE_LOOP('',(#1222));
#470=CIRCLE('',#1366,9.);
#471=CIRCLE('',#1368,9.);
#472=CIRCLE('',#1371,0.5);
#473=CIRCLE('',#1372,0.5);
#474=CIRCLE('',#1380,1.5);
#475=CIRCLE('',#1383,1.5);
#476=CIRCLE('',#1385,1.5);
#477=CIRCLE('',#1386,2.00000000745058);
#478=CIRCLE('',#1389,11.0000001639128);
#479=CIRCLE('',#1390,11.0000001639128);
#480=CIRCLE('',#1391,11.0000001639128);
#481=CIRCLE('',#1392,11.0000001639128);
#482=CIRCLE('',#1393,11.0000001639128);
#483=CIRCLE('',#1394,11.0000001639128);
#484=CIRCLE('',#1395,11.0000001639128);
#485=CIRCLE('',#1396,11.0000001639143);
#486=CIRCLE('',#1397,11.0000001639143);
#487=CIRCLE('',#1398,11.0000001639128);
#488=CIRCLE('',#1399,11.0000001639128);
#489=CIRCLE('',#1400,11.0000001639128);
#490=CIRCLE('',#1401,11.0000001639128);
#491=CIRCLE('',#1404,8.99766365987041);
#492=CIRCLE('',#1405,8.99766365987041);
#493=CIRCLE('',#1406,8.99721969865092);
#494=CIRCLE('',#1407,2.85825396587608);
#495=CIRCLE('',#1408,1.74157044917442);
#496=CIRCLE('',#1410,1.);
#497=CIRCLE('',#1411,1.);
#498=CIRCLE('',#1413,1.5);
#499=CIRCLE('',#1415,1.);
#500=CIRCLE('',#1417,1.5);
#501=CIRCLE('',#1423,8.99721969865092);
#502=CIRCLE('',#1425,0.499999999999998);
#503=CIRCLE('',#1426,0.499999999999998);
#504=CIRCLE('',#1448,7.99582846301077);
#505=CIRCLE('',#1454,8.99766365987041);
#506=CIRCLE('',#1455,11.0000001639128);
#507=CIRCLE('',#1460,1.74157044917442);
#508=CIRCLE('',#1461,1.74157044917442);
#509=CIRCLE('',#1463,8.99766365987041);
#510=CIRCLE('',#1468,11.0000001639128);
#511=CIRCLE('',#1473,0.25);
#512=CIRCLE('',#1474,0.25);
#513=VERTEX_POINT('',#1812);
#514=VERTEX_POINT('',#1815);
#515=VERTEX_POINT('',#1820);
#516=VERTEX_POINT('',#1821);
#517=VERTEX_POINT('',#1823);
#518=VERTEX_POINT('',#1825);
#519=VERTEX_POINT('',#1838);
#520=VERTEX_POINT('',#1876);
#521=VERTEX_POINT('',#1877);
#522=VERTEX_POINT('',#1882);
#523=VERTEX_POINT('',#1883);
#524=VERTEX_POINT('',#1897);
#525=VERTEX_POINT('',#1903);
#526=VERTEX_POINT('',#1905);
#527=VERTEX_POINT('',#1909);
#528=VERTEX_POINT('',#1911);
#529=VERTEX_POINT('',#1915);
#530=VERTEX_POINT('',#1917);
#531=VERTEX_POINT('',#1921);
#532=VERTEX_POINT('',#1933);
#533=VERTEX_POINT('',#1962);
#534=VERTEX_POINT('',#1964);
#535=VERTEX_POINT('',#1966);
#536=VERTEX_POINT('',#1968);
#537=VERTEX_POINT('',#1971);
#538=VERTEX_POINT('',#1973);
#539=VERTEX_POINT('',#1975);
#540=VERTEX_POINT('',#1977);
#541=VERTEX_POINT('',#1979);
#542=VERTEX_POINT('',#1981);
#543=VERTEX_POINT('',#1983);
#544=VERTEX_POINT('',#1985);
#545=VERTEX_POINT('',#1987);
#546=VERTEX_POINT('',#1989);
#547=VERTEX_POINT('',#1991);
#548=VERTEX_POINT('',#1993);
#549=VERTEX_POINT('',#1995);
#550=VERTEX_POINT('',#1997);
#551=VERTEX_POINT('',#1999);
#552=VERTEX_POINT('',#2001);
#553=VERTEX_POINT('',#2003);
#554=VERTEX_POINT('',#2007);
#555=VERTEX_POINT('',#2008);
#556=VERTEX_POINT('',#2010);
#557=VERTEX_POINT('',#2012);
#558=VERTEX_POINT('',#2016);
#559=VERTEX_POINT('',#2018);
#560=VERTEX_POINT('',#2021);
#561=VERTEX_POINT('',#2023);
#562=VERTEX_POINT('',#2026);
#563=VERTEX_POINT('',#2078);
#564=VERTEX_POINT('',#2079);
#565=VERTEX_POINT('',#2088);
#566=VERTEX_POINT('',#2093);
#567=VERTEX_POINT('',#2221);
#568=VERTEX_POINT('',#2229);
#569=VERTEX_POINT('',#2236);
#570=VERTEX_POINT('',#2238);
#571=VERTEX_POINT('',#2242);
#572=VERTEX_POINT('',#2244);
#573=VERTEX_POINT('',#2266);
#574=VERTEX_POINT('',#2269);
#575=VERTEX_POINT('',#2273);
#576=VERTEX_POINT('',#2279);
#577=VERTEX_POINT('',#2286);
#578=VERTEX_POINT('',#2299);
#579=VERTEX_POINT('',#2301);
#580=VERTEX_POINT('',#2304);
#581=VERTEX_POINT('',#2306);
#582=VERTEX_POINT('',#2309);
#583=VERTEX_POINT('',#2311);
#584=VERTEX_POINT('',#2314);
#585=VERTEX_POINT('',#2317);
#586=VERTEX_POINT('',#2319);
#587=VERTEX_POINT('',#2323);
#588=VERTEX_POINT('',#2327);
#589=VERTEX_POINT('',#2331);
#590=VERTEX_POINT('',#2335);
#591=VERTEX_POINT('',#2342);
#592=VERTEX_POINT('',#2344);
#593=VERTEX_POINT('',#2348);
#594=VERTEX_POINT('',#2354);
#595=VERTEX_POINT('',#2361);
#596=VERTEX_POINT('',#2365);
#597=VERTEX_POINT('',#2369);
#598=VERTEX_POINT('',#2373);
#599=VERTEX_POINT('',#2541);
#600=VERTEX_POINT('',#2542);
#601=VERTEX_POINT('',#2556);
#602=VERTEX_POINT('',#2557);
#603=VERTEX_POINT('',#2562);
#604=VERTEX_POINT('',#2564);
#605=VERTEX_POINT('',#2568);
#606=VERTEX_POINT('',#2569);
#607=VERTEX_POINT('',#2571);
#608=VERTEX_POINT('',#2573);
#609=VERTEX_POINT('',#2575);
#610=VERTEX_POINT('',#2577);
#611=VERTEX_POINT('',#2582);
#612=VERTEX_POINT('',#2583);
#613=VERTEX_POINT('',#2585);
#614=VERTEX_POINT('',#2593);
#615=VERTEX_POINT('',#2605);
#616=VERTEX_POINT('',#2607);
#617=VERTEX_POINT('',#2609);
#618=VERTEX_POINT('',#2613);
#619=VERTEX_POINT('',#2619);
#620=VERTEX_POINT('',#2624);
#621=VERTEX_POINT('',#2629);
#622=VERTEX_POINT('',#2634);
#623=VERTEX_POINT('',#2636);
#624=VERTEX_POINT('',#2643);
#625=VERTEX_POINT('',#2657);
#626=VERTEX_POINT('',#2658);
#627=VERTEX_POINT('',#2680);
#628=VERTEX_POINT('',#2684);
#629=VERTEX_POINT('',#2685);
#630=VERTEX_POINT('',#2786);
#631=VERTEX_POINT('',#2798);
#632=VERTEX_POINT('',#2810);
#633=VERTEX_POINT('',#2852);
#634=VERTEX_POINT('',#2856);
#635=VERTEX_POINT('',#2857);
#636=VERTEX_POINT('',#3001);
#637=VERTEX_POINT('',#3003);
#638=EDGE_CURVE('',#513,#513,#470,.T.);
#639=EDGE_CURVE('',#513,#514,#85,.T.);
#640=EDGE_CURVE('',#514,#514,#471,.T.);
#641=EDGE_CURVE('',#515,#516,#472,.T.);
#642=EDGE_CURVE('',#516,#517,#86,.T.);
#643=EDGE_CURVE('',#518,#517,#38,.T.);
#644=EDGE_CURVE('',#519,#518,#87,.T.);
#645=EDGE_CURVE('',#519,#515,#88,.T.);
#646=EDGE_CURVE('',#520,#521,#473,.T.);
#647=EDGE_CURVE('',#521,#516,#34,.T.);
#648=EDGE_CURVE('',#515,#520,#35,.T.);
#649=EDGE_CURVE('',#522,#523,#39,.T.);
#650=EDGE_CURVE('',#522,#521,#89,.T.);
#651=EDGE_CURVE('',#520,#524,#90,.T.);
#652=EDGE_CURVE('',#523,#524,#91,.T.);
#653=EDGE_CURVE('',#524,#519,#36,.T.);
#654=EDGE_CURVE('',#525,#522,#92,.T.);
#655=EDGE_CURVE('',#526,#525,#93,.T.);
#656=EDGE_CURVE('',#526,#521,#94,.T.);
#657=EDGE_CURVE('',#519,#527,#95,.T.);
#658=EDGE_CURVE('',#528,#527,#474,.T.);
#659=EDGE_CURVE('',#528,#524,#96,.T.);
#660=EDGE_CURVE('',#529,#516,#97,.T.);
#661=EDGE_CURVE('',#530,#529,#98,.T.);
#662=EDGE_CURVE('',#517,#530,#99,.T.);
#663=EDGE_CURVE('',#531,#525,#40,.T.);
#664=EDGE_CURVE('',#531,#528,#100,.T.);
#665=EDGE_CURVE('',#528,#526,#475,.T.);
#666=EDGE_CURVE('',#530,#532,#41,.T.);
#667=EDGE_CURVE('',#529,#527,#476,.T.);
#668=EDGE_CURVE('',#527,#532,#101,.T.);
#669=EDGE_CURVE('',#529,#526,#477,.T.);
#670=EDGE_CURVE('',#532,#533,#102,.T.);
#671=EDGE_CURVE('',#533,#534,#478,.T.);
#672=EDGE_CURVE('',#534,#535,#479,.T.);
#673=EDGE_CURVE('',#535,#536,#480,.T.);
#674=EDGE_CURVE('',#536,#531,#103,.T.);
#675=EDGE_CURVE('',#523,#537,#104,.T.);
#676=EDGE_CURVE('',#538,#537,#481,.T.);
#677=EDGE_CURVE('',#538,#539,#105,.T.);
#678=EDGE_CURVE('',#539,#540,#482,.T.);
#679=EDGE_CURVE('',#540,#541,#483,.T.);
#680=EDGE_CURVE('',#541,#542,#106,.T.);
#681=EDGE_CURVE('',#543,#542,#484,.T.);
#682=EDGE_CURVE('',#543,#544,#107,.T.);
#683=EDGE_CURVE('',#544,#545,#485,.T.);
#684=EDGE_CURVE('',#545,#546,#486,.T.);
#685=EDGE_CURVE('',#546,#547,#108,.T.);
#686=EDGE_CURVE('',#548,#547,#487,.T.);
#687=EDGE_CURVE('',#548,#549,#109,.T.);
#688=EDGE_CURVE('',#549,#550,#488,.T.);
#689=EDGE_CURVE('',#550,#551,#489,.T.);
#690=EDGE_CURVE('',#551,#552,#110,.T.);
#691=EDGE_CURVE('',#553,#552,#490,.T.);
#692=EDGE_CURVE('',#553,#518,#111,.T.);
#693=EDGE_CURVE('',#554,#555,#112,.T.);
#694=EDGE_CURVE('',#556,#554,#113,.T.);
#695=EDGE_CURVE('',#557,#556,#114,.T.);
#696=EDGE_CURVE('',#555,#557,#115,.T.);
#697=EDGE_CURVE('',#558,#554,#116,.T.);
#698=EDGE_CURVE('',#558,#559,#491,.T.);
#699=EDGE_CURVE('',#559,#535,#117,.T.);
#700=EDGE_CURVE('',#534,#560,#118,.T.);
#701=EDGE_CURVE('',#560,#561,#492,.T.);
#702=EDGE_CURVE('',#561,#556,#119,.T.);
#703=EDGE_CURVE('',#562,#562,#493,.T.);
#704=EDGE_CURVE('',#563,#564,#494,.F.);
#705=EDGE_CURVE('',#559,#563,#42,.T.);
#706=EDGE_CURVE('',#558,#565,#43,.T.);
#707=EDGE_CURVE('',#565,#566,#44,.T.);
#708=EDGE_CURVE('',#566,#561,#45,.T.);
#709=EDGE_CURVE('',#560,#564,#46,.T.);
#710=EDGE_CURVE('',#564,#563,#47,.T.);
#711=EDGE_CURVE('',#564,#567,#48,.T.);
#712=EDGE_CURVE('',#568,#567,#495,.T.);
#713=EDGE_CURVE('',#563,#568,#49,.F.);
#714=EDGE_CURVE('',#563,#569,#120,.T.);
#715=EDGE_CURVE('',#569,#570,#496,.T.);
#716=EDGE_CURVE('',#570,#569,#497,.T.);
#717=EDGE_CURVE('',#571,#567,#121,.T.);
#718=EDGE_CURVE('',#572,#571,#50,.T.);
#719=EDGE_CURVE('',#568,#572,#122,.T.);
#720=EDGE_CURVE('',#573,#573,#498,.T.);
#721=EDGE_CURVE('',#574,#574,#499,.T.);
#722=EDGE_CURVE('',#574,#570,#123,.T.);
#723=EDGE_CURVE('',#575,#575,#500,.T.);
#724=EDGE_CURVE('',#575,#573,#124,.T.);
#725=EDGE_CURVE('',#557,#553,#125,.T.);
#726=EDGE_CURVE('',#576,#566,#126,.T.);
#727=EDGE_CURVE('',#533,#576,#51,.T.);
#728=EDGE_CURVE('',#577,#536,#52,.T.);
#729=EDGE_CURVE('',#565,#577,#127,.T.);
#730=EDGE_CURVE('',#537,#555,#128,.T.);
#731=EDGE_CURVE('',#576,#577,#53,.T.);
#732=EDGE_CURVE('',#578,#552,#129,.T.);
#733=EDGE_CURVE('',#578,#579,#130,.T.);
#734=EDGE_CURVE('',#548,#579,#131,.T.);
#735=EDGE_CURVE('',#580,#547,#132,.T.);
#736=EDGE_CURVE('',#581,#580,#133,.T.);
#737=EDGE_CURVE('',#543,#581,#134,.T.);
#738=EDGE_CURVE('',#582,#542,#135,.T.);
#739=EDGE_CURVE('',#582,#583,#136,.T.);
#740=EDGE_CURVE('',#538,#583,#137,.T.);
#741=EDGE_CURVE('',#584,#584,#501,.T.);
#742=EDGE_CURVE('',#585,#585,#502,.T.);
#743=EDGE_CURVE('',#585,#586,#138,.T.);
#744=EDGE_CURVE('',#586,#586,#503,.T.);
#745=EDGE_CURVE('',#587,#544,#139,.T.);
#746=EDGE_CURVE('',#587,#545,#140,.T.);
#747=EDGE_CURVE('',#581,#588,#141,.T.);
#748=EDGE_CURVE('',#588,#587,#142,.T.);
#749=EDGE_CURVE('',#589,#580,#143,.T.);
#750=EDGE_CURVE('',#588,#589,#144,.T.);
#751=EDGE_CURVE('',#590,#589,#145,.T.);
#752=EDGE_CURVE('',#545,#590,#146,.T.);
#753=EDGE_CURVE('',#546,#590,#147,.T.);
#754=EDGE_CURVE('',#551,#591,#148,.T.);
#755=EDGE_CURVE('',#591,#592,#149,.T.);
#756=EDGE_CURVE('',#592,#578,#150,.T.);
#757=EDGE_CURVE('',#593,#549,#151,.T.);
#758=EDGE_CURVE('',#550,#593,#152,.T.);
#759=EDGE_CURVE('',#591,#550,#153,.T.);
#760=EDGE_CURVE('',#594,#593,#154,.T.);
#761=EDGE_CURVE('',#592,#594,#155,.T.);
#762=EDGE_CURVE('',#579,#594,#156,.T.);
#763=EDGE_CURVE('',#595,#539,#157,.T.);
#764=EDGE_CURVE('',#595,#540,#158,.T.);
#765=EDGE_CURVE('',#583,#596,#159,.T.);
#766=EDGE_CURVE('',#596,#595,#160,.T.);
#767=EDGE_CURVE('',#597,#582,#161,.T.);
#768=EDGE_CURVE('',#596,#597,#162,.T.);
#769=EDGE_CURVE('',#598,#597,#163,.T.);
#770=EDGE_CURVE('',#540,#598,#164,.T.);
#771=EDGE_CURVE('',#541,#598,#165,.T.);
#772=EDGE_CURVE('',#572,#535,#13,.T.);
#773=EDGE_CURVE('',#534,#571,#14,.T.);
#774=EDGE_CURVE('',#584,#562,#166,.T.);
#775=EDGE_CURVE('',#599,#600,#54,.T.);
#776=EDGE_CURVE('',#600,#600,#504,.T.);
#777=EDGE_CURVE('',#601,#602,#55,.T.);
#778=EDGE_CURVE('',#601,#603,#167,.T.);
#779=EDGE_CURVE('',#604,#603,#168,.T.);
#780=EDGE_CURVE('',#602,#604,#169,.T.);
#781=EDGE_CURVE('',#605,#606,#170,.T.);
#782=EDGE_CURVE('',#607,#605,#171,.T.);
#783=EDGE_CURVE('',#608,#607,#172,.T.);
#784=EDGE_CURVE('',#609,#608,#173,.T.);
#785=EDGE_CURVE('',#610,#609,#174,.T.);
#786=EDGE_CURVE('',#604,#610,#175,.T.);
#787=EDGE_CURVE('',#603,#606,#176,.T.);
#788=EDGE_CURVE('',#611,#612,#177,.T.);
#789=EDGE_CURVE('',#613,#611,#56,.T.);
#790=EDGE_CURVE('',#613,#606,#178,.T.);
#791=EDGE_CURVE('',#614,#601,#57,.T.);
#792=EDGE_CURVE('',#612,#614,#58,.T.);
#793=EDGE_CURVE('',#610,#615,#179,.T.);
#794=EDGE_CURVE('',#615,#616,#505,.T.);
#795=EDGE_CURVE('',#617,#616,#180,.T.);
#796=EDGE_CURVE('',#602,#617,#506,.T.);
#797=EDGE_CURVE('',#618,#607,#181,.T.);
#798=EDGE_CURVE('',#611,#618,#59,.T.);
#799=EDGE_CURVE('',#619,#612,#60,.T.);
#800=EDGE_CURVE('',#620,#619,#61,.T.);
#801=EDGE_CURVE('',#621,#620,#62,.T.);
#802=EDGE_CURVE('',#622,#621,#182,.T.);
#803=EDGE_CURVE('',#623,#622,#63,.T.);
#804=EDGE_CURVE('',#623,#608,#183,.T.);
#805=EDGE_CURVE('',#624,#609,#184,.T.);
#806=EDGE_CURVE('',#615,#624,#64,.T.);
#807=EDGE_CURVE('',#624,#623,#65,.T.);
#808=EDGE_CURVE('',#625,#626,#66,.T.);
#809=EDGE_CURVE('',#626,#625,#507,.T.);
#810=EDGE_CURVE('',#626,#627,#185,.T.);
#811=EDGE_CURVE('',#627,#627,#508,.T.);
#812=EDGE_CURVE('',#628,#629,#67,.T.);
#813=EDGE_CURVE('',#628,#629,#68,.T.);
#814=EDGE_CURVE('',#616,#625,#69,.T.);
#815=EDGE_CURVE('',#630,#622,#509,.T.);
#816=EDGE_CURVE('',#630,#626,#70,.T.);
#817=EDGE_CURVE('',#618,#631,#71,.T.);
#818=EDGE_CURVE('',#631,#613,#72,.T.);
#819=EDGE_CURVE('',#629,#632,#186,.T.);
#820=EDGE_CURVE('',#632,#632,#73,.T.);
#821=EDGE_CURVE('',#631,#605,#187,.T.);
#822=EDGE_CURVE('',#633,#621,#510,.T.);
#823=EDGE_CURVE('',#633,#630,#188,.T.);
#824=EDGE_CURVE('',#634,#635,#74,.T.);
#825=EDGE_CURVE('',#625,#635,#189,.T.);
#826=EDGE_CURVE('',#634,#626,#190,.T.);
#827=EDGE_CURVE('',#635,#617,#15,.T.);
#828=EDGE_CURVE('',#634,#632,#16,.T.);
#829=EDGE_CURVE('',#633,#634,#17,.T.);
#830=EDGE_CURVE('',#636,#636,#511,.T.);
#831=EDGE_CURVE('',#636,#637,#191,.T.);
#832=EDGE_CURVE('',#637,#637,#512,.T.);
#833=ORIENTED_EDGE('',*,*,#638,.T.);
#834=ORIENTED_EDGE('',*,*,#638,.F.);
#835=ORIENTED_EDGE('',*,*,#639,.T.);
#836=ORIENTED_EDGE('',*,*,#640,.T.);
#837=ORIENTED_EDGE('',*,*,#639,.F.);
#838=ORIENTED_EDGE('',*,*,#640,.F.);
#839=ORIENTED_EDGE('',*,*,#641,.T.);
#840=ORIENTED_EDGE('',*,*,#642,.T.);
#841=ORIENTED_EDGE('',*,*,#643,.F.);
#842=ORIENTED_EDGE('',*,*,#644,.F.);
#843=ORIENTED_EDGE('',*,*,#645,.T.);
#844=ORIENTED_EDGE('',*,*,#646,.T.);
#845=ORIENTED_EDGE('',*,*,#647,.T.);
#846=ORIENTED_EDGE('',*,*,#641,.F.);
#847=ORIENTED_EDGE('',*,*,#648,.T.);
#848=ORIENTED_EDGE('',*,*,#649,.F.);
#849=ORIENTED_EDGE('',*,*,#650,.T.);
#850=ORIENTED_EDGE('',*,*,#646,.F.);
#851=ORIENTED_EDGE('',*,*,#651,.T.);
#852=ORIENTED_EDGE('',*,*,#652,.F.);
#853=ORIENTED_EDGE('',*,*,#651,.F.);
#854=ORIENTED_EDGE('',*,*,#648,.F.);
#855=ORIENTED_EDGE('',*,*,#645,.F.);
#856=ORIENTED_EDGE('',*,*,#653,.F.);
#857=ORIENTED_EDGE('',*,*,#650,.F.);
#858=ORIENTED_EDGE('',*,*,#654,.F.);
#859=ORIENTED_EDGE('',*,*,#655,.F.);
#860=ORIENTED_EDGE('',*,*,#656,.T.);
#861=ORIENTED_EDGE('',*,*,#653,.T.);
#862=ORIENTED_EDGE('',*,*,#657,.T.);
#863=ORIENTED_EDGE('',*,*,#658,.F.);
#864=ORIENTED_EDGE('',*,*,#659,.T.);
#865=ORIENTED_EDGE('',*,*,#642,.F.);
#866=ORIENTED_EDGE('',*,*,#660,.F.);
#867=ORIENTED_EDGE('',*,*,#661,.F.);
#868=ORIENTED_EDGE('',*,*,#662,.F.);
#869=ORIENTED_EDGE('',*,*,#663,.F.);
#870=ORIENTED_EDGE('',*,*,#664,.T.);
#871=ORIENTED_EDGE('',*,*,#665,.T.);
#872=ORIENTED_EDGE('',*,*,#655,.T.);
#873=ORIENTED_EDGE('',*,*,#666,.F.);
#874=ORIENTED_EDGE('',*,*,#661,.T.);
#875=ORIENTED_EDGE('',*,*,#667,.T.);
#876=ORIENTED_EDGE('',*,*,#668,.T.);
#877=ORIENTED_EDGE('',*,*,#658,.T.);
#878=ORIENTED_EDGE('',*,*,#667,.F.);
#879=ORIENTED_EDGE('',*,*,#669,.T.);
#880=ORIENTED_EDGE('',*,*,#665,.F.);
#881=ORIENTED_EDGE('',*,*,#647,.F.);
#882=ORIENTED_EDGE('',*,*,#656,.F.);
#883=ORIENTED_EDGE('',*,*,#669,.F.);
#884=ORIENTED_EDGE('',*,*,#660,.T.);
#885=ORIENTED_EDGE('',*,*,#643,.T.);
#886=ORIENTED_EDGE('',*,*,#662,.T.);
#887=ORIENTED_EDGE('',*,*,#666,.T.);
#888=ORIENTED_EDGE('',*,*,#670,.T.);
#889=ORIENTED_EDGE('',*,*,#671,.T.);
#890=ORIENTED_EDGE('',*,*,#672,.T.);
#891=ORIENTED_EDGE('',*,*,#673,.T.);
#892=ORIENTED_EDGE('',*,*,#674,.T.);
#893=ORIENTED_EDGE('',*,*,#663,.T.);
#894=ORIENTED_EDGE('',*,*,#654,.T.);
#895=ORIENTED_EDGE('',*,*,#649,.T.);
#896=ORIENTED_EDGE('',*,*,#675,.T.);
#897=ORIENTED_EDGE('',*,*,#676,.F.);
#898=ORIENTED_EDGE('',*,*,#677,.T.);
#899=ORIENTED_EDGE('',*,*,#678,.T.);
#900=ORIENTED_EDGE('',*,*,#679,.T.);
#901=ORIENTED_EDGE('',*,*,#680,.T.);
#902=ORIENTED_EDGE('',*,*,#681,.F.);
#903=ORIENTED_EDGE('',*,*,#682,.T.);
#904=ORIENTED_EDGE('',*,*,#683,.T.);
#905=ORIENTED_EDGE('',*,*,#684,.T.);
#906=ORIENTED_EDGE('',*,*,#685,.T.);
#907=ORIENTED_EDGE('',*,*,#686,.F.);
#908=ORIENTED_EDGE('',*,*,#687,.T.);
#909=ORIENTED_EDGE('',*,*,#688,.T.);
#910=ORIENTED_EDGE('',*,*,#689,.T.);
#911=ORIENTED_EDGE('',*,*,#690,.T.);
#912=ORIENTED_EDGE('',*,*,#691,.F.);
#913=ORIENTED_EDGE('',*,*,#692,.T.);
#914=ORIENTED_EDGE('',*,*,#693,.F.);
#915=ORIENTED_EDGE('',*,*,#694,.F.);
#916=ORIENTED_EDGE('',*,*,#695,.F.);
#917=ORIENTED_EDGE('',*,*,#696,.F.);
#918=ORIENTED_EDGE('',*,*,#694,.T.);
#919=ORIENTED_EDGE('',*,*,#697,.F.);
#920=ORIENTED_EDGE('',*,*,#698,.T.);
#921=ORIENTED_EDGE('',*,*,#699,.T.);
#922=ORIENTED_EDGE('',*,*,#672,.F.);
#923=ORIENTED_EDGE('',*,*,#700,.T.);
#924=ORIENTED_EDGE('',*,*,#701,.T.);
#925=ORIENTED_EDGE('',*,*,#702,.T.);
#926=ORIENTED_EDGE('',*,*,#703,.T.);
#927=ORIENTED_EDGE('',*,*,#704,.F.);
#928=ORIENTED_EDGE('',*,*,#705,.F.);
#929=ORIENTED_EDGE('',*,*,#698,.F.);
#930=ORIENTED_EDGE('',*,*,#706,.T.);
#931=ORIENTED_EDGE('',*,*,#707,.T.);
#932=ORIENTED_EDGE('',*,*,#708,.T.);
#933=ORIENTED_EDGE('',*,*,#701,.F.);
#934=ORIENTED_EDGE('',*,*,#709,.T.);
#935=ORIENTED_EDGE('',*,*,#710,.F.);
#936=ORIENTED_EDGE('',*,*,#711,.T.);
#937=ORIENTED_EDGE('',*,*,#712,.F.);
#938=ORIENTED_EDGE('',*,*,#713,.F.);
#939=ORIENTED_EDGE('',*,*,#710,.T.);
#940=ORIENTED_EDGE('',*,*,#714,.T.);
#941=ORIENTED_EDGE('',*,*,#715,.T.);
#942=ORIENTED_EDGE('',*,*,#716,.T.);
#943=ORIENTED_EDGE('',*,*,#714,.F.);
#944=ORIENTED_EDGE('',*,*,#704,.T.);
#945=ORIENTED_EDGE('',*,*,#712,.T.);
#946=ORIENTED_EDGE('',*,*,#717,.F.);
#947=ORIENTED_EDGE('',*,*,#718,.F.);
#948=ORIENTED_EDGE('',*,*,#719,.F.);
#949=ORIENTED_EDGE('',*,*,#720,.F.);
#950=ORIENTED_EDGE('',*,*,#721,.F.);
#951=ORIENTED_EDGE('',*,*,#722,.T.);
#952=ORIENTED_EDGE('',*,*,#715,.F.);
#953=ORIENTED_EDGE('',*,*,#716,.F.);
#954=ORIENTED_EDGE('',*,*,#722,.F.);
#955=ORIENTED_EDGE('',*,*,#723,.F.);
#956=ORIENTED_EDGE('',*,*,#724,.T.);
#957=ORIENTED_EDGE('',*,*,#720,.T.);
#958=ORIENTED_EDGE('',*,*,#724,.F.);
#959=ORIENTED_EDGE('',*,*,#723,.T.);
#960=ORIENTED_EDGE('',*,*,#721,.T.);
#961=ORIENTED_EDGE('',*,*,#692,.F.);
#962=ORIENTED_EDGE('',*,*,#725,.F.);
#963=ORIENTED_EDGE('',*,*,#695,.T.);
#964=ORIENTED_EDGE('',*,*,#702,.F.);
#965=ORIENTED_EDGE('',*,*,#708,.F.);
#966=ORIENTED_EDGE('',*,*,#726,.F.);
#967=ORIENTED_EDGE('',*,*,#727,.F.);
#968=ORIENTED_EDGE('',*,*,#670,.F.);
#969=ORIENTED_EDGE('',*,*,#668,.F.);
#970=ORIENTED_EDGE('',*,*,#657,.F.);
#971=ORIENTED_EDGE('',*,*,#644,.T.);
#972=ORIENTED_EDGE('',*,*,#674,.F.);
#973=ORIENTED_EDGE('',*,*,#728,.F.);
#974=ORIENTED_EDGE('',*,*,#729,.F.);
#975=ORIENTED_EDGE('',*,*,#706,.F.);
#976=ORIENTED_EDGE('',*,*,#697,.T.);
#977=ORIENTED_EDGE('',*,*,#693,.T.);
#978=ORIENTED_EDGE('',*,*,#730,.F.);
#979=ORIENTED_EDGE('',*,*,#675,.F.);
#980=ORIENTED_EDGE('',*,*,#652,.T.);
#981=ORIENTED_EDGE('',*,*,#659,.F.);
#982=ORIENTED_EDGE('',*,*,#664,.F.);
#983=ORIENTED_EDGE('',*,*,#731,.F.);
#984=ORIENTED_EDGE('',*,*,#726,.T.);
#985=ORIENTED_EDGE('',*,*,#707,.F.);
#986=ORIENTED_EDGE('',*,*,#729,.T.);
#987=ORIENTED_EDGE('',*,*,#725,.T.);
#988=ORIENTED_EDGE('',*,*,#691,.T.);
#989=ORIENTED_EDGE('',*,*,#732,.F.);
#990=ORIENTED_EDGE('',*,*,#733,.T.);
#991=ORIENTED_EDGE('',*,*,#734,.F.);
#992=ORIENTED_EDGE('',*,*,#686,.T.);
#993=ORIENTED_EDGE('',*,*,#735,.F.);
#994=ORIENTED_EDGE('',*,*,#736,.F.);
#995=ORIENTED_EDGE('',*,*,#737,.F.);
#996=ORIENTED_EDGE('',*,*,#681,.T.);
#997=ORIENTED_EDGE('',*,*,#738,.F.);
#998=ORIENTED_EDGE('',*,*,#739,.T.);
#999=ORIENTED_EDGE('',*,*,#740,.F.);
#1000=ORIENTED_EDGE('',*,*,#676,.T.);
#1001=ORIENTED_EDGE('',*,*,#730,.T.);
#1002=ORIENTED_EDGE('',*,*,#696,.T.);
#1003=ORIENTED_EDGE('',*,*,#741,.T.);
#1004=ORIENTED_EDGE('',*,*,#742,.F.);
#1005=ORIENTED_EDGE('',*,*,#743,.T.);
#1006=ORIENTED_EDGE('',*,*,#744,.F.);
#1007=ORIENTED_EDGE('',*,*,#743,.F.);
#1008=ORIENTED_EDGE('',*,*,#683,.F.);
#1009=ORIENTED_EDGE('',*,*,#745,.F.);
#1010=ORIENTED_EDGE('',*,*,#746,.T.);
#1011=ORIENTED_EDGE('',*,*,#682,.F.);
#1012=ORIENTED_EDGE('',*,*,#737,.T.);
#1013=ORIENTED_EDGE('',*,*,#747,.T.);
#1014=ORIENTED_EDGE('',*,*,#748,.T.);
#1015=ORIENTED_EDGE('',*,*,#745,.T.);
#1016=ORIENTED_EDGE('',*,*,#742,.T.);
#1017=ORIENTED_EDGE('',*,*,#736,.T.);
#1018=ORIENTED_EDGE('',*,*,#749,.F.);
#1019=ORIENTED_EDGE('',*,*,#750,.F.);
#1020=ORIENTED_EDGE('',*,*,#747,.F.);
#1021=ORIENTED_EDGE('',*,*,#750,.T.);
#1022=ORIENTED_EDGE('',*,*,#751,.F.);
#1023=ORIENTED_EDGE('',*,*,#752,.F.);
#1024=ORIENTED_EDGE('',*,*,#746,.F.);
#1025=ORIENTED_EDGE('',*,*,#748,.F.);
#1026=ORIENTED_EDGE('',*,*,#684,.F.);
#1027=ORIENTED_EDGE('',*,*,#752,.T.);
#1028=ORIENTED_EDGE('',*,*,#753,.F.);
#1029=ORIENTED_EDGE('',*,*,#685,.F.);
#1030=ORIENTED_EDGE('',*,*,#753,.T.);
#1031=ORIENTED_EDGE('',*,*,#751,.T.);
#1032=ORIENTED_EDGE('',*,*,#749,.T.);
#1033=ORIENTED_EDGE('',*,*,#735,.T.);
#1034=ORIENTED_EDGE('',*,*,#744,.T.);
#1035=ORIENTED_EDGE('',*,*,#690,.F.);
#1036=ORIENTED_EDGE('',*,*,#754,.T.);
#1037=ORIENTED_EDGE('',*,*,#755,.T.);
#1038=ORIENTED_EDGE('',*,*,#756,.T.);
#1039=ORIENTED_EDGE('',*,*,#732,.T.);
#1040=ORIENTED_EDGE('',*,*,#688,.F.);
#1041=ORIENTED_EDGE('',*,*,#757,.F.);
#1042=ORIENTED_EDGE('',*,*,#758,.F.);
#1043=ORIENTED_EDGE('',*,*,#689,.F.);
#1044=ORIENTED_EDGE('',*,*,#759,.F.);
#1045=ORIENTED_EDGE('',*,*,#754,.F.);
#1046=ORIENTED_EDGE('',*,*,#759,.T.);
#1047=ORIENTED_EDGE('',*,*,#758,.T.);
#1048=ORIENTED_EDGE('',*,*,#760,.F.);
#1049=ORIENTED_EDGE('',*,*,#761,.F.);
#1050=ORIENTED_EDGE('',*,*,#755,.F.);
#1051=ORIENTED_EDGE('',*,*,#761,.T.);
#1052=ORIENTED_EDGE('',*,*,#762,.F.);
#1053=ORIENTED_EDGE('',*,*,#733,.F.);
#1054=ORIENTED_EDGE('',*,*,#756,.F.);
#1055=ORIENTED_EDGE('',*,*,#687,.F.);
#1056=ORIENTED_EDGE('',*,*,#734,.T.);
#1057=ORIENTED_EDGE('',*,*,#762,.T.);
#1058=ORIENTED_EDGE('',*,*,#760,.T.);
#1059=ORIENTED_EDGE('',*,*,#757,.T.);
#1060=ORIENTED_EDGE('',*,*,#678,.F.);
#1061=ORIENTED_EDGE('',*,*,#763,.F.);
#1062=ORIENTED_EDGE('',*,*,#764,.T.);
#1063=ORIENTED_EDGE('',*,*,#677,.F.);
#1064=ORIENTED_EDGE('',*,*,#740,.T.);
#1065=ORIENTED_EDGE('',*,*,#765,.T.);
#1066=ORIENTED_EDGE('',*,*,#766,.T.);
#1067=ORIENTED_EDGE('',*,*,#763,.T.);
#1068=ORIENTED_EDGE('',*,*,#739,.F.);
#1069=ORIENTED_EDGE('',*,*,#767,.F.);
#1070=ORIENTED_EDGE('',*,*,#768,.F.);
#1071=ORIENTED_EDGE('',*,*,#765,.F.);
#1072=ORIENTED_EDGE('',*,*,#768,.T.);
#1073=ORIENTED_EDGE('',*,*,#769,.F.);
#1074=ORIENTED_EDGE('',*,*,#770,.F.);
#1075=ORIENTED_EDGE('',*,*,#764,.F.);
#1076=ORIENTED_EDGE('',*,*,#766,.F.);
#1077=ORIENTED_EDGE('',*,*,#679,.F.);
#1078=ORIENTED_EDGE('',*,*,#770,.T.);
#1079=ORIENTED_EDGE('',*,*,#771,.F.);
#1080=ORIENTED_EDGE('',*,*,#680,.F.);
#1081=ORIENTED_EDGE('',*,*,#771,.T.);
#1082=ORIENTED_EDGE('',*,*,#769,.T.);
#1083=ORIENTED_EDGE('',*,*,#767,.T.);
#1084=ORIENTED_EDGE('',*,*,#738,.T.);
#1085=ORIENTED_EDGE('',*,*,#713,.T.);
#1086=ORIENTED_EDGE('',*,*,#719,.T.);
#1087=ORIENTED_EDGE('',*,*,#772,.T.);
#1088=ORIENTED_EDGE('',*,*,#699,.F.);
#1089=ORIENTED_EDGE('',*,*,#705,.T.);
#1090=ORIENTED_EDGE('',*,*,#728,.T.);
#1091=ORIENTED_EDGE('',*,*,#673,.F.);
#1092=ORIENTED_EDGE('',*,*,#772,.F.);
#1093=ORIENTED_EDGE('',*,*,#718,.T.);
#1094=ORIENTED_EDGE('',*,*,#773,.F.);
#1095=ORIENTED_EDGE('',*,*,#671,.F.);
#1096=ORIENTED_EDGE('',*,*,#727,.T.);
#1097=ORIENTED_EDGE('',*,*,#731,.T.);
#1098=ORIENTED_EDGE('',*,*,#773,.T.);
#1099=ORIENTED_EDGE('',*,*,#717,.T.);
#1100=ORIENTED_EDGE('',*,*,#711,.F.);
#1101=ORIENTED_EDGE('',*,*,#709,.F.);
#1102=ORIENTED_EDGE('',*,*,#700,.F.);
#1103=ORIENTED_EDGE('',*,*,#741,.F.);
#1104=ORIENTED_EDGE('',*,*,#774,.T.);
#1105=ORIENTED_EDGE('',*,*,#703,.F.);
#1106=ORIENTED_EDGE('',*,*,#774,.F.);
#1107=ORIENTED_EDGE('',*,*,#775,.F.);
#1108=ORIENTED_EDGE('',*,*,#775,.T.);
#1109=ORIENTED_EDGE('',*,*,#776,.F.);
#1110=ORIENTED_EDGE('',*,*,#776,.T.);
#1111=ORIENTED_EDGE('',*,*,#777,.F.);
#1112=ORIENTED_EDGE('',*,*,#778,.T.);
#1113=ORIENTED_EDGE('',*,*,#779,.F.);
#1114=ORIENTED_EDGE('',*,*,#780,.F.);
#1115=ORIENTED_EDGE('',*,*,#781,.F.);
#1116=ORIENTED_EDGE('',*,*,#782,.F.);
#1117=ORIENTED_EDGE('',*,*,#783,.F.);
#1118=ORIENTED_EDGE('',*,*,#784,.F.);
#1119=ORIENTED_EDGE('',*,*,#785,.F.);
#1120=ORIENTED_EDGE('',*,*,#786,.F.);
#1121=ORIENTED_EDGE('',*,*,#779,.T.);
#1122=ORIENTED_EDGE('',*,*,#787,.T.);
#1123=ORIENTED_EDGE('',*,*,#788,.F.);
#1124=ORIENTED_EDGE('',*,*,#789,.F.);
#1125=ORIENTED_EDGE('',*,*,#790,.T.);
#1126=ORIENTED_EDGE('',*,*,#787,.F.);
#1127=ORIENTED_EDGE('',*,*,#778,.F.);
#1128=ORIENTED_EDGE('',*,*,#791,.F.);
#1129=ORIENTED_EDGE('',*,*,#792,.F.);
#1130=ORIENTED_EDGE('',*,*,#780,.T.);
#1131=ORIENTED_EDGE('',*,*,#786,.T.);
#1132=ORIENTED_EDGE('',*,*,#793,.T.);
#1133=ORIENTED_EDGE('',*,*,#794,.T.);
#1134=ORIENTED_EDGE('',*,*,#795,.F.);
#1135=ORIENTED_EDGE('',*,*,#796,.F.);
#1136=ORIENTED_EDGE('',*,*,#797,.F.);
#1137=ORIENTED_EDGE('',*,*,#798,.F.);
#1138=ORIENTED_EDGE('',*,*,#788,.T.);
#1139=ORIENTED_EDGE('',*,*,#799,.F.);
#1140=ORIENTED_EDGE('',*,*,#800,.F.);
#1141=ORIENTED_EDGE('',*,*,#801,.F.);
#1142=ORIENTED_EDGE('',*,*,#802,.F.);
#1143=ORIENTED_EDGE('',*,*,#803,.F.);
#1144=ORIENTED_EDGE('',*,*,#804,.T.);
#1145=ORIENTED_EDGE('',*,*,#783,.T.);
#1146=ORIENTED_EDGE('',*,*,#785,.T.);
#1147=ORIENTED_EDGE('',*,*,#805,.F.);
#1148=ORIENTED_EDGE('',*,*,#806,.F.);
#1149=ORIENTED_EDGE('',*,*,#793,.F.);
#1150=ORIENTED_EDGE('',*,*,#784,.T.);
#1151=ORIENTED_EDGE('',*,*,#804,.F.);
#1152=ORIENTED_EDGE('',*,*,#807,.F.);
#1153=ORIENTED_EDGE('',*,*,#805,.T.);
#1154=ORIENTED_EDGE('',*,*,#808,.F.);
#1155=ORIENTED_EDGE('',*,*,#809,.F.);
#1156=ORIENTED_EDGE('',*,*,#810,.T.);
#1157=ORIENTED_EDGE('',*,*,#811,.T.);
#1158=ORIENTED_EDGE('',*,*,#810,.F.);
#1159=ORIENTED_EDGE('',*,*,#811,.F.);
#1160=ORIENTED_EDGE('',*,*,#812,.T.);
#1161=ORIENTED_EDGE('',*,*,#813,.F.);
#1162=ORIENTED_EDGE('',*,*,#809,.T.);
#1163=ORIENTED_EDGE('',*,*,#814,.F.);
#1164=ORIENTED_EDGE('',*,*,#794,.F.);
#1165=ORIENTED_EDGE('',*,*,#806,.T.);
#1166=ORIENTED_EDGE('',*,*,#807,.T.);
#1167=ORIENTED_EDGE('',*,*,#803,.T.);
#1168=ORIENTED_EDGE('',*,*,#815,.F.);
#1169=ORIENTED_EDGE('',*,*,#816,.T.);
#1170=ORIENTED_EDGE('',*,*,#789,.T.);
#1171=ORIENTED_EDGE('',*,*,#798,.T.);
#1172=ORIENTED_EDGE('',*,*,#817,.T.);
#1173=ORIENTED_EDGE('',*,*,#818,.T.);
#1174=ORIENTED_EDGE('',*,*,#813,.T.);
#1175=ORIENTED_EDGE('',*,*,#819,.T.);
#1176=ORIENTED_EDGE('',*,*,#820,.F.);
#1177=ORIENTED_EDGE('',*,*,#819,.F.);
#1178=ORIENTED_EDGE('',*,*,#812,.F.);
#1179=ORIENTED_EDGE('',*,*,#782,.T.);
#1180=ORIENTED_EDGE('',*,*,#821,.F.);
#1181=ORIENTED_EDGE('',*,*,#817,.F.);
#1182=ORIENTED_EDGE('',*,*,#797,.T.);
#1183=ORIENTED_EDGE('',*,*,#781,.T.);
#1184=ORIENTED_EDGE('',*,*,#790,.F.);
#1185=ORIENTED_EDGE('',*,*,#818,.F.);
#1186=ORIENTED_EDGE('',*,*,#821,.T.);
#1187=ORIENTED_EDGE('',*,*,#802,.T.);
#1188=ORIENTED_EDGE('',*,*,#822,.F.);
#1189=ORIENTED_EDGE('',*,*,#823,.T.);
#1190=ORIENTED_EDGE('',*,*,#815,.T.);
#1191=ORIENTED_EDGE('',*,*,#824,.T.);
#1192=ORIENTED_EDGE('',*,*,#825,.F.);
#1193=ORIENTED_EDGE('',*,*,#808,.T.);
#1194=ORIENTED_EDGE('',*,*,#826,.F.);
#1195=ORIENTED_EDGE('',*,*,#825,.T.);
#1196=ORIENTED_EDGE('',*,*,#827,.T.);
#1197=ORIENTED_EDGE('',*,*,#795,.T.);
#1198=ORIENTED_EDGE('',*,*,#814,.T.);
#1199=ORIENTED_EDGE('',*,*,#777,.T.);
#1200=ORIENTED_EDGE('',*,*,#796,.T.);
#1201=ORIENTED_EDGE('',*,*,#827,.F.);
#1202=ORIENTED_EDGE('',*,*,#824,.F.);
#1203=ORIENTED_EDGE('',*,*,#828,.T.);
#1204=ORIENTED_EDGE('',*,*,#820,.T.);
#1205=ORIENTED_EDGE('',*,*,#828,.F.);
#1206=ORIENTED_EDGE('',*,*,#829,.F.);
#1207=ORIENTED_EDGE('',*,*,#822,.T.);
#1208=ORIENTED_EDGE('',*,*,#801,.T.);
#1209=ORIENTED_EDGE('',*,*,#800,.T.);
#1210=ORIENTED_EDGE('',*,*,#799,.T.);
#1211=ORIENTED_EDGE('',*,*,#792,.T.);
#1212=ORIENTED_EDGE('',*,*,#791,.T.);
#1213=ORIENTED_EDGE('',*,*,#826,.T.);
#1214=ORIENTED_EDGE('',*,*,#816,.F.);
#1215=ORIENTED_EDGE('',*,*,#823,.F.);
#1216=ORIENTED_EDGE('',*,*,#829,.T.);
#1217=ORIENTED_EDGE('',*,*,#830,.F.);
#1218=ORIENTED_EDGE('',*,*,#831,.T.);
#1219=ORIENTED_EDGE('',*,*,#832,.T.);
#1220=ORIENTED_EDGE('',*,*,#831,.F.);
#1221=ORIENTED_EDGE('',*,*,#830,.T.);
#1222=ORIENTED_EDGE('',*,*,#832,.F.);
#1223=PLANE('',#1365);
#1224=PLANE('',#1369);
#1225=PLANE('',#1376);
#1226=PLANE('',#1378);
#1227=PLANE('',#1381);
#1228=PLANE('',#1402);
#1229=PLANE('',#1403);
#1230=PLANE('',#1412);
#1231=PLANE('',#1418);
#1232=PLANE('',#1419);
#1233=PLANE('',#1420);
#1234=PLANE('',#1421);
#1235=PLANE('',#1422);
#1236=PLANE('',#1427);
#1237=PLANE('',#1428);
#1238=PLANE('',#1429);
#1239=PLANE('',#1430);
#1240=PLANE('',#1431);
#1241=PLANE('',#1432);
#1242=PLANE('',#1433);
#1243=PLANE('',#1434);
#1244=PLANE('',#1435);
#1245=PLANE('',#1436);
#1246=PLANE('',#1437);
#1247=PLANE('',#1438);
#1248=PLANE('',#1439);
#1249=PLANE('',#1440);
#1250=PLANE('',#1441);
#1251=PLANE('',#1442);
#1252=PLANE('',#1443);
#1253=PLANE('',#1444);
#1254=PLANE('',#1445);
#1255=PLANE('',#1446);
#1256=PLANE('',#1449);
#1257=PLANE('',#1450);
#1258=PLANE('',#1451);
#1259=PLANE('',#1452);
#1260=PLANE('',#1453);
#1261=PLANE('',#1456);
#1262=PLANE('',#1457);
#1263=PLANE('',#1458);
#1264=PLANE('',#1462);
#1265=PLANE('',#1465);
#1266=PLANE('',#1466);
#1267=PLANE('',#1467);
#1268=PLANE('',#1469);
#1269=PLANE('',#1470);
#1270=PLANE('',#1471);
#1271=PLANE('',#1475);
#1272=PLANE('',#1476);
#1273=ADVANCED_FACE('',(#314),#1223,.T.);
#1274=ADVANCED_FACE('',(#315),#299,.T.);
#1275=ADVANCED_FACE('',(#316),#1224,.F.);
#1276=ADVANCED_FACE('',(#317),#300,.T.);
#1277=ADVANCED_FACE('',(#318),#37,.F.);
#1278=ADVANCED_FACE('',(#319),#301,.T.);
#1279=ADVANCED_FACE('',(#320),#1225,.F.);
#1280=ADVANCED_FACE('',(#321),#1226,.T.);
#1281=ADVANCED_FACE('',(#322),#302,.F.);
#1282=ADVANCED_FACE('',(#323),#1227,.T.);
#1283=ADVANCED_FACE('',(#324),#303,.T.);
#1284=ADVANCED_FACE('',(#325),#304,.T.);
#1285=ADVANCED_FACE('',(#326),#27,.F.);
#1286=ADVANCED_FACE('',(#327),#305,.T.);
#1287=ADVANCED_FACE('',(#328),#306,.T.);
#1288=ADVANCED_FACE('',(#329),#1228,.F.);
#1289=ADVANCED_FACE('',(#330,#19),#1229,.T.);
#1290=ADVANCED_FACE('',(#331),#28,.T.);
#1291=ADVANCED_FACE('',(#332),#29,.T.);
#1292=ADVANCED_FACE('',(#333),#18,.F.);
#1293=ADVANCED_FACE('',(#334,#20),#1230,.T.);
#1294=ADVANCED_FACE('',(#335),#307,.F.);
#1295=ADVANCED_FACE('',(#336),#308,.T.);
#1296=ADVANCED_FACE('',(#337,#21),#1231,.T.);
#1297=ADVANCED_FACE('',(#338),#1232,.F.);
#1298=ADVANCED_FACE('',(#339),#1233,.F.);
#1299=ADVANCED_FACE('',(#340),#1234,.F.);
#1300=ADVANCED_FACE('',(#341,#22),#1235,.T.);
#1301=ADVANCED_FACE('',(#342),#309,.F.);
#1302=ADVANCED_FACE('',(#343),#1236,.T.);
#1303=ADVANCED_FACE('',(#344,#23),#1237,.T.);
#1304=ADVANCED_FACE('',(#345),#1238,.T.);
#1305=ADVANCED_FACE('',(#346),#1239,.T.);
#1306=ADVANCED_FACE('',(#347),#1240,.T.);
#1307=ADVANCED_FACE('',(#348,#24),#1241,.T.);
#1308=ADVANCED_FACE('',(#349),#1242,.T.);
#1309=ADVANCED_FACE('',(#350),#1243,.T.);
#1310=ADVANCED_FACE('',(#351),#1244,.T.);
#1311=ADVANCED_FACE('',(#352),#1245,.T.);
#1312=ADVANCED_FACE('',(#353),#1246,.T.);
#1313=ADVANCED_FACE('',(#354),#1247,.T.);
#1314=ADVANCED_FACE('',(#355),#1248,.T.);
#1315=ADVANCED_FACE('',(#356),#1249,.T.);
#1316=ADVANCED_FACE('',(#357),#1250,.T.);
#1317=ADVANCED_FACE('',(#358),#1251,.T.);
#1318=ADVANCED_FACE('',(#359),#1252,.T.);
#1319=ADVANCED_FACE('',(#360),#1253,.T.);
#1320=ADVANCED_FACE('',(#361),#1254,.F.);
#1321=ADVANCED_FACE('',(#362),#30,.T.);
#1322=ADVANCED_FACE('',(#363),#1255,.F.);
#1323=ADVANCED_FACE('',(#364),#310,.F.);
#1324=ADVANCED_FACE('',(#365),#31,.T.);
#1325=ADVANCED_FACE('',(#366),#1256,.T.);
#1326=ADVANCED_FACE('',(#367),#1257,.F.);
#1327=ADVANCED_FACE('',(#368),#1258,.F.);
#1328=ADVANCED_FACE('',(#369),#1259,.F.);
#1329=ADVANCED_FACE('',(#370),#1260,.T.);
#1330=ADVANCED_FACE('',(#371),#1261,.F.);
#1331=ADVANCED_FACE('',(#372),#1262,.F.);
#1332=ADVANCED_FACE('',(#373),#1263,.F.);
#1333=ADVANCED_FACE('',(#374),#311,.F.);
#1334=ADVANCED_FACE('',(#375,#25),#1264,.T.);
#1335=ADVANCED_FACE('',(#376,#26),#32,.T.);
#1336=ADVANCED_FACE('',(#377),#312,.F.);
#1337=ADVANCED_FACE('',(#378),#1265,.F.);
#1338=ADVANCED_FACE('',(#379),#1266,.F.);
#1339=ADVANCED_FACE('',(#380),#1267,.T.);
#1340=ADVANCED_FACE('',(#381),#1268,.T.);
#1341=ADVANCED_FACE('',(#382),#1269,.F.);
#1342=ADVANCED_FACE('',(#383),#33,.T.);
#1343=ADVANCED_FACE('',(#384),#1270,.T.);
#1344=ADVANCED_FACE('',(#385),#313,.T.);
#1345=ADVANCED_FACE('',(#386),#1271,.T.);
#1346=ADVANCED_FACE('',(#387),#1272,.F.);
#1347=CLOSED_SHELL('',(#1273,#1274,#1275));
#1348=CLOSED_SHELL('',(#1276,#1277,#1278,#1279,#1280,#1281,#1282,#1283,
#1284,#1285,#1286,#1287,#1288,#1289,#1290,#1291,#1292,#1293,#1294,#1295,
#1296,#1297,#1298,#1299,#1300,#1301,#1302,#1303,#1304,#1305,#1306,#1307,
#1308,#1309,#1310,#1311,#1312,#1313,#1314,#1315,#1316,#1317,#1318,#1319,
#1320,#1321,#1322,#1323));
#1349=CLOSED_SHELL('',(#1324,#1325));
#1350=CLOSED_SHELL('',(#1326,#1327,#1328,#1329,#1330,#1331,#1332,#1333,
#1334,#1335,#1336,#1337,#1338,#1339,#1340,#1341,#1342,#1343));
#1351=CLOSED_SHELL('',(#1344,#1345,#1346));
#1352=DERIVED_UNIT_ELEMENT(#1354,1.);
#1353=DERIVED_UNIT_ELEMENT(#3013,-3.);
#1354=(
MASS_UNIT()
NAMED_UNIT(*)
SI_UNIT(.KILO.,.GRAM.)
);
#1355=DERIVED_UNIT((#1352,#1353));
#1356=MEASURE_REPRESENTATION_ITEM('density measure',
POSITIVE_RATIO_MEASURE(7850.),#1355);
#1357=PROPERTY_DEFINITION_REPRESENTATION(#1362,#1359);
#1358=PROPERTY_DEFINITION_REPRESENTATION(#1363,#1360);
#1359=REPRESENTATION('material name',(#1361),#3010);
#1360=REPRESENTATION('density',(#1356),#3010);
#1361=DESCRIPTIVE_REPRESENTATION_ITEM('\X2\92FC\X0\','\X2\92FC\X0\');
#1362=PROPERTY_DEFINITION('material property','material name',#3020);
#1363=PROPERTY_DEFINITION('material property','density of part',#3020);
#1364=AXIS2_PLACEMENT_3D('',#1810,#1477,#1478);
#1365=AXIS2_PLACEMENT_3D('',#1811,#1479,#1480);
#1366=AXIS2_PLACEMENT_3D('',#1813,#1481,#1482);
#1367=AXIS2_PLACEMENT_3D('',#1814,#1483,#1484);
#1368=AXIS2_PLACEMENT_3D('',#1817,#1486,#1487);
#1369=AXIS2_PLACEMENT_3D('',#1818,#1488,#1489);
#1370=AXIS2_PLACEMENT_3D('',#1819,#1490,#1491);
#1371=AXIS2_PLACEMENT_3D('',#1822,#1492,#1493);
#1372=AXIS2_PLACEMENT_3D('',#1878,#1497,#1498);
#1373=AXIS2_PLACEMENT_3D('',#1879,#1499,#1500);
#1374=AXIS2_PLACEMENT_3D('',#1880,#1501,#1502);
#1375=AXIS2_PLACEMENT_3D('',#1881,#1503,#1504);
#1376=AXIS2_PLACEMENT_3D('',#1900,#1508,#1509);
#1377=AXIS2_PLACEMENT_3D('',#1901,#1510,#1511);
#1378=AXIS2_PLACEMENT_3D('',#1902,#1512,#1513);
#1379=AXIS2_PLACEMENT_3D('',#1908,#1517,#1518);
#1380=AXIS2_PLACEMENT_3D('',#1912,#1520,#1521);
#1381=AXIS2_PLACEMENT_3D('',#1914,#1523,#1524);
#1382=AXIS2_PLACEMENT_3D('',#1920,#1528,#1529);
#1383=AXIS2_PLACEMENT_3D('',#1931,#1531,#1532);
#1384=AXIS2_PLACEMENT_3D('',#1932,#1533,#1534);
#1385=AXIS2_PLACEMENT_3D('',#1942,#1535,#1536);
#1386=AXIS2_PLACEMENT_3D('',#1959,#1538,#1539);
#1387=AXIS2_PLACEMENT_3D('',#1960,#1540,#1541);
#1388=AXIS2_PLACEMENT_3D('',#1961,#1542,#1543);
#1389=AXIS2_PLACEMENT_3D('',#1965,#1545,#1546);
#1390=AXIS2_PLACEMENT_3D('',#1967,#1547,#1548);
#1391=AXIS2_PLACEMENT_3D('',#1969,#1549,#1550);
#1392=AXIS2_PLACEMENT_3D('',#1974,#1553,#1554);
#1393=AXIS2_PLACEMENT_3D('',#1978,#1556,#1557);
#1394=AXIS2_PLACEMENT_3D('',#1980,#1558,#1559);
#1395=AXIS2_PLACEMENT_3D('',#1984,#1561,#1562);
#1396=AXIS2_PLACEMENT_3D('',#1988,#1564,#1565);
#1397=AXIS2_PLACEMENT_3D('',#1990,#1566,#1567);
#1398=AXIS2_PLACEMENT_3D('',#1994,#1569,#1570);
#1399=AXIS2_PLACEMENT_3D('',#1998,#1572,#1573);
#1400=AXIS2_PLACEMENT_3D('',#2000,#1574,#1575);
#1401=AXIS2_PLACEMENT_3D('',#2004,#1577,#1578);
#1402=AXIS2_PLACEMENT_3D('',#2006,#1580,#1581);
#1403=AXIS2_PLACEMENT_3D('',#2015,#1586,#1587);
#1404=AXIS2_PLACEMENT_3D('',#2019,#1589,#1590);
#1405=AXIS2_PLACEMENT_3D('',#2024,#1593,#1594);
#1406=AXIS2_PLACEMENT_3D('',#2027,#1596,#1597);
#1407=AXIS2_PLACEMENT_3D('',#2080,#1598,#1599);
#1408=AXIS2_PLACEMENT_3D('',#2230,#1600,#1601);
#1409=AXIS2_PLACEMENT_3D('',#2235,#1602,#1603);
#1410=AXIS2_PLACEMENT_3D('',#2239,#1605,#1606);
#1411=AXIS2_PLACEMENT_3D('',#2240,#1607,#1608);
#1412=AXIS2_PLACEMENT_3D('',#2241,#1609,#1610);
#1413=AXIS2_PLACEMENT_3D('',#2267,#1613,#1614);
#1414=AXIS2_PLACEMENT_3D('',#2268,#1615,#1616);
#1415=AXIS2_PLACEMENT_3D('',#2270,#1617,#1618);
#1416=AXIS2_PLACEMENT_3D('',#2272,#1620,#1621);
#1417=AXIS2_PLACEMENT_3D('',#2274,#1622,#1623);
#1418=AXIS2_PLACEMENT_3D('',#2276,#1625,#1626);
#1419=AXIS2_PLACEMENT_3D('',#2277,#1627,#1628);
#1420=AXIS2_PLACEMENT_3D('',#2285,#1631,#1632);
#1421=AXIS2_PLACEMENT_3D('',#2293,#1635,#1636);
#1422=AXIS2_PLACEMENT_3D('',#2298,#1637,#1638);
#1423=AXIS2_PLACEMENT_3D('',#2315,#1648,#1649);
#1424=AXIS2_PLACEMENT_3D('',#2316,#1650,#1651);
#1425=AXIS2_PLACEMENT_3D('',#2318,#1652,#1653);
#1426=AXIS2_PLACEMENT_3D('',#2321,#1655,#1656);
#1427=AXIS2_PLACEMENT_3D('',#2322,#1657,#1658);
#1428=AXIS2_PLACEMENT_3D('',#2326,#1661,#1662);
#1429=AXIS2_PLACEMENT_3D('',#2330,#1665,#1666);
#1430=AXIS2_PLACEMENT_3D('',#2334,#1669,#1670);
#1431=AXIS2_PLACEMENT_3D('',#2338,#1673,#1674);
#1432=AXIS2_PLACEMENT_3D('',#2340,#1676,#1677);
#1433=AXIS2_PLACEMENT_3D('',#2341,#1678,#1679);
#1434=AXIS2_PLACEMENT_3D('',#2347,#1683,#1684);
#1435=AXIS2_PLACEMENT_3D('',#2351,#1687,#1688);
#1436=AXIS2_PLACEMENT_3D('',#2353,#1690,#1691);
#1437=AXIS2_PLACEMENT_3D('',#2357,#1694,#1695);
#1438=AXIS2_PLACEMENT_3D('',#2359,#1697,#1698);
#1439=AXIS2_PLACEMENT_3D('',#2360,#1699,#1700);
#1440=AXIS2_PLACEMENT_3D('',#2364,#1703,#1704);
#1441=AXIS2_PLACEMENT_3D('',#2368,#1707,#1708);
#1442=AXIS2_PLACEMENT_3D('',#2372,#1711,#1712);
#1443=AXIS2_PLACEMENT_3D('',#2376,#1715,#1716);
#1444=AXIS2_PLACEMENT_3D('',#2378,#1718,#1719);
#1445=AXIS2_PLACEMENT_3D('',#2379,#1720,#1721);
#1446=AXIS2_PLACEMENT_3D('',#2448,#1722,#1723);
#1447=AXIS2_PLACEMENT_3D('',#2449,#1724,#1725);
#1448=AXIS2_PLACEMENT_3D('',#2553,#1727,#1728);
#1449=AXIS2_PLACEMENT_3D('',#2554,#1729,#1730);
#1450=AXIS2_PLACEMENT_3D('',#2555,#1731,#1732);
#1451=AXIS2_PLACEMENT_3D('',#2567,#1736,#1737);
#1452=AXIS2_PLACEMENT_3D('',#2581,#1745,#1746);
#1453=AXIS2_PLACEMENT_3D('',#2604,#1749,#1750);
#1454=AXIS2_PLACEMENT_3D('',#2608,#1752,#1753);
#1455=AXIS2_PLACEMENT_3D('',#2611,#1755,#1756);
#1456=AXIS2_PLACEMENT_3D('',#2612,#1757,#1758);
#1457=AXIS2_PLACEMENT_3D('',#2642,#1762,#1763);
#1458=AXIS2_PLACEMENT_3D('',#2649,#1765,#1766);
#1459=AXIS2_PLACEMENT_3D('',#2656,#1767,#1768);
#1460=AXIS2_PLACEMENT_3D('',#2679,#1769,#1770);
#1461=AXIS2_PLACEMENT_3D('',#2682,#1772,#1773);
#1462=AXIS2_PLACEMENT_3D('',#2683,#1774,#1775);
#1463=AXIS2_PLACEMENT_3D('',#2787,#1776,#1777);
#1464=AXIS2_PLACEMENT_3D('',#2809,#1778,#1779);
#1465=AXIS2_PLACEMENT_3D('',#2848,#1781,#1782);
#1466=AXIS2_PLACEMENT_3D('',#2850,#1784,#1785);
#1467=AXIS2_PLACEMENT_3D('',#2851,#1786,#1787);
#1468=AXIS2_PLACEMENT_3D('',#2853,#1788,#1789);
#1469=AXIS2_PLACEMENT_3D('',#2855,#1791,#1792);
#1470=AXIS2_PLACEMENT_3D('',#2883,#1795,#1796);
#1471=AXIS2_PLACEMENT_3D('',#2999,#1797,#1798);
#1472=AXIS2_PLACEMENT_3D('',#3000,#1799,#1800);
#1473=AXIS2_PLACEMENT_3D('',#3002,#1801,#1802);
#1474=AXIS2_PLACEMENT_3D('',#3005,#1804,#1805);
#1475=AXIS2_PLACEMENT_3D('',#3006,#1806,#1807);
#1476=AXIS2_PLACEMENT_3D('',#3007,#1808,#1809);
#1477=DIRECTION('axis',(0.,0.,1.));
#1478=DIRECTION('refdir',(1.,0.,0.));
#1479=DIRECTION('center_axis',(0.,1.,0.));
#1480=DIRECTION('ref_axis',(1.,0.,0.));
#1481=DIRECTION('center_axis',(0.,1.,0.));
#1482=DIRECTION('ref_axis',(1.,0.,0.));
#1483=DIRECTION('center_axis',(0.,1.,0.));
#1484=DIRECTION('ref_axis',(1.,0.,0.));
#1485=DIRECTION('',(0.,-1.,0.));
#1486=DIRECTION('center_axis',(0.,1.,0.));
#1487=DIRECTION('ref_axis',(1.,0.,0.));
#1488=DIRECTION('center_axis',(0.,1.,0.));
#1489=DIRECTION('ref_axis',(1.,0.,0.));
#1490=DIRECTION('center_axis',(0.,0.735624348906572,-0.677389708584196));
#1491=DIRECTION('ref_axis',(0.707106781186542,-0.478986856445874,-0.520164965517775));
#1492=DIRECTION('center_axis',(0.,-0.735624348906571,0.677389708584197));
#1493=DIRECTION('ref_axis',(0.,-0.677389708584197,-0.735624348906571));
#1494=DIRECTION('',(0.,-0.735624348906572,0.677389708584196));
#1495=DIRECTION('',(0.,-0.735624348906572,0.677389708584196));
#1496=DIRECTION('',(0.,0.735624348906572,-0.677389708584196));
#1497=DIRECTION('center_axis',(7.5704213955045E-9,0.735624348906571,-0.677389708584197));
#1498=DIRECTION('ref_axis',(-5.55111512312578E-16,-0.677389708584197,-0.735624348906571));
#1499=DIRECTION('center_axis',(0.,-0.775363277152311,-0.631515469678795));
#1500=DIRECTION('ref_axis',(0.,0.631515469678795,-0.775363277152311));
#1501=DIRECTION('center_axis',(0.,0.677389708584196,0.735624348906572));
#1502=DIRECTION('ref_axis',(0.,0.735624348906572,-0.677389708584196));
#1503=DIRECTION('center_axis',(0.,-0.735624348906572,0.677389708584196));
#1504=DIRECTION('ref_axis',(-0.707106781186542,-0.478986856445874,-0.520164965517775));
#1505=DIRECTION('',(0.,0.735624348906572,-0.677389708584196));
#1506=DIRECTION('',(0.,-0.735624348906572,0.677389708584196));
#1507=DIRECTION('',(0.,0.735624348906572,-0.677389708584196));
#1508=DIRECTION('center_axis',(0.,0.677389708584196,0.735624348906572));
#1509=DIRECTION('ref_axis',(0.,-0.735624348906572,0.677389708584196));
#1510=DIRECTION('center_axis',(0.,-0.677389708584196,-0.735624348906572));
#1511=DIRECTION('ref_axis',(0.,0.735624348906572,-0.677389708584196));
#1512=DIRECTION('center_axis',(-1.,0.,0.));
#1513=DIRECTION('ref_axis',(0.,0.,-1.));
#1514=DIRECTION('',(0.,-1.,0.));
#1515=DIRECTION('',(0.,0.,1.));
#1516=DIRECTION('',(0.,-1.,0.));
#1517=DIRECTION('center_axis',(0.,-1.,0.));
#1518=DIRECTION('ref_axis',(-6.12323399573677E-17,0.,-1.));
#1519=DIRECTION('',(0.,1.,0.));
#1520=DIRECTION('center_axis',(0.,-1.,0.));
#1521=DIRECTION('ref_axis',(-1.,0.,0.));
#1522=DIRECTION('',(0.,-1.,0.));
#1523=DIRECTION('center_axis',(1.,0.,0.));
#1524=DIRECTION('ref_axis',(0.,0.,1.));
#1525=DIRECTION('',(0.,-1.,0.));
#1526=DIRECTION('',(0.,0.,-1.));
#1527=DIRECTION('',(0.,1.,0.));
#1528=DIRECTION('center_axis',(0.,0.,1.));
#1529=DIRECTION('ref_axis',(-0.707106781186547,0.707106781186548,0.));
#1530=DIRECTION('',(0.,0.,-1.));
#1531=DIRECTION('center_axis',(0.,0.,1.));
#1532=DIRECTION('ref_axis',(0.,1.,0.));
#1533=DIRECTION('center_axis',(0.,0.,-1.));
#1534=DIRECTION('ref_axis',(0.707106781186547,0.707106781186548,0.));
#1535=DIRECTION('center_axis',(0.,0.,1.));
#1536=DIRECTION('ref_axis',(1.,0.,0.));
#1537=DIRECTION('',(0.,0.,1.));
#1538=DIRECTION('center_axis',(0.,1.,0.));
#1539=DIRECTION('ref_axis',(-6.12323399573677E-17,0.,-1.));
#1540=DIRECTION('center_axis',(0.,-1.,0.));
#1541=DIRECTION('ref_axis',(-1.,0.,0.));
#1542=DIRECTION('center_axis',(0.,1.,0.));
#1543=DIRECTION('ref_axis',(6.12323399573677E-17,0.,1.));
#1544=DIRECTION('',(0.,1.,0.));
#1545=DIRECTION('center_axis',(0.,-1.,0.));
#1546=DIRECTION('ref_axis',(-1.,0.,1.22464679914735E-16));
#1547=DIRECTION('center_axis',(0.,-1.,0.));
#1548=DIRECTION('ref_axis',(-1.,0.,1.22464679914735E-16));
#1549=DIRECTION('center_axis',(0.,-1.,0.));
#1550=DIRECTION('ref_axis',(-1.,0.,1.22464679914735E-16));
#1551=DIRECTION('',(0.,-1.,0.));
#1552=DIRECTION('',(0.,-1.,0.));
#1553=DIRECTION('center_axis',(0.,-1.,0.));
#1554=DIRECTION('ref_axis',(-1.,0.,0.));
#1555=DIRECTION('',(0.,1.,0.));
#1556=DIRECTION('center_axis',(0.,1.,0.));
#1557=DIRECTION('ref_axis',(1.,0.,0.));
#1558=DIRECTION('center_axis',(0.,1.,0.));
#1559=DIRECTION('ref_axis',(1.,0.,0.));
#1560=DIRECTION('',(0.,-1.,0.));
#1561=DIRECTION('center_axis',(0.,-1.,0.));
#1562=DIRECTION('ref_axis',(-1.,0.,0.));
#1563=DIRECTION('',(0.,1.,0.));
#1564=DIRECTION('center_axis',(0.,0.999999999999864,5.2154071950022E-7));
#1565=DIRECTION('ref_axis',(0.,5.2154071950022E-7,-0.999999999999864));
#1566=DIRECTION('center_axis',(0.,0.999999999999864,5.2154071950022E-7));
#1567=DIRECTION('ref_axis',(0.,5.2154071950022E-7,-0.999999999999864));
#1568=DIRECTION('',(0.,-1.,0.));
#1569=DIRECTION('center_axis',(0.,-1.,0.));
#1570=DIRECTION('ref_axis',(-1.,0.,0.));
#1571=DIRECTION('',(0.,1.,0.));
#1572=DIRECTION('center_axis',(0.,1.,0.));
#1573=DIRECTION('ref_axis',(1.,0.,0.));
#1574=DIRECTION('center_axis',(0.,1.,0.));
#1575=DIRECTION('ref_axis',(1.,0.,0.));
#1576=DIRECTION('',(0.,-1.,0.));
#1577=DIRECTION('center_axis',(0.,-1.,0.));
#1578=DIRECTION('ref_axis',(-1.,0.,0.));
#1579=DIRECTION('',(0.,1.,0.));
#1580=DIRECTION('center_axis',(0.,0.,1.));
#1581=DIRECTION('ref_axis',(1.,0.,0.));
#1582=DIRECTION('',(0.,-1.,0.));
#1583=DIRECTION('',(-1.,0.,0.));
#1584=DIRECTION('',(0.,1.,0.));
#1585=DIRECTION('',(1.,0.,0.));
#1586=DIRECTION('center_axis',(0.,1.,0.));
#1587=DIRECTION('ref_axis',(0.,0.,1.));
#1588=DIRECTION('',(0.,0.,-1.));
#1589=DIRECTION('center_axis',(0.,1.,0.));
#1590=DIRECTION('ref_axis',(1.,0.,0.));
#1591=DIRECTION('',(-1.,0.,-1.22464679914735E-16));
#1592=DIRECTION('',(-1.,0.,0.));
#1593=DIRECTION('center_axis',(0.,1.,0.));
#1594=DIRECTION('ref_axis',(1.,0.,0.));
#1595=DIRECTION('',(0.,0.,-1.));
#1596=DIRECTION('center_axis',(0.,-1.,0.));
#1597=DIRECTION('ref_axis',(1.,0.,0.));
#1598=DIRECTION('center_axis',(0.,1.,0.));
#1599=DIRECTION('ref_axis',(1.,0.,-1.48200817741606E-16));
#1600=DIRECTION('center_axis',(0.,1.,0.));
#1601=DIRECTION('ref_axis',(-1.,0.,0.));
#1602=DIRECTION('center_axis',(0.,-1.,0.));
#1603=DIRECTION('ref_axis',(1.,0.,-1.48200817741606E-16));
#1604=DIRECTION('',(0.500000000001542,0.866025403783548,-1.28680689134753E-17));
#1605=DIRECTION('center_axis',(0.,1.,0.));
#1606=DIRECTION('ref_axis',(-1.,0.,0.));
#1607=DIRECTION('center_axis',(0.,1.,0.));
#1608=DIRECTION('ref_axis',(-1.,0.,0.));
#1609=DIRECTION('center_axis',(0.,1.,0.));
#1610=DIRECTION('ref_axis',(-1.,0.,0.));
#1611=DIRECTION('',(-1.,0.,0.));
#1612=DIRECTION('',(-1.,0.,-1.22464679914735E-16));
#1613=DIRECTION('center_axis',(0.,1.,0.));
#1614=DIRECTION('ref_axis',(-1.,0.,0.));
#1615=DIRECTION('center_axis',(0.,1.,0.));
#1616=DIRECTION('ref_axis',(-1.,0.,0.));
#1617=DIRECTION('center_axis',(0.,-1.,0.));
#1618=DIRECTION('ref_axis',(-1.,0.,0.));
#1619=DIRECTION('',(0.,-1.,0.));
#1620=DIRECTION('center_axis',(0.,1.,0.));
#1621=DIRECTION('ref_axis',(-1.,0.,0.));
#1622=DIRECTION('center_axis',(0.,1.,0.));
#1623=DIRECTION('ref_axis',(-1.,0.,0.));
#1624=DIRECTION('',(0.,-1.,0.));
#1625=DIRECTION('center_axis',(0.,1.,0.));
#1626=DIRECTION('ref_axis',(-1.,0.,0.));
#1627=DIRECTION('center_axis',(1.,0.,0.));
#1628=DIRECTION('ref_axis',(0.,0.,1.));
#1629=DIRECTION('',(0.,0.,-1.));
#1630=DIRECTION('',(0.,0.,1.));
#1631=DIRECTION('center_axis',(-1.,0.,0.));
#1632=DIRECTION('ref_axis',(0.,0.,-1.));
#1633=DIRECTION('',(0.,0.,-1.));
#1634=DIRECTION('',(0.,0.,1.));
#1635=DIRECTION('center_axis',(0.,1.,0.));
#1636=DIRECTION('ref_axis',(-1.,0.,0.));
#1637=DIRECTION('center_axis',(0.,-1.,0.));
#1638=DIRECTION('ref_axis',(0.,0.,-1.));
#1639=DIRECTION('',(-1.,0.,0.));
#1640=DIRECTION('',(0.,0.,1.));
#1641=DIRECTION('',(1.,0.,0.));
#1642=DIRECTION('',(0.,0.,-1.));
#1643=DIRECTION('',(1.,0.,0.));
#1644=DIRECTION('',(0.,0.,1.));
#1645=DIRECTION('',(1.,0.,0.));
#1646=DIRECTION('',(0.,0.,-1.));
#1647=DIRECTION('',(-1.,0.,0.));
#1648=DIRECTION('center_axis',(0.,1.,0.));
#1649=DIRECTION('ref_axis',(1.,0.,0.));
#1650=DIRECTION('center_axis',(1.,0.,0.));
#1651=DIRECTION('ref_axis',(0.,0.,1.));
#1652=DIRECTION('center_axis',(1.,0.,0.));
#1653=DIRECTION('ref_axis',(0.,0.,1.));
#1654=DIRECTION('',(1.,0.,0.));
#1655=DIRECTION('center_axis',(-1.,0.,0.));
#1656=DIRECTION('ref_axis',(0.,0.,1.));
#1657=DIRECTION('center_axis',(0.,0.999999999999864,5.2154071950022E-7));
#1658=DIRECTION('ref_axis',(0.,-5.2154071950022E-7,0.999999999999864));
#1659=DIRECTION('',(0.,5.2154071950022E-7,-0.999999999999864));
#1660=DIRECTION('',(1.,0.,0.));
#1661=DIRECTION('center_axis',(-1.,0.,0.));
#1662=DIRECTION('ref_axis',(0.,0.,1.));
#1663=DIRECTION('',(0.,1.,0.));
#1664=DIRECTION('',(0.,0.628337095246322,-0.777941189767847));
#1665=DIRECTION('center_axis',(0.,0.,1.));
#1666=DIRECTION('ref_axis',(0.,-1.,0.));
#1667=DIRECTION('',(0.,-1.,0.));
#1668=DIRECTION('',(1.,0.,0.));
#1669=DIRECTION('center_axis',(0.,0.777941189767848,0.628337095246322));
#1670=DIRECTION('ref_axis',(0.,-0.628337095246322,0.777941189767847));
#1671=DIRECTION('',(0.,-0.628337095246322,0.777941189767847));
#1672=DIRECTION('',(1.,0.,0.));
#1673=DIRECTION('center_axis',(0.,0.999999999999864,5.2154071950022E-7));
#1674=DIRECTION('ref_axis',(0.,-5.2154071950022E-7,0.999999999999864));
#1675=DIRECTION('',(0.,-5.2154071950022E-7,0.999999999999864));
#1676=DIRECTION('center_axis',(1.,0.,0.));
#1677=DIRECTION('ref_axis',(0.,0.,-1.));
#1678=DIRECTION('center_axis',(0.,0.,-1.));
#1679=DIRECTION('ref_axis',(-1.,0.,0.));
#1680=DIRECTION('',(1.,0.,0.));
#1681=DIRECTION('',(0.707106781186547,-0.707106781186547,0.));
#1682=DIRECTION('',(0.,-1.,0.));
#1683=DIRECTION('center_axis',(0.,1.,0.));
#1684=DIRECTION('ref_axis',(-1.,0.,0.));
#1685=DIRECTION('',(-1.,0.,0.));
#1686=DIRECTION('',(0.,0.,1.));
#1687=DIRECTION('center_axis',(0.,1.,0.));
#1688=DIRECTION('ref_axis',(-1.,0.,0.));
#1689=DIRECTION('',(0.,0.,1.));
#1690=DIRECTION('center_axis',(0.707106781186548,0.707106781186548,0.));
#1691=DIRECTION('ref_axis',(-0.707106781186548,0.707106781186548,0.));
#1692=DIRECTION('',(-0.707106781186547,0.707106781186547,0.));
#1693=DIRECTION('',(0.,0.,1.));
#1694=DIRECTION('center_axis',(1.,0.,0.));
#1695=DIRECTION('ref_axis',(0.,1.,0.));
#1696=DIRECTION('',(0.,1.,0.));
#1697=DIRECTION('center_axis',(0.,0.,1.));
#1698=DIRECTION('ref_axis',(1.,0.,0.));
#1699=DIRECTION('center_axis',(0.,1.,0.));
#1700=DIRECTION('ref_axis',(-1.,0.,0.));
#1701=DIRECTION('',(1.,0.,0.));
#1702=DIRECTION('',(0.,0.,1.));
#1703=DIRECTION('center_axis',(0.,0.,-1.));
#1704=DIRECTION('ref_axis',(-1.,0.,0.));
#1705=DIRECTION('',(0.,1.,0.));
#1706=DIRECTION('',(0.707106781186547,0.707106781186547,0.));
#1707=DIRECTION('center_axis',(-1.,0.,0.));
#1708=DIRECTION('ref_axis',(0.,-1.,0.));
#1709=DIRECTION('',(0.,-1.,0.));
#1710=DIRECTION('',(0.,0.,1.));
#1711=DIRECTION('center_axis',(-0.707106781186548,0.707106781186548,0.));
#1712=DIRECTION('ref_axis',(-0.707106781186548,-0.707106781186548,0.));
#1713=DIRECTION('',(-0.707106781186547,-0.707106781186547,0.));
#1714=DIRECTION('',(0.,0.,1.));
#1715=DIRECTION('center_axis',(0.,1.,0.));
#1716=DIRECTION('ref_axis',(-1.,0.,0.));
#1717=DIRECTION('',(-1.,0.,0.));
#1718=DIRECTION('center_axis',(0.,0.,1.));
#1719=DIRECTION('ref_axis',(1.,0.,0.));
#1720=DIRECTION('center_axis',(1.22464679914735E-16,0.,-1.));
#1721=DIRECTION('ref_axis',(-1.,0.,-1.22464679914735E-16));
#1722=DIRECTION('center_axis',(1.22464679914735E-16,0.,-1.));
#1723=DIRECTION('ref_axis',(-1.,0.,-1.22464679914735E-16));
#1724=DIRECTION('center_axis',(0.,1.,0.));
#1725=DIRECTION('ref_axis',(1.,0.,0.));
#1726=DIRECTION('',(0.,1.,0.));
#1727=DIRECTION('center_axis',(-6.61966906299538E-14,-1.,0.));
#1728=DIRECTION('ref_axis',(1.,-6.61966906299538E-14,0.));
#1729=DIRECTION('center_axis',(-6.61966906299538E-14,-1.,0.));
#1730=DIRECTION('ref_axis',(0.,0.,-1.));
#1731=DIRECTION('center_axis',(1.,0.,0.));
#1732=DIRECTION('ref_axis',(0.,0.,-1.));
#1733=DIRECTION('',(0.,0.,-1.));
#1734=DIRECTION('',(0.,1.,0.));
#1735=DIRECTION('',(0.,0.,-1.));
#1736=DIRECTION('center_axis',(0.,0.,-1.));
#1737=DIRECTION('ref_axis',(-1.,0.,0.));
#1738=DIRECTION('',(0.,1.,0.));
#1739=DIRECTION('',(1.,0.,0.));
#1740=DIRECTION('',(0.,1.,0.));
#1741=DIRECTION('',(-1.,0.,0.));
#1742=DIRECTION('',(0.,1.,0.));
#1743=DIRECTION('',(-1.,0.,0.));
#1744=DIRECTION('',(-1.,0.,0.));
#1745=DIRECTION('center_axis',(0.,1.,0.));
#1746=DIRECTION('ref_axis',(-1.,0.,0.));
#1747=DIRECTION('',(0.,0.,1.));
#1748=DIRECTION('',(0.,0.,1.));
#1749=DIRECTION('center_axis',(0.,-1.,0.));
#1750=DIRECTION('ref_axis',(-1.22464679914735E-16,0.,1.));
#1751=DIRECTION('',(0.,0.,-1.));
#1752=DIRECTION('center_axis',(0.,1.,0.));
#1753=DIRECTION('ref_axis',(-1.,0.,1.24315610301435E-16));
#1754=DIRECTION('',(-1.,0.,-2.44929359829471E-16));
#1755=DIRECTION('center_axis',(0.,1.,0.));
#1756=DIRECTION('ref_axis',(-1.,0.,-5.26182137398933E-16));
#1757=DIRECTION('center_axis',(-1.,0.,0.));
#1758=DIRECTION('ref_axis',(0.,-1.,0.));
#1759=DIRECTION('',(0.,0.,1.));
#1760=DIRECTION('',(0.,0.,1.));
#1761=DIRECTION('',(0.,0.,1.));
#1762=DIRECTION('center_axis',(1.,0.,0.));
#1763=DIRECTION('ref_axis',(0.,1.,0.));
#1764=DIRECTION('',(0.,0.,1.));
#1765=DIRECTION('center_axis',(0.,1.,0.));
#1766=DIRECTION('ref_axis',(-1.,0.,0.));
#1767=DIRECTION('center_axis',(0.,1.,0.));
#1768=DIRECTION('ref_axis',(1.,0.,0.));
#1769=DIRECTION('center_axis',(0.,1.,0.));
#1770=DIRECTION('ref_axis',(1.,0.,0.));
#1771=DIRECTION('',(0.,1.,0.));
#1772=DIRECTION('center_axis',(0.,1.,0.));
#1773=DIRECTION('ref_axis',(1.,0.,0.));
#1774=DIRECTION('center_axis',(0.,-1.,0.));
#1775=DIRECTION('ref_axis',(1.,0.,0.));
#1776=DIRECTION('center_axis',(0.,1.,0.));
#1777=DIRECTION('ref_axis',(-1.,0.,1.24315610301435E-16));
#1778=DIRECTION('center_axis',(0.,1.,0.));
#1779=DIRECTION('ref_axis',(1.,0.,0.));
#1780=DIRECTION('',(0.,1.,0.));
#1781=DIRECTION('center_axis',(0.,-1.,0.));
#1782=DIRECTION('ref_axis',(1.,0.,0.));
#1783=DIRECTION('',(0.,0.,1.));
#1784=DIRECTION('center_axis',(1.,0.,0.));
#1785=DIRECTION('ref_axis',(0.,1.,0.));
#1786=DIRECTION('center_axis',(0.,-1.,0.));
#1787=DIRECTION('ref_axis',(-1.22464679914735E-16,0.,1.));
#1788=DIRECTION('center_axis',(0.,1.,0.));
#1789=DIRECTION('ref_axis',(-1.,0.,-5.26182137398933E-16));
#1790=DIRECTION('',(1.,0.,1.22464679914735E-16));
#1791=DIRECTION('center_axis',(0.,-1.,0.));
#1792=DIRECTION('ref_axis',(0.,0.,-1.));
#1793=DIRECTION('',(1.,0.,2.44929359829471E-16));
#1794=DIRECTION('',(1.,0.,1.22464679914735E-16));
#1795=DIRECTION('center_axis',(-2.44929359829471E-16,0.,1.));
#1796=DIRECTION('ref_axis',(1.,0.,2.44929359829471E-16));
#1797=DIRECTION('center_axis',(1.22464679914735E-16,0.,-1.));
#1798=DIRECTION('ref_axis',(-1.,0.,-1.22464679914735E-16));
#1799=DIRECTION('center_axis',(0.,0.93334560620306,-0.358979079308869));
#1800=DIRECTION('ref_axis',(-1.,0.,0.));
#1801=DIRECTION('center_axis',(0.,0.93334560620306,-0.358979079308869));
#1802=DIRECTION('ref_axis',(-1.,0.,0.));
#1803=DIRECTION('',(0.,-0.93334560620306,0.358979079308869));
#1804=DIRECTION('center_axis',(0.,0.93334560620306,-0.358979079308869));
#1805=DIRECTION('ref_axis',(-1.,0.,0.));
#1806=DIRECTION('center_axis',(0.,0.93334560620306,-0.358979079308869));
#1807=DIRECTION('ref_axis',(0.,0.358979079308869,0.93334560620306));
#1808=DIRECTION('center_axis',(0.,0.93334560620306,-0.358979079308869));
#1809=DIRECTION('ref_axis',(0.,0.358979079308869,0.93334560620306));
#1810=CARTESIAN_POINT('',(0.,0.,0.));
#1811=CARTESIAN_POINT('Origin',(0.,70.,0.));
#1812=CARTESIAN_POINT('',(-9.,70.,1.10218211923262E-15));
#1813=CARTESIAN_POINT('Origin',(0.,70.,0.));
#1814=CARTESIAN_POINT('Origin',(0.,0.,0.));
#1815=CARTESIAN_POINT('',(-9.,0.,1.10218211923262E-15));
#1816=CARTESIAN_POINT('',(-9.,0.,1.10218211923262E-15));
#1817=CARTESIAN_POINT('Origin',(0.,0.,0.));
#1818=CARTESIAN_POINT('Origin',(0.,0.,0.));
#1819=CARTESIAN_POINT('Origin',(1.50000002980232,44.287390103634,-14.5453638074136));
#1820=CARTESIAN_POINT('',(1.50000002980232,41.7274933872266,-12.8678123607178));
#1821=CARTESIAN_POINT('',(2.00000002980232,42.0661882415187,-12.5000001862645));
#1822=CARTESIAN_POINT('Origin',(1.50000002980232,42.0661882415187,-12.5000001862645));
#1823=CARTESIAN_POINT('',(2.00000002980232,40.2381261441697,-10.8166539875727));
#1824=CARTESIAN_POINT('',(2.00000002980232,44.287390103634,-14.5453638074136));
#1825=CARTESIAN_POINT('',(1.49999996647239,39.5875207053335,-10.8972475289251));
#1826=CARTESIAN_POINT('Ctrl Pts',(1.50000002980232,39.5875206958667,-10.8972475202078));
#1827=CARTESIAN_POINT('Ctrl Pts',(1.52942630078502,39.5831219670976,-10.8931970104557));
#1828=CARTESIAN_POINT('Ctrl Pts',(1.56002118098192,39.5823312401486,-10.8888603288283));
#1829=CARTESIAN_POINT('Ctrl Pts',(1.62080459314288,39.5891845776229,-10.8799789103646));
#1830=CARTESIAN_POINT('Ctrl Pts',(1.65099322791657,39.5968278116476,-10.8754342363894));
#1831=CARTESIAN_POINT('Ctrl Pts',(1.73716995070388,39.631369673335,-10.8621187434391));
#1832=CARTESIAN_POINT('Ctrl Pts',(1.78874410643987,39.6706279416348,-10.8536651169857));
#1833=CARTESIAN_POINT('Ctrl Pts',(1.88888314446873,39.7813172073941,-10.8367817770006));
#1834=CARTESIAN_POINT('Ctrl Pts',(1.93265353509259,39.8667382240094,-10.8289267236566));
#1835=CARTESIAN_POINT('Ctrl Pts',(1.98831843771849,40.0500288138268,-10.8188443674454));
#1836=CARTESIAN_POINT('Ctrl Pts',(2.00000002980232,40.1479650115786,-10.8166539875727));
#1837=CARTESIAN_POINT('Ctrl Pts',(2.00000002980232,40.2381261441697,-10.8166539875727));
#1838=CARTESIAN_POINT('',(1.49999999999993,41.3280601946713,-12.4999997206032));
#1839=CARTESIAN_POINT('',(1.49999996647239,43.9486951333214,-14.9131758750309));
#1840=CARTESIAN_POINT('',(1.50000002980232,43.9486952493419,-14.9131759818669));
#1841=CARTESIAN_POINT('Ctrl Pts',(-2.00000000745058,42.0661882354504,-12.5000001862645));
#1842=CARTESIAN_POINT('Ctrl Pts',(-2.00000000076296,42.5535700643918,-13.0983987849635));
#1843=CARTESIAN_POINT('Ctrl Pts',(-1.42672908125182,43.5231040795555,-14.2887751215722));
#1844=CARTESIAN_POINT('Ctrl Pts',(0.510779505560945,43.8843446393511,-14.7322997503923));
#1845=CARTESIAN_POINT('Ctrl Pts',(1.80209182691583,43.0441815036287,-13.7007626407984));
#1846=CARTESIAN_POINT('Ctrl Pts',(2.00000000417508,42.3098791495492,-12.7991994851574));
#1847=CARTESIAN_POINT('Ctrl Pts',(2.00000000745058,42.0661882350784,-12.5000001858079));
#1848=CARTESIAN_POINT('Ctrl Pts',(-2.00000000637442,41.9775181304101,-12.5962931878575));
#1849=CARTESIAN_POINT('Ctrl Pts',(-1.97053809217273,42.4774463239745,-13.181381494131));
#1850=CARTESIAN_POINT('Ctrl Pts',(-1.37260140354653,43.4597056862529,-14.3053669631213));
#1851=CARTESIAN_POINT('Ctrl Pts',(0.488465475604064,43.8241415042844,-14.7153520858224));
#1852=CARTESIAN_POINT('Ctrl Pts',(1.75255810115888,42.9755431359695,-13.7552841028743));
#1853=CARTESIAN_POINT('Ctrl Pts',(1.98526904936071,42.2274822268125,-12.8888373405528));
#1854=CARTESIAN_POINT('Ctrl Pts',(2.00000000639641,41.9775181300286,-12.5962931874111));
#1855=CARTESIAN_POINT('Ctrl Pts',(-1.89156885418596,41.8009435284697,-12.7880477629845));
#1856=CARTESIAN_POINT('Ctrl Pts',(-1.83767016704684,42.3248357691018,-13.3142213555758));
#1857=CARTESIAN_POINT('Ctrl Pts',(-1.25626843983842,43.3328685980051,-14.3059033479193));
#1858=CARTESIAN_POINT('Ctrl Pts',(0.445338540360221,43.703509547405,-14.6660141424121));
#1859=CARTESIAN_POINT('Ctrl Pts',(1.61672779362579,42.8380899312414,-13.8218627552272));
#1860=CARTESIAN_POINT('Ctrl Pts',(1.86461951071537,42.0628896483905,-13.0511345588858));
#1861=CARTESIAN_POINT('Ctrl Pts',(1.89156885422731,41.8009435280697,-12.788047762583));
#1862=CARTESIAN_POINT('Ctrl Pts',(-1.63089970066505,41.7274933818873,-12.8678123558011));
#1863=CARTESIAN_POINT('Ctrl Pts',(-1.61237806067163,42.2348324037716,-13.3341757219323));
#1864=CARTESIAN_POINT('Ctrl Pts',(-1.13210019208038,43.2272893497672,-14.2487192003153));
#1865=CARTESIAN_POINT('Ctrl Pts',(0.403841564847241,43.5949386524853,-14.5869898488107));
#1866=CARTESIAN_POINT('Ctrl Pts',(1.43982038212096,42.7385191365393,-13.7984047082903));
#1867=CARTESIAN_POINT('Ctrl Pts',(1.62163888073559,41.9811628924448,-13.1009940385124));
#1868=CARTESIAN_POINT('Ctrl Pts',(1.63089970067905,41.7274933815004,-12.8678123554449));
#1869=CARTESIAN_POINT('Ctrl Pts',(-1.50000000745058,41.7274933811583,-12.8678123551299));
#1870=CARTESIAN_POINT('Ctrl Pts',(-1.50000000243486,42.2148752100997,-13.3166113047114));
#1871=CARTESIAN_POINT('Ctrl Pts',(-1.07004681226761,43.1844092252634,-14.2093935582766));
#1872=CARTESIAN_POINT('Ctrl Pts',(0.38308462964641,43.545649785059,-14.5420370303047));
#1873=CARTESIAN_POINT('Ctrl Pts',(1.3515688718652,42.7054866493366,-13.7683841971486));
#1874=CARTESIAN_POINT('Ctrl Pts',(1.50000000499396,41.9711842952571,-13.0922118295781));
#1875=CARTESIAN_POINT('Ctrl Pts',(1.50000000745058,41.7274933807863,-12.8678123547874));
#1876=CARTESIAN_POINT('',(-1.50000000745058,41.7274933811583,-12.8678123551299));
#1877=CARTESIAN_POINT('',(-2.00000002980232,42.0661882354504,-12.5000001862645));
#1878=CARTESIAN_POINT('Origin',(-1.50000000745058,42.0661882354504,-12.5000001806766));
#1879=CARTESIAN_POINT('Origin',(0.,42.0661882172454,-12.5000001639128));
#1880=CARTESIAN_POINT('Origin',(0.,41.7274933629533,-12.8678123383661));
#1881=CARTESIAN_POINT('Origin',(-1.50000002980232,43.6645096401858,-13.971792777247));
#1882=CARTESIAN_POINT('',(-2.00000002980232,40.2381261441697,-10.8166539875727));
#1883=CARTESIAN_POINT('',(-1.49999996647239,39.5875207053335,-10.8972475289251));
#1884=CARTESIAN_POINT('Ctrl Pts',(-2.00000002980232,40.2381261441697,-10.8166539875727));
#1885=CARTESIAN_POINT('Ctrl Pts',(-2.00000002980232,40.1479650115787,-10.8166539875727));
#1886=CARTESIAN_POINT('Ctrl Pts',(-1.98831843771849,40.0500288138268,-10.8188443674454));
#1887=CARTESIAN_POINT('Ctrl Pts',(-1.93265353509259,39.8667382240094,-10.8289267236566));
#1888=CARTESIAN_POINT('Ctrl Pts',(-1.88888314446873,39.7813172073941,-10.8367817770006));
#1889=CARTESIAN_POINT('Ctrl Pts',(-1.78874410643987,39.6706279416348,-10.8536651169857));
#1890=CARTESIAN_POINT('Ctrl Pts',(-1.73716995070389,39.631369673335,-10.8621187434391));
#1891=CARTESIAN_POINT('Ctrl Pts',(-1.65099322791658,39.5968278116476,-10.8754342363894));
#1892=CARTESIAN_POINT('Ctrl Pts',(-1.62080459314289,39.5891845776229,-10.8799789103646));
#1893=CARTESIAN_POINT('Ctrl Pts',(-1.56002118098193,39.5823312401486,-10.8888603288283));
#1894=CARTESIAN_POINT('Ctrl Pts',(-1.52942630078502,39.5831219670976,-10.8931970104557));
#1895=CARTESIAN_POINT('Ctrl Pts',(-1.50000002980232,39.5875206958667,-10.8972475202078));
#1896=CARTESIAN_POINT('',(-2.00000002980232,43.6645096401858,-13.971792777247));
#1897=CARTESIAN_POINT('',(-1.49999999999993,41.3280601946713,-12.4999997206032));
#1898=CARTESIAN_POINT('',(-1.50000002980232,43.3258147858937,-14.3396049517003));
#1899=CARTESIAN_POINT('',(-1.49999996647239,43.3756451282968,-14.3854905469355));
#1900=CARTESIAN_POINT('Origin',(-2.00000002980232,43.4999985136092,-14.4999996758997));
#1901=CARTESIAN_POINT('Origin',(0.,41.3280606760918,-12.5000001639128));
#1902=CARTESIAN_POINT('Origin',(-2.00000002980232,47.,-10.0000001490116));
#1903=CARTESIAN_POINT('',(-2.00000002980232,45.5,-10.8166539875727));
#1904=CARTESIAN_POINT('',(-2.00000002980232,0.,-10.8166539875727));
#1905=CARTESIAN_POINT('',(-2.00000002980232,45.5,-12.5000001862645));
#1906=CARTESIAN_POINT('',(-2.00000002980232,45.5,-11.1250001545995));
#1907=CARTESIAN_POINT('',(-2.00000002980232,47.,-12.5000001862645));
#1908=CARTESIAN_POINT('Origin',(0.,47.,-12.5000001639128));
#1909=CARTESIAN_POINT('',(1.5,46.6180340154059,-12.5000001862645));
#1910=CARTESIAN_POINT('',(1.49999999999993,47.,-12.4999997206032));
#1911=CARTESIAN_POINT('',(-1.5,46.6180340154059,-12.5000001862645));
#1912=CARTESIAN_POINT('Origin',(0.,46.6180339954139,-12.5000001639128));
#1913=CARTESIAN_POINT('',(-1.49999999999993,47.,-12.4999997206032));
#1914=CARTESIAN_POINT('Origin',(2.00000002980232,47.,-12.5000001862645));
#1915=CARTESIAN_POINT('',(2.00000002980232,45.5,-12.5000001862645));
#1916=CARTESIAN_POINT('',(2.00000002980232,47.,-12.5000001862645));
#1917=CARTESIAN_POINT('',(2.00000002980232,45.5,-10.8166539875727));
#1918=CARTESIAN_POINT('',(2.00000002980232,45.5,-12.375000173226));
#1919=CARTESIAN_POINT('',(2.00000002980232,0.,-10.8166539875727));
#1920=CARTESIAN_POINT('Origin',(-0.500000029802322,45.5,-11.1250001545995));
#1921=CARTESIAN_POINT('',(-1.49999996524403,46.6180340475913,-10.8972475292633));
#1922=CARTESIAN_POINT('Ctrl Pts',(-1.49999996469097,46.6180340469872,-10.8972475291703));
#1923=CARTESIAN_POINT('Ctrl Pts',(-1.52123521043986,46.5990406680079,-10.8943245095923));
#1924=CARTESIAN_POINT('Ctrl Pts',(-1.54175724723175,46.5795947724134,-10.8914364103678));
#1925=CARTESIAN_POINT('Ctrl Pts',(-1.69412642024299,46.4269762315888,-10.8695852483818));
#1926=CARTESIAN_POINT('Ctrl Pts',(-1.80929346950498,46.2587276257521,-10.8504601765433));
#1927=CARTESIAN_POINT('Ctrl Pts',(-1.96224114695735,45.8895738155705,-10.8238458345185));
#1928=CARTESIAN_POINT('Ctrl Pts',(-2.00000002980232,45.6886382196669,-10.8166539875727));
#1929=CARTESIAN_POINT('Ctrl Pts',(-2.00000002980232,45.5,-10.8166539875727));
#1930=CARTESIAN_POINT('',(-1.49999996647239,46.6180340453939,-11.1250001545995));
#1931=CARTESIAN_POINT('Origin',(-0.500000029802322,45.5,-12.5000001862645));
#1932=CARTESIAN_POINT('Origin',(0.500000029802322,45.5,-12.375000173226));
#1933=CARTESIAN_POINT('',(1.49999996524403,46.6180340475913,-10.8972475292633));
#1934=CARTESIAN_POINT('Ctrl Pts',(2.00000002980232,45.5,-10.8166539875727));
#1935=CARTESIAN_POINT('Ctrl Pts',(2.00000002980232,45.6886382196669,-10.8166539875727));
#1936=CARTESIAN_POINT('Ctrl Pts',(1.96224114695735,45.8895738155705,-10.8238458345185));
#1937=CARTESIAN_POINT('Ctrl Pts',(1.80929346950498,46.2587276257521,-10.8504601765433));
#1938=CARTESIAN_POINT('Ctrl Pts',(1.69412642024299,46.4269762315888,-10.8695852483818));
#1939=CARTESIAN_POINT('Ctrl Pts',(1.54175724723176,46.5795947724134,-10.8914364103678));
#1940=CARTESIAN_POINT('Ctrl Pts',(1.52123521043986,46.5990406680079,-10.8943245095923));
#1941=CARTESIAN_POINT('Ctrl Pts',(1.49999996469097,46.6180340469872,-10.8972475291703));
#1942=CARTESIAN_POINT('Origin',(0.500000029802322,45.5,-12.5000001862645));
#1943=CARTESIAN_POINT('',(1.49999996647239,46.6180340453939,-12.375000173226));
#1944=CARTESIAN_POINT('Ctrl Pts',(2.00000000745058,45.5,-12.5000001862645));
#1945=CARTESIAN_POINT('Ctrl Pts',(1.99999998509884,45.5,-14.5000001713634));
#1946=CARTESIAN_POINT('Ctrl Pts',(-2.44929360741904E-16,45.5,-14.5000001713634));
#1947=CARTESIAN_POINT('Ctrl Pts',(-1.99999998509884,45.5,-14.5000001713634));
#1948=CARTESIAN_POINT('Ctrl Pts',(-2.00000000745058,45.5,-12.5000001862645));
#1949=CARTESIAN_POINT('Ctrl Pts',(2.00000000745058,46.1708204072443,-12.5000001862645));
#1950=CARTESIAN_POINT('Ctrl Pts',(1.99999998509884,46.1708204072443,-14.5000001713634));
#1951=CARTESIAN_POINT('Ctrl Pts',(-2.44929360741904E-16,46.1708204072443,
-14.5000001713634));
#1952=CARTESIAN_POINT('Ctrl Pts',(-1.99999998509884,46.1708204072443,-14.5000001713634));
#1953=CARTESIAN_POINT('Ctrl Pts',(-2.00000000745058,46.1708204072443,-12.5000001862645));
#1954=CARTESIAN_POINT('Ctrl Pts',(1.49999999006589,46.6180340042992,-12.5000001806766));
#1955=CARTESIAN_POINT('Ctrl Pts',(1.49999997330208,46.6180340042992,-14.0000001539787));
#1956=CARTESIAN_POINT('Ctrl Pts',(-1.83697018655525E-16,46.6180340042992,
-14.0000001539787));
#1957=CARTESIAN_POINT('Ctrl Pts',(-1.49999997330208,46.6180340042992,-14.0000001539787));
#1958=CARTESIAN_POINT('Ctrl Pts',(-1.49999999006589,46.6180340042992,-12.5000001806766));
#1959=CARTESIAN_POINT('Origin',(0.,45.5,-12.5000001639128));
#1960=CARTESIAN_POINT('Origin',(0.,47.,-12.5000001639128));
#1961=CARTESIAN_POINT('Origin',(0.,0.,0.));
#1962=CARTESIAN_POINT('',(1.49999996647239,70.,-10.8972475289251));
#1963=CARTESIAN_POINT('',(1.49999996647239,0.,-10.8972475289251));
#1964=CARTESIAN_POINT('',(11.0000001639128,70.0000010430813,0.));
#1965=CARTESIAN_POINT('Origin',(0.,70.0000010430813,0.));
#1966=CARTESIAN_POINT('',(-11.0000001639128,70.0000010430813,1.34711149913561E-15));
#1967=CARTESIAN_POINT('Origin',(0.,70.0000010430813,0.));
#1968=CARTESIAN_POINT('',(-1.49999996647239,70.,-10.8972475289251));
#1969=CARTESIAN_POINT('Origin',(0.,70.0000010430813,0.));
#1970=CARTESIAN_POINT('',(-1.49999996647239,0.,-10.8972475289251));
#1971=CARTESIAN_POINT('',(-1.49999996647239,0.,-10.8972475289251));
#1972=CARTESIAN_POINT('',(-1.49999996647239,0.,-10.8972475289251));
#1973=CARTESIAN_POINT('',(-10.9981818318339,0.,-0.2));
#1974=CARTESIAN_POINT('Origin',(0.,0.,0.));
#1975=CARTESIAN_POINT('',(-10.9981818318339,50.0000007450581,-0.2));
#1976=CARTESIAN_POINT('',(-10.9981818318339,0.,-0.2));
#1977=CARTESIAN_POINT('',(-11.0000001639128,50.0000007450581,0.));
#1978=CARTESIAN_POINT('Origin',(0.,50.0000007450581,0.));
#1979=CARTESIAN_POINT('',(-10.9981818318339,50.0000007450581,0.2));
#1980=CARTESIAN_POINT('Origin',(0.,50.0000007450581,0.));
#1981=CARTESIAN_POINT('',(-10.9981818318339,0.,0.2));
#1982=CARTESIAN_POINT('',(-10.9981818318339,0.,0.2));
#1983=CARTESIAN_POINT('',(-0.2,0.,10.9981818318339));
#1984=CARTESIAN_POINT('Origin',(0.,0.,0.));
#1985=CARTESIAN_POINT('',(-0.2,35.0000000009482,10.9981818318339));
#1986=CARTESIAN_POINT('',(-0.2,0.,10.9981818318339));
#1987=CARTESIAN_POINT('',(0.,35.,11.));
#1988=CARTESIAN_POINT('Origin',(0.,35.0000057369479,0.));
#1989=CARTESIAN_POINT('',(0.2,35.0000000009482,10.9981818318339));
#1990=CARTESIAN_POINT('Origin',(0.,35.0000057369479,0.));
#1991=CARTESIAN_POINT('',(0.2,0.,10.9981818318339));
#1992=CARTESIAN_POINT('',(0.2,0.,10.9981818318339));
#1993=CARTESIAN_POINT('',(10.9981818318339,0.,0.2));
#1994=CARTESIAN_POINT('Origin',(0.,0.,0.));
#1995=CARTESIAN_POINT('',(10.9981818318339,50.0000007450581,0.2));
#1996=CARTESIAN_POINT('',(10.9981818318339,0.,0.2));
#1997=CARTESIAN_POINT('',(11.0000001639128,50.0000007450581,0.));
#1998=CARTESIAN_POINT('Origin',(0.,50.0000007450581,0.));
#1999=CARTESIAN_POINT('',(10.9981818318339,50.0000007450581,-0.2));
#2000=CARTESIAN_POINT('Origin',(0.,50.0000007450581,0.));
#2001=CARTESIAN_POINT('',(10.9981818318339,0.,-0.2));
#2002=CARTESIAN_POINT('',(10.9981818318339,0.,-0.2));
#2003=CARTESIAN_POINT('',(1.49999996647239,0.,-10.8972475289251));
#2004=CARTESIAN_POINT('Origin',(0.,0.,0.));
#2005=CARTESIAN_POINT('',(1.49999996647239,0.,-10.8972475289251));
#2006=CARTESIAN_POINT('Origin',(1.49999996647239,70.,-10.2999997720122));
#2007=CARTESIAN_POINT('',(-1.49999996647239,70.,-10.2999997720122));
#2008=CARTESIAN_POINT('',(-1.49999996647239,0.,-10.2999997720122));
#2009=CARTESIAN_POINT('',(-1.49999996647239,70.,-10.2999997720122));
#2010=CARTESIAN_POINT('',(1.49999996647239,70.,-10.2999997720122));
#2011=CARTESIAN_POINT('',(0.874999983236194,70.,-10.2999997720122));
#2012=CARTESIAN_POINT('',(1.49999996647239,0.,-10.2999997720122));
#2013=CARTESIAN_POINT('',(1.49999996647239,70.,-10.2999997720122));
#2014=CARTESIAN_POINT('',(0.874999983236194,0.,-10.2999997720122));
#2015=CARTESIAN_POINT('Origin',(0.25,70.,10.9971588879165));
#2016=CARTESIAN_POINT('',(-1.50000002235174,70.,-8.8717501821414));
#2017=CARTESIAN_POINT('',(-1.49999996647239,70.,-10.1999997720122));
#2018=CARTESIAN_POINT('',(-8.99766365987041,70.0000010430813,-1.10189600008648E-15));
#2019=CARTESIAN_POINT('Origin',(0.,70.0000010430813,0.));
#2020=CARTESIAN_POINT('',(-2.74762652116262,70.,0.));
#2021=CARTESIAN_POINT('',(8.99766365987041,70.0000010430813,0.));
#2022=CARTESIAN_POINT('',(2.99762652116262,70.,0.));
#2023=CARTESIAN_POINT('',(1.49999996647239,70.,-8.87175019158925));
#2024=CARTESIAN_POINT('Origin',(0.,70.0000010430813,0.));
#2025=CARTESIAN_POINT('',(1.49999996647239,70.,-10.1999997720122));
#2026=CARTESIAN_POINT('',(-8.99721969865092,70.,1.10184163051784E-15));
#2027=CARTESIAN_POINT('Origin',(0.,70.,0.));
#2028=CARTESIAN_POINT('Ctrl Pts',(8.99766365987041,70.0000010430813,0.));
#2029=CARTESIAN_POINT('Ctrl Pts',(8.99766365987041,70.0000010430813,-8.99766365987041));
#2030=CARTESIAN_POINT('Ctrl Pts',(0.,70.0000010430813,-8.99766365987041));
#2031=CARTESIAN_POINT('Ctrl Pts',(-8.99766365987041,70.0000010430813,-8.99766365987041));
#2032=CARTESIAN_POINT('Ctrl Pts',(-8.99766365987041,70.0000010430813,0.));
#2033=CARTESIAN_POINT('Ctrl Pts',(7.71596407964302,96.5030361396716,0.));
#2034=CARTESIAN_POINT('Ctrl Pts',(7.71596407964302,96.5030361396716,-7.71596407964302));
#2035=CARTESIAN_POINT('Ctrl Pts',(0.,96.5030361396716,-7.71596407964302));
#2036=CARTESIAN_POINT('Ctrl Pts',(-7.71596407964302,96.5030361396716,-7.71596407964302));
#2037=CARTESIAN_POINT('Ctrl Pts',(-7.71596407964302,96.5030361396716,0.));
#2038=CARTESIAN_POINT('Ctrl Pts',(6.43436672861523,119.000990733336,0.));
#2039=CARTESIAN_POINT('Ctrl Pts',(6.43436672861523,119.000990733336,-6.43436672861523));
#2040=CARTESIAN_POINT('Ctrl Pts',(0.,119.000990733336,-6.43436672861523));
#2041=CARTESIAN_POINT('Ctrl Pts',(-6.43436672861523,119.000990733336,-6.43436672861523));
#2042=CARTESIAN_POINT('Ctrl Pts',(-6.43436672861523,119.000990733336,0.));
#2043=CARTESIAN_POINT('Ctrl Pts',(5.15375785846194,137.197226071352,0.));
#2044=CARTESIAN_POINT('Ctrl Pts',(5.15375785846194,137.197226071352,-5.15375785846194));
#2045=CARTESIAN_POINT('Ctrl Pts',(0.,137.197226071352,-5.15375785846194));
#2046=CARTESIAN_POINT('Ctrl Pts',(-5.15375785846194,137.197226071352,-5.15375785846194));
#2047=CARTESIAN_POINT('Ctrl Pts',(-5.15375785846194,137.197226071352,0.));
#2048=CARTESIAN_POINT('Ctrl Pts',(4.06278906909805,152.698856038446,0.));
#2049=CARTESIAN_POINT('Ctrl Pts',(4.06278906909805,152.698856038446,-4.06278906909805));
#2050=CARTESIAN_POINT('Ctrl Pts',(0.,152.698856038446,-4.06278906909805));
#2051=CARTESIAN_POINT('Ctrl Pts',(-4.06278906909805,152.698856038446,-4.06278906909805));
#2052=CARTESIAN_POINT('Ctrl Pts',(-4.06278906909805,152.698856038446,0.));
#2053=CARTESIAN_POINT('Ctrl Pts',(2.9713426115763,165.061736114439,0.));
#2054=CARTESIAN_POINT('Ctrl Pts',(2.9713426115763,165.061736114439,-2.9713426115763));
#2055=CARTESIAN_POINT('Ctrl Pts',(0.,165.061736114439,-2.9713426115763));
#2056=CARTESIAN_POINT('Ctrl Pts',(-2.9713426115763,165.061736114439,-2.9713426115763));
#2057=CARTESIAN_POINT('Ctrl Pts',(-2.9713426115763,165.061736114439,0.));
#2058=CARTESIAN_POINT('Ctrl Pts',(1.88700525194703,173.84332326323,0.));
#2059=CARTESIAN_POINT('Ctrl Pts',(1.88700525194703,173.84332326323,-1.88700525194703));
#2060=CARTESIAN_POINT('Ctrl Pts',(0.,173.84332326323,-1.88700525194703));
#2061=CARTESIAN_POINT('Ctrl Pts',(-1.88700525194703,173.84332326323,-1.88700525194703));
#2062=CARTESIAN_POINT('Ctrl Pts',(-1.88700525194703,173.84332326323,0.));
#2063=CARTESIAN_POINT('Ctrl Pts',(1.42134200979272,177.614531832825,0.));
#2064=CARTESIAN_POINT('Ctrl Pts',(1.42134200979272,177.614531832825,-1.42134200979272));
#2065=CARTESIAN_POINT('Ctrl Pts',(0.,177.614531832825,-1.42134200979272));
#2066=CARTESIAN_POINT('Ctrl Pts',(-1.42134200979272,177.614531832825,-1.42134200979272));
#2067=CARTESIAN_POINT('Ctrl Pts',(-1.42134200979272,177.614531832825,0.));
#2068=CARTESIAN_POINT('Ctrl Pts',(0.956067745782508,180.726478952327,0.));
#2069=CARTESIAN_POINT('Ctrl Pts',(0.956067745782508,180.726478952327,-0.956067745782508));
#2070=CARTESIAN_POINT('Ctrl Pts',(0.,180.726478952327,-0.956067745782508));
#2071=CARTESIAN_POINT('Ctrl Pts',(-0.956067745782508,180.726478952327,-0.956067745782508));
#2072=CARTESIAN_POINT('Ctrl Pts',(-0.956067745782508,180.726478952327,0.));
#2073=CARTESIAN_POINT('Ctrl Pts',(0.500000008730174,183.1183497142,0.));
#2074=CARTESIAN_POINT('Ctrl Pts',(0.500000008730174,183.1183497142,-0.500000008730174));
#2075=CARTESIAN_POINT('Ctrl Pts',(0.,183.1183497142,-0.500000008730174));
#2076=CARTESIAN_POINT('Ctrl Pts',(-0.500000008730174,183.1183497142,-0.500000008730174));
#2077=CARTESIAN_POINT('Ctrl Pts',(-0.500000008730174,183.1183497142,0.));
#2078=CARTESIAN_POINT('',(-2.85825396587608,165.049361443385,2.49865825420196E-15));
#2079=CARTESIAN_POINT('',(2.85825396587608,165.049361443385,-7.80032784959237E-16));
#2080=CARTESIAN_POINT('Origin',(0.,165.049361443385,-3.90016393357506E-16));
#2081=CARTESIAN_POINT('Ctrl Pts',(-8.99766365987041,70.0000010430813,-1.10189600008648E-15));
#2082=CARTESIAN_POINT('Ctrl Pts',(-7.71596407964302,96.5030361396716,-9.44933071247078E-16));
#2083=CARTESIAN_POINT('Ctrl Pts',(-6.43436672861523,119.000990733336,-7.87982661873887E-16));
#2084=CARTESIAN_POINT('Ctrl Pts',(-5.15375785846194,137.197226071352,-6.31153306494593E-16));
#2085=CARTESIAN_POINT('Ctrl Pts',(-4.38785741780917,148.079943650795,-5.37357554183497E-16));
#2086=CARTESIAN_POINT('Ctrl Pts',(-3.62200208500727,157.413836956138,-4.4356732599092E-16));
#2087=CARTESIAN_POINT('Ctrl Pts',(-2.85825396587608,165.049361443385,-3.50035157046037E-16));
#2088=CARTESIAN_POINT('',(-1.50000002235174,72.0000010728836,-8.77326130381751));
#2089=CARTESIAN_POINT('Ctrl Pts',(-1.50000002235174,70.0000010430813,-8.87175018071955));
#2090=CARTESIAN_POINT('Ctrl Pts',(-1.50000002235174,70.6666470614211,-8.83905329640148));
#2091=CARTESIAN_POINT('Ctrl Pts',(-1.50000002235174,71.333344821365,-8.80622322634789));
#2092=CARTESIAN_POINT('Ctrl Pts',(-1.50000002235174,72.0000010728836,-8.77326130381751));
#2093=CARTESIAN_POINT('',(1.49999996647239,72.0000010728836,-8.77326131337144));
#2094=CARTESIAN_POINT('Ctrl Pts',(-1.50000002235174,72.0000010728836,-8.77326130381752));
#2095=CARTESIAN_POINT('Ctrl Pts',(-1.00479304288901,72.0000010728836,-8.85792884699666));
#2096=CARTESIAN_POINT('Ctrl Pts',(-0.503001641564901,72.0000010728836,-8.90056818092374));
#2097=CARTESIAN_POINT('Ctrl Pts',(0.50300158443785,72.0000010728836,-8.90056818416455));
#2098=CARTESIAN_POINT('Ctrl Pts',(1.00479298625445,72.0000010728836,-8.85792885343339));
#2099=CARTESIAN_POINT('Ctrl Pts',(1.49999996647239,72.0000010728836,-8.77326131337144));
#2100=CARTESIAN_POINT('Ctrl Pts',(1.49999996647239,72.0000010728836,-8.77326131337144));
#2101=CARTESIAN_POINT('Ctrl Pts',(1.49999996647239,71.3333448213514,-8.80622323586659));
#2102=CARTESIAN_POINT('Ctrl Pts',(1.49999996647239,70.6666470614001,-8.83905330588519));
#2103=CARTESIAN_POINT('Ctrl Pts',(1.49999996647239,70.0000010430813,-8.87175019016741));
#2104=CARTESIAN_POINT('Ctrl Pts',(8.99766365987041,70.0000010430813,0.));
#2105=CARTESIAN_POINT('Ctrl Pts',(7.71596407964303,96.5030361396715,0.));
#2106=CARTESIAN_POINT('Ctrl Pts',(6.43436672861523,119.000990733336,0.));
#2107=CARTESIAN_POINT('Ctrl Pts',(5.15375785846194,137.197226071352,0.));
#2108=CARTESIAN_POINT('Ctrl Pts',(4.38792592473603,148.078970232452,0.));
#2109=CARTESIAN_POINT('Ctrl Pts',(3.62198059268182,157.41405182433,0.));
#2110=CARTESIAN_POINT('Ctrl Pts',(2.85825396587608,165.049361443385,0.));
#2111=CARTESIAN_POINT('Ctrl Pts',(1.74157044920535,175.000002830979,-7.80032784959237E-16));
#2112=CARTESIAN_POINT('Ctrl Pts',(1.74157044920535,175.000002830979,-1.74157044920535));
#2113=CARTESIAN_POINT('Ctrl Pts',(-1.16846460573694E-15,175.000002830979,
-1.74157044920535));
#2114=CARTESIAN_POINT('Ctrl Pts',(-1.74157044920535,175.000002830979,-1.74157044920534));
#2115=CARTESIAN_POINT('Ctrl Pts',(-1.74157044920535,175.000002830979,1.55689642651464E-15));
#2116=CARTESIAN_POINT('Ctrl Pts',(-1.74157044920535,175.000002830979,1.74157044920535));
#2117=CARTESIAN_POINT('Ctrl Pts',(1.16846460573694E-15,175.000002830979,
1.74157044920535));
#2118=CARTESIAN_POINT('Ctrl Pts',(1.74157044920535,175.000002830979,1.74157044920535));
#2119=CARTESIAN_POINT('Ctrl Pts',(1.74157044920535,175.000002830979,-7.80032784959237E-16));
#2120=CARTESIAN_POINT('Ctrl Pts',(1.79003631143358,174.621599226756,-7.80032784959237E-16));
#2121=CARTESIAN_POINT('Ctrl Pts',(1.79003631143357,174.621599226756,-1.79003631143358));
#2122=CARTESIAN_POINT('Ctrl Pts',(-1.16846460573694E-15,174.621599226756,
-1.79003631143358));
#2123=CARTESIAN_POINT('Ctrl Pts',(-1.79003631143358,174.621599226756,-1.79003631143357));
#2124=CARTESIAN_POINT('Ctrl Pts',(-1.79003631143358,174.621599226756,1.55689642651464E-15));
#2125=CARTESIAN_POINT('Ctrl Pts',(-1.79003631143357,174.621599226756,1.79003631143358));
#2126=CARTESIAN_POINT('Ctrl Pts',(1.16846460573694E-15,174.621599226756,
1.79003631143358));
#2127=CARTESIAN_POINT('Ctrl Pts',(1.79003631143358,174.621599226756,1.79003631143357));
#2128=CARTESIAN_POINT('Ctrl Pts',(1.79003631143358,174.621599226756,-7.80032784959237E-16));
#2129=CARTESIAN_POINT('Ctrl Pts',(1.83850616966199,174.236096705867,-7.80032784959237E-16));
#2130=CARTESIAN_POINT('Ctrl Pts',(1.83850616966199,174.236096705867,-1.83850616966199));
#2131=CARTESIAN_POINT('Ctrl Pts',(-1.16846460573694E-15,174.236096705867,
-1.83850616966199));
#2132=CARTESIAN_POINT('Ctrl Pts',(-1.83850616966199,174.236096705867,-1.83850616966199));
#2133=CARTESIAN_POINT('Ctrl Pts',(-1.83850616966199,174.236096705867,1.55689642651464E-15));
#2134=CARTESIAN_POINT('Ctrl Pts',(-1.83850616966199,174.236096705867,1.83850616966199));
#2135=CARTESIAN_POINT('Ctrl Pts',(1.16846460573694E-15,174.236096705867,
1.83850616966199));
#2136=CARTESIAN_POINT('Ctrl Pts',(1.83850616966199,174.236096705867,1.83850616966199));
#2137=CARTESIAN_POINT('Ctrl Pts',(1.83850616966199,174.236096705867,-7.80032784959237E-16));
#2138=CARTESIAN_POINT('Ctrl Pts',(1.88700525194703,173.84332326323,-7.80032784959237E-16));
#2139=CARTESIAN_POINT('Ctrl Pts',(1.88700525194703,173.84332326323,-1.88700525194703));
#2140=CARTESIAN_POINT('Ctrl Pts',(-1.16846460573694E-15,173.84332326323,
-1.88700525194703));
#2141=CARTESIAN_POINT('Ctrl Pts',(-1.88700525194703,173.84332326323,-1.88700525194703));
#2142=CARTESIAN_POINT('Ctrl Pts',(-1.88700525194703,173.84332326323,1.55689642651464E-15));
#2143=CARTESIAN_POINT('Ctrl Pts',(-1.88700525194703,173.84332326323,1.88700525194703));
#2144=CARTESIAN_POINT('Ctrl Pts',(1.16846460573694E-15,173.84332326323,
1.88700525194703));
#2145=CARTESIAN_POINT('Ctrl Pts',(1.88700525194703,173.84332326323,1.88700525194703));
#2146=CARTESIAN_POINT('Ctrl Pts',(1.88700525194703,173.84332326323,-7.80032784959237E-16));
#2147=CARTESIAN_POINT('Ctrl Pts',(2.9713426115763,165.061736114439,-7.80032784959237E-16));
#2148=CARTESIAN_POINT('Ctrl Pts',(2.9713426115763,165.061736114439,-2.9713426115763));
#2149=CARTESIAN_POINT('Ctrl Pts',(-1.16846460573694E-15,165.061736114439,
-2.9713426115763));
#2150=CARTESIAN_POINT('Ctrl Pts',(-2.9713426115763,165.061736114439,-2.9713426115763));
#2151=CARTESIAN_POINT('Ctrl Pts',(-2.9713426115763,165.061736114439,1.55689642651464E-15));
#2152=CARTESIAN_POINT('Ctrl Pts',(-2.9713426115763,165.061736114439,2.9713426115763));
#2153=CARTESIAN_POINT('Ctrl Pts',(1.16846460573694E-15,165.061736114439,
2.9713426115763));
#2154=CARTESIAN_POINT('Ctrl Pts',(2.9713426115763,165.061736114439,2.9713426115763));
#2155=CARTESIAN_POINT('Ctrl Pts',(2.9713426115763,165.061736114439,-7.80032784959237E-16));
#2156=CARTESIAN_POINT('Ctrl Pts',(4.06278906909805,152.698856038446,-7.80032784959237E-16));
#2157=CARTESIAN_POINT('Ctrl Pts',(4.06278906909805,152.698856038446,-4.06278906909805));
#2158=CARTESIAN_POINT('Ctrl Pts',(-1.16846460573694E-15,152.698856038446,
-4.06278906909805));
#2159=CARTESIAN_POINT('Ctrl Pts',(-4.06278906909805,152.698856038446,-4.06278906909804));
#2160=CARTESIAN_POINT('Ctrl Pts',(-4.06278906909805,152.698856038446,1.55689642651464E-15));
#2161=CARTESIAN_POINT('Ctrl Pts',(-4.06278906909805,152.698856038446,4.06278906909805));
#2162=CARTESIAN_POINT('Ctrl Pts',(1.16846460573694E-15,152.698856038446,
4.06278906909805));
#2163=CARTESIAN_POINT('Ctrl Pts',(4.06278906909805,152.698856038446,4.06278906909805));
#2164=CARTESIAN_POINT('Ctrl Pts',(4.06278906909805,152.698856038446,-7.80032784959237E-16));
#2165=CARTESIAN_POINT('Ctrl Pts',(5.15375785846194,137.197226071352,-7.80032784959237E-16));
#2166=CARTESIAN_POINT('Ctrl Pts',(5.15375785846194,137.197226071352,-5.15375785846194));
#2167=CARTESIAN_POINT('Ctrl Pts',(-1.16846460573694E-15,137.197226071352,
-5.15375785846194));
#2168=CARTESIAN_POINT('Ctrl Pts',(-5.15375785846194,137.197226071352,-5.15375785846194));
#2169=CARTESIAN_POINT('Ctrl Pts',(-5.15375785846194,137.197226071352,1.55689642651464E-15));
#2170=CARTESIAN_POINT('Ctrl Pts',(-5.15375785846194,137.197226071352,5.15375785846194));
#2171=CARTESIAN_POINT('Ctrl Pts',(1.16846460573694E-15,137.197226071352,
5.15375785846194));
#2172=CARTESIAN_POINT('Ctrl Pts',(5.15375785846194,137.197226071352,5.15375785846194));
#2173=CARTESIAN_POINT('Ctrl Pts',(5.15375785846194,137.197226071352,-7.80032784959237E-16));
#2174=CARTESIAN_POINT('Ctrl Pts',(6.43592187976667,118.978893513023,-7.80032784959237E-16));
#2175=CARTESIAN_POINT('Ctrl Pts',(6.43592187976667,118.978893513023,-6.43592187976667));
#2176=CARTESIAN_POINT('Ctrl Pts',(-1.16846460573694E-15,118.978893513023,
-6.43592187976667));
#2177=CARTESIAN_POINT('Ctrl Pts',(-6.43592187976667,118.978893513023,-6.43592187976667));
#2178=CARTESIAN_POINT('Ctrl Pts',(-6.43592187976667,118.978893513023,1.55689642651464E-15));
#2179=CARTESIAN_POINT('Ctrl Pts',(-6.43592187976667,118.978893513023,6.43592187976667));
#2180=CARTESIAN_POINT('Ctrl Pts',(1.16846460573694E-15,118.978893513023,
6.43592187976667));
#2181=CARTESIAN_POINT('Ctrl Pts',(6.43592187976667,118.978893513023,6.43592187976667));
#2182=CARTESIAN_POINT('Ctrl Pts',(6.43592187976667,118.978893513023,-7.80032784959237E-16));
#2183=CARTESIAN_POINT('Ctrl Pts',(7.71908209996124,96.448387732636,-7.80032784959237E-16));
#2184=CARTESIAN_POINT('Ctrl Pts',(7.71908209996123,96.448387732636,-7.71908209996124));
#2185=CARTESIAN_POINT('Ctrl Pts',(-1.16846460573694E-15,96.448387732636,
-7.71908209996124));
#2186=CARTESIAN_POINT('Ctrl Pts',(-7.71908209996124,96.448387732636,-7.71908209996123));
#2187=CARTESIAN_POINT('Ctrl Pts',(-7.71908209996124,96.448387732636,1.55689642651464E-15));
#2188=CARTESIAN_POINT('Ctrl Pts',(-7.71908209996123,96.448387732636,7.71908209996124));
#2189=CARTESIAN_POINT('Ctrl Pts',(1.16846460573694E-15,96.448387732636,
7.71908209996124));
#2190=CARTESIAN_POINT('Ctrl Pts',(7.71908209996124,96.448387732636,7.71908209996123));
#2191=CARTESIAN_POINT('Ctrl Pts',(7.71908209996124,96.448387732636,-7.80032784959237E-16));
#2192=CARTESIAN_POINT('Ctrl Pts',(9.00233307771992,69.9034287243674,-7.80032784959237E-16));
#2193=CARTESIAN_POINT('Ctrl Pts',(9.00233307771992,69.9034287243674,-9.00233307771992));
#2194=CARTESIAN_POINT('Ctrl Pts',(-1.16846460573694E-15,69.9034287243674,
-9.00233307771992));
#2195=CARTESIAN_POINT('Ctrl Pts',(-9.00233307771992,69.9034287243674,-9.00233307771992));
#2196=CARTESIAN_POINT('Ctrl Pts',(-9.00233307771992,69.9034287243674,1.55689642651464E-15));
#2197=CARTESIAN_POINT('Ctrl Pts',(-9.00233307771992,69.9034287243674,9.00233307771992));
#2198=CARTESIAN_POINT('Ctrl Pts',(1.16846460573694E-15,69.9034287243674,
9.00233307771992));
#2199=CARTESIAN_POINT('Ctrl Pts',(9.00233307771992,69.9034287243674,9.00233307771992));
#2200=CARTESIAN_POINT('Ctrl Pts',(9.00233307771992,69.9034287243674,-7.80032784959237E-16));
#2201=CARTESIAN_POINT('Ctrl Pts',(2.85825396587608,165.049361443385,-2.6186019613806E-15));
#2202=CARTESIAN_POINT('Ctrl Pts',(2.85825396587608,165.049361443385,0.0350738685298649));
#2203=CARTESIAN_POINT('Ctrl Pts',(2.85760837548361,165.049361443385,0.0701593840315555));
#2204=CARTESIAN_POINT('Ctrl Pts',(2.84261225558595,165.049361443385,0.47717343746082));
#2205=CARTESIAN_POINT('Ctrl Pts',(2.7563925103891,165.049361443385,0.842875586131477));
#2206=CARTESIAN_POINT('Ctrl Pts',(2.44862692569617,165.049361443385,1.52064627832423));
#2207=CARTESIAN_POINT('Ctrl Pts',(2.23002349293496,165.049361443385,1.82623496461539));
#2208=CARTESIAN_POINT('Ctrl Pts',(1.68798441004693,165.049361443385,2.33641767594412));
#2209=CARTESIAN_POINT('Ctrl Pts',(1.36973094898666,165.049361443385,2.53613407619032));
#2210=CARTESIAN_POINT('Ctrl Pts',(0.674583253667775,165.049361443385,2.80233409123477));
#2211=CARTESIAN_POINT('Ctrl Pts',(0.304335010261184,165.049361443385,2.86627268879898));
#2212=CARTESIAN_POINT('Ctrl Pts',(-0.439829941235773,165.049361443385,2.84862924014659));
#2213=CARTESIAN_POINT('Ctrl Pts',(-0.806632026788594,165.049361443385,2.76721587491553));
#2214=CARTESIAN_POINT('Ctrl Pts',(-1.48838303847646,165.049361443385,2.46837089105369));
#2215=CARTESIAN_POINT('Ctrl Pts',(-1.79681405335677,165.049361443385,2.25379639335172));
#2216=CARTESIAN_POINT('Ctrl Pts',(-2.31406578724023,165.049361443385,1.71849889652274));
#2217=CARTESIAN_POINT('Ctrl Pts',(-2.51794129774348,165.049361443385,1.40289363322508));
#2218=CARTESIAN_POINT('Ctrl Pts',(-2.78951096567661,165.049361443385,0.720668256007336));
#2219=CARTESIAN_POINT('Ctrl Pts',(-2.85825396587608,165.049361443385,0.361920634285892));
#2220=CARTESIAN_POINT('Ctrl Pts',(-2.85825396587608,165.049361443385,8.32667268468867E-15));
#2221=CARTESIAN_POINT('',(1.74157044917443,175.000002831221,0.));
#2222=CARTESIAN_POINT('Ctrl Pts',(2.85825396587608,165.049361443385,0.));
#2223=CARTESIAN_POINT('Ctrl Pts',(2.53401092628575,168.290961136524,0.));
#2224=CARTESIAN_POINT('Ctrl Pts',(2.21016577037599,171.226183652175,0.));
#2225=CARTESIAN_POINT('Ctrl Pts',(1.88700525194703,173.84332326323,0.));
#2226=CARTESIAN_POINT('Ctrl Pts',(1.83850616966199,174.236096705867,0.));
#2227=CARTESIAN_POINT('Ctrl Pts',(1.79003631143358,174.621599226756,0.));
#2228=CARTESIAN_POINT('Ctrl Pts',(1.74157044920535,175.000002830979,0.));
#2229=CARTESIAN_POINT('',(-1.74157044917443,175.000002831221,-2.13280867607108E-16));
#2230=CARTESIAN_POINT('Origin',(0.,175.000002831221,0.));
#2231=CARTESIAN_POINT('Ctrl Pts',(-1.74157047733543,175.00000261135,-2.03209758897366E-16));
#2232=CARTESIAN_POINT('Ctrl Pts',(-2.1513100580751,171.80090683264,-2.53388385501047E-16));
#2233=CARTESIAN_POINT('Ctrl Pts',(-2.52705102513613,168.360542316926,-6.52260333883072E-18));
#2234=CARTESIAN_POINT('Ctrl Pts',(-2.85825396587924,165.049361443354,-4.70832654637546E-17));
#2235=CARTESIAN_POINT('Origin',(0.,167.524681988291,-3.90016393357506E-16));
#2236=CARTESIAN_POINT('',(-1.,168.267951725636,-3.64280255530634E-16));
#2237=CARTESIAN_POINT('',(-1.42912698293804,167.524681988291,-3.53236184352512E-16));
#2238=CARTESIAN_POINT('',(1.,168.267951725636,-1.22464679914735E-16));
#2239=CARTESIAN_POINT('Origin',(0.,168.267951725636,0.));
#2240=CARTESIAN_POINT('Origin',(0.,168.267951725636,0.));
#2241=CARTESIAN_POINT('Origin',(0.,175.000002831221,0.));
#2242=CARTESIAN_POINT('',(3.75777433383261,175.000002831221,0.));
#2243=CARTESIAN_POINT('',(2.87262652116262,175.000002831221,0.));
#2244=CARTESIAN_POINT('',(-3.75777433383261,175.000002831221,-4.60194630984618E-16));
#2245=CARTESIAN_POINT('Ctrl Pts',(-3.7577743338326,175.000002831221,-2.08166817117217E-16));
#2246=CARTESIAN_POINT('Ctrl Pts',(-3.7577743338326,175.000002831221,-0.260562788155757));
#2247=CARTESIAN_POINT('Ctrl Pts',(-3.73067333180053,175.000002831221,-0.520420408876194));
#2248=CARTESIAN_POINT('Ctrl Pts',(-3.62314471472964,175.000002831221,-1.03033163918675));
#2249=CARTESIAN_POINT('Ctrl Pts',(-3.54300810701254,175.000002831221,-1.27900526356462));
#2250=CARTESIAN_POINT('Ctrl Pts',(-3.24020798901397,175.000002831221,-1.96503235696287));
#2251=CARTESIAN_POINT('Ctrl Pts',(-2.95707522843173,175.000002831221,-2.3698113995372));
#2252=CARTESIAN_POINT('Ctrl Pts',(-2.25158849377029,175.000002831221,-3.04805663180694));
#2253=CARTESIAN_POINT('Ctrl Pts',(-1.83597935739445,175.000002831221,-3.31503842740963));
#2254=CARTESIAN_POINT('Ctrl Pts',(-0.92581633065767,175.000002831221,-3.6746651681301));
#2255=CARTESIAN_POINT('Ctrl Pts',(-0.43996409490952,175.000002831221,-3.76387188559487));
#2256=CARTESIAN_POINT('Ctrl Pts',(0.5385874903718,175.000002831221,-3.75102965746687));
#2257=CARTESIAN_POINT('Ctrl Pts',(1.02193135339786,175.000002831221,-3.64910349057456));
#2258=CARTESIAN_POINT('Ctrl Pts',(1.92234326680426,175.000002831221,-3.26571528773611));
#2259=CARTESIAN_POINT('Ctrl Pts',(2.33080288853003,175.000002831221,-2.98791865197182));
#2260=CARTESIAN_POINT('Ctrl Pts',(3.01824752740415,175.000002831221,-2.29139299102091));
#2261=CARTESIAN_POINT('Ctrl Pts',(3.2906601991186,175.000002831221,-1.87932313078879));
#2262=CARTESIAN_POINT('Ctrl Pts',(3.66219966221876,175.000002831221,-0.973957704433711));
#2263=CARTESIAN_POINT('Ctrl Pts',(3.75777433383261,175.000002831221,-0.489317925248983));
#2264=CARTESIAN_POINT('Ctrl Pts',(3.75777433383261,175.000002831221,1.38777878078145E-16));
#2265=CARTESIAN_POINT('',(-2.87262652116262,175.000002831221,0.));
#2266=CARTESIAN_POINT('',(1.5,175.000002831221,-1.83697019872103E-16));
#2267=CARTESIAN_POINT('Origin',(0.,175.000002831221,0.));
#2268=CARTESIAN_POINT('Origin',(0.,175.000002831221,0.));
#2269=CARTESIAN_POINT('',(1.,180.000002831221,-1.22464679914735E-16));
#2270=CARTESIAN_POINT('Origin',(0.,180.000002831221,0.));
#2271=CARTESIAN_POINT('',(1.,175.000002831221,-1.22464679914735E-16));
#2272=CARTESIAN_POINT('Origin',(0.,175.000002831221,0.));
#2273=CARTESIAN_POINT('',(1.5,180.000002831221,-1.83697019872103E-16));
#2274=CARTESIAN_POINT('Origin',(0.,180.000002831221,0.));
#2275=CARTESIAN_POINT('',(1.5,175.000002831221,-1.83697019872103E-16));
#2276=CARTESIAN_POINT('Origin',(0.,180.000002831221,0.));
#2277=CARTESIAN_POINT('Origin',(1.49999996647239,70.,-12.4999997206032));
#2278=CARTESIAN_POINT('',(1.49999996647239,0.,28.7500001396984));
#2279=CARTESIAN_POINT('',(1.49999996647239,72.0000010728836,-10.7992650238421));
#2280=CARTESIAN_POINT('',(1.49999996647239,72.0000010728836,-10.1999997720122));
#2281=CARTESIAN_POINT('Ctrl Pts',(1.49999996647239,70.0000010430813,-10.8972475289251));
#2282=CARTESIAN_POINT('Ctrl Pts',(1.49999996647239,70.6666486440402,-10.8647162047758));
#2283=CARTESIAN_POINT('Ctrl Pts',(1.49999996647239,71.3333443709659,-10.8320549737372));
#2284=CARTESIAN_POINT('Ctrl Pts',(1.49999996647239,72.0000010728836,-10.7992650238421));
#2285=CARTESIAN_POINT('Origin',(-1.49999996647239,70.,-10.1999997720122));
#2286=CARTESIAN_POINT('',(-1.50000002235174,72.0000010728836,-10.7992650160805));
#2287=CARTESIAN_POINT('Ctrl Pts',(-1.50000002235174,72.0000010728836,-10.7992650160805));
#2288=CARTESIAN_POINT('Ctrl Pts',(-1.50000002235174,71.3333443709612,-10.8320549659994));
#2289=CARTESIAN_POINT('Ctrl Pts',(-1.50000002235174,70.6666486440328,-10.8647161970615));
#2290=CARTESIAN_POINT('Ctrl Pts',(-1.50000002235174,70.0000010430813,-10.8972475212333));
#2291=CARTESIAN_POINT('',(-1.50000002235174,72.0000010728836,-10.1999997720122));
#2292=CARTESIAN_POINT('',(-1.49999996647239,0.,29.8000001139939));
#2293=CARTESIAN_POINT('Origin',(1.49999996647239,72.0000010728836,-10.1999997720122));
#2294=CARTESIAN_POINT('Ctrl Pts',(1.49999996647239,72.0000010728836,-10.7992650238421));
#2295=CARTESIAN_POINT('Ctrl Pts',(0.504796412611533,72.0000010728836,-10.9374971437251));
#2296=CARTESIAN_POINT('Ctrl Pts',(-0.504796363968197,72.0000010728836,-10.9374971557305));
#2297=CARTESIAN_POINT('Ctrl Pts',(-1.50000002235174,72.0000010728836,-10.7992650160805));
#2298=CARTESIAN_POINT('Origin',(0.25,0.,70.));
#2299=CARTESIAN_POINT('',(41.0000006109476,0.,-0.2));
#2300=CARTESIAN_POINT('',(0.,0.,-0.2));
#2301=CARTESIAN_POINT('',(41.0000006109476,0.,0.2));
#2302=CARTESIAN_POINT('',(41.0000006109476,0.,0.));
#2303=CARTESIAN_POINT('',(0.,0.,0.2));
#2304=CARTESIAN_POINT('',(0.2,0.,37.000000551343));
#2305=CARTESIAN_POINT('',(0.2,0.,0.));
#2306=CARTESIAN_POINT('',(-0.2,0.,37.000000551343));
#2307=CARTESIAN_POINT('',(0.,0.,37.000000551343));
#2308=CARTESIAN_POINT('',(-0.2,0.,0.));
#2309=CARTESIAN_POINT('',(-41.0000006109476,0.,0.2));
#2310=CARTESIAN_POINT('',(0.,0.,0.2));
#2311=CARTESIAN_POINT('',(-41.0000006109476,0.,-0.2));
#2312=CARTESIAN_POINT('',(-41.0000006109476,0.,0.));
#2313=CARTESIAN_POINT('',(0.,0.,-0.2));
#2314=CARTESIAN_POINT('',(-8.99721969865092,0.,1.10184163051784E-15));
#2315=CARTESIAN_POINT('Origin',(0.,0.,0.));
#2316=CARTESIAN_POINT('Origin',(-0.2,8.00000011920929,35.0000005215406));
#2317=CARTESIAN_POINT('',(-0.2,8.00000011920929,34.5000005215406));
#2318=CARTESIAN_POINT('Origin',(-0.2,8.00000011920929,35.0000005215406));
#2319=CARTESIAN_POINT('',(0.2,8.00000011920929,34.5000005215406));
#2320=CARTESIAN_POINT('',(-0.2,8.00000011920929,34.5000005215406));
#2321=CARTESIAN_POINT('Origin',(0.2,8.00000011920929,35.0000005215406));
#2322=CARTESIAN_POINT('Origin',(0.,35.0000005215406,10.0000001490116));
#2323=CARTESIAN_POINT('',(-0.2,35.,11.));
#2324=CARTESIAN_POINT('',(-0.2,35.0000005215406,10.0000001490116));
#2325=CARTESIAN_POINT('',(0.,35.,11.));
#2326=CARTESIAN_POINT('Origin',(-0.2,17.5000002607703,23.0000003427267));
#2327=CARTESIAN_POINT('',(-0.2,14.0000002086163,37.000000551343));
#2328=CARTESIAN_POINT('',(-0.2,0.,37.000000551343));
#2329=CARTESIAN_POINT('',(-0.2,14.0000002086163,37.000000551343));
#2330=CARTESIAN_POINT('Origin',(0.,14.0000002086163,37.000000551343));
#2331=CARTESIAN_POINT('',(0.2,14.0000002086163,37.000000551343));
#2332=CARTESIAN_POINT('',(0.2,0.,37.000000551343));
#2333=CARTESIAN_POINT('',(0.,14.0000002086163,37.000000551343));
#2334=CARTESIAN_POINT('Origin',(0.,35.,11.));
#2335=CARTESIAN_POINT('',(0.2,35.,11.));
#2336=CARTESIAN_POINT('',(0.2,14.0000002086163,37.000000551343));
#2337=CARTESIAN_POINT('',(0.,35.,11.));
#2338=CARTESIAN_POINT('Origin',(0.,35.0000005215406,10.0000001490116));
#2339=CARTESIAN_POINT('',(0.2,35.0000005215406,10.0000001490116));
#2340=CARTESIAN_POINT('Origin',(0.2,17.5000002607703,23.0000003427267));
#2341=CARTESIAN_POINT('Origin',(25.000000372529,25.000000372529,-0.2));
#2342=CARTESIAN_POINT('',(11.0000001639128,50.0000007450581,-0.2));
#2343=CARTESIAN_POINT('',(11.0000001639128,50.0000007450581,-0.2));
#2344=CARTESIAN_POINT('',(41.0000006109476,20.0000002980232,-0.2));
#2345=CARTESIAN_POINT('',(41.0000006109476,20.0000002980232,-0.2));
#2346=CARTESIAN_POINT('',(41.0000006109476,0.,-0.2));
#2347=CARTESIAN_POINT('Origin',(11.0000001639128,50.0000007450581,0.));
#2348=CARTESIAN_POINT('',(11.0000001639128,50.0000007450581,0.2));
#2349=CARTESIAN_POINT('',(11.0000001639128,50.0000007450581,0.2));
#2350=CARTESIAN_POINT('',(11.0000001639128,50.0000007450581,0.));
#2351=CARTESIAN_POINT('Origin',(11.0000001639128,50.0000007450581,0.));
#2352=CARTESIAN_POINT('',(11.0000001639128,50.0000007450581,0.));
#2353=CARTESIAN_POINT('Origin',(41.0000006109476,20.0000002980232,0.));
#2354=CARTESIAN_POINT('',(41.0000006109476,20.0000002980232,0.2));
#2355=CARTESIAN_POINT('',(41.0000006109476,20.0000002980232,0.2));
#2356=CARTESIAN_POINT('',(41.0000006109476,20.0000002980232,0.));
#2357=CARTESIAN_POINT('Origin',(41.0000006109476,0.,0.));
#2358=CARTESIAN_POINT('',(41.0000006109476,0.,0.2));
#2359=CARTESIAN_POINT('Origin',(25.000000372529,25.000000372529,0.2));
#2360=CARTESIAN_POINT('Origin',(-9.00000013411045,50.0000007450581,0.));
#2361=CARTESIAN_POINT('',(-11.0000001639128,50.0000007450581,-0.2));
#2362=CARTESIAN_POINT('',(-11.0000001639128,50.0000007450581,-0.2));
#2363=CARTESIAN_POINT('',(-11.0000001639128,50.0000007450581,0.));
#2364=CARTESIAN_POINT('Origin',(-25.000000372529,25.000000372529,-0.2));
#2365=CARTESIAN_POINT('',(-41.0000006109476,20.0000002980232,-0.2));
#2366=CARTESIAN_POINT('',(-41.0000006109476,0.,-0.2));
#2367=CARTESIAN_POINT('',(-41.0000006109476,20.0000002980232,-0.2));
#2368=CARTESIAN_POINT('Origin',(-41.0000006109476,20.0000002980232,0.));
#2369=CARTESIAN_POINT('',(-41.0000006109476,20.0000002980232,0.2));
#2370=CARTESIAN_POINT('',(-41.0000006109476,0.,0.2));
#2371=CARTESIAN_POINT('',(-41.0000006109476,20.0000002980232,0.));
#2372=CARTESIAN_POINT('Origin',(-11.0000001639128,50.0000007450581,0.));
#2373=CARTESIAN_POINT('',(-11.0000001639128,50.0000007450581,0.2));
#2374=CARTESIAN_POINT('',(-41.0000006109476,20.0000002980232,0.2));
#2375=CARTESIAN_POINT('',(-11.0000001639128,50.0000007450581,0.));
#2376=CARTESIAN_POINT('Origin',(-9.00000013411045,50.0000007450581,0.));
#2377=CARTESIAN_POINT('',(-11.0000001639128,50.0000007450581,0.2));
#2378=CARTESIAN_POINT('Origin',(-25.000000372529,25.000000372529,0.2));
#2379=CARTESIAN_POINT('Origin',(-5.74525304232525,129.860409940912,-7.0359057485752E-16));
#2380=CARTESIAN_POINT('Ctrl Pts',(-3.75777433383163,175.000002831228,-4.60194630984499E-16));
#2381=CARTESIAN_POINT('Ctrl Pts',(-3.88621948018032,173.988870117724,-4.75924624718693E-16));
#2382=CARTESIAN_POINT('Ctrl Pts',(-4.45466463308625,169.332577144203,-5.45539078418399E-16));
#2383=CARTESIAN_POINT('Ctrl Pts',(-5.46310979254903,159.658476780339,-6.69037992083573E-16));
#2384=CARTESIAN_POINT('Ctrl Pts',(-6.91155495856767,142.286183641998,-8.46421365714091E-16));
#2385=CARTESIAN_POINT('Ctrl Pts',(-8.36000012458394,120.238686829098,-1.02380473934432E-15));
#2386=CARTESIAN_POINT('Ctrl Pts',(-9.6800001442494,96.5102918546256,-1.1854581192401E-15));
#2387=CARTESIAN_POINT('Ctrl Pts',(-10.5600001573585,79.1017140673102,-1.29322703917047E-15));
#2388=CARTESIAN_POINT('Ctrl Pts',(-11.0000001639128,70.0000010430813,-1.34711149913561E-15));
#2389=CARTESIAN_POINT('Ctrl Pts',(0.500000007450581,189.730312925455,0.));
#2390=CARTESIAN_POINT('Ctrl Pts',(0.500000007450581,189.730312925455,-0.500000007450581));
#2391=CARTESIAN_POINT('Ctrl Pts',(0.,189.730312925455,-0.500000007450581));
#2392=CARTESIAN_POINT('Ctrl Pts',(-0.500000007450581,189.730312925455,-0.500000007450581));
#2393=CARTESIAN_POINT('Ctrl Pts',(-0.500000007450581,189.730312925455,0.));
#2394=CARTESIAN_POINT('Ctrl Pts',(0.840000012518124,189.363660084339,0.));
#2395=CARTESIAN_POINT('Ctrl Pts',(0.840000012518124,189.363660084339,-0.840000012518124));
#2396=CARTESIAN_POINT('Ctrl Pts',(0.,189.363660084339,-0.840000012518124));
#2397=CARTESIAN_POINT('Ctrl Pts',(-0.840000012518124,189.363660084339,-0.840000012518124));
#2398=CARTESIAN_POINT('Ctrl Pts',(-0.840000012518124,189.363660084339,0.));
#2399=CARTESIAN_POINT('Ctrl Pts',(1.62000002414332,187.808480783408,0.));
#2400=CARTESIAN_POINT('Ctrl Pts',(1.62000002414332,187.808480783408,-1.62000002414332));
#2401=CARTESIAN_POINT('Ctrl Pts',(0.,187.808480783408,-1.62000002414332));
#2402=CARTESIAN_POINT('Ctrl Pts',(-1.62000002414332,187.808480783408,-1.62000002414332));
#2403=CARTESIAN_POINT('Ctrl Pts',(-1.62000002414332,187.808480783408,0.));
#2404=CARTESIAN_POINT('Ctrl Pts',(2.84000004232604,182.825146542118,0.));
#2405=CARTESIAN_POINT('Ctrl Pts',(2.84000004232604,182.825146542118,-2.84000004232604));
#2406=CARTESIAN_POINT('Ctrl Pts',(0.,182.825146542118,-2.84000004232604));
#2407=CARTESIAN_POINT('Ctrl Pts',(-2.84000004232604,182.825146542118,-2.84000004232604));
#2408=CARTESIAN_POINT('Ctrl Pts',(-2.84000004232604,182.825146542118,0.));
#2409=CARTESIAN_POINT('Ctrl Pts',(4.50000006706563,170.757419010788,0.));
#2410=CARTESIAN_POINT('Ctrl Pts',(4.50000006706563,170.757419010788,-4.50000006706563));
#2411=CARTESIAN_POINT('Ctrl Pts',(0.,170.757419010788,-4.50000006706563));
#2412=CARTESIAN_POINT('Ctrl Pts',(-4.50000006706563,170.757419010788,-4.50000006706563));
#2413=CARTESIAN_POINT('Ctrl Pts',(-4.50000006706563,170.757419010788,0.));
#2414=CARTESIAN_POINT('Ctrl Pts',(6.60000009835999,147.028513520018,0.));
#2415=CARTESIAN_POINT('Ctrl Pts',(6.60000009835999,147.028513520018,-6.60000009835999));
#2416=CARTESIAN_POINT('Ctrl Pts',(0.,147.028513520018,-6.60000009835999));
#2417=CARTESIAN_POINT('Ctrl Pts',(-6.60000009835999,147.028513520018,-6.60000009835999));
#2418=CARTESIAN_POINT('Ctrl Pts',(-6.60000009835999,147.028513520018,0.));
#2419=CARTESIAN_POINT('Ctrl Pts',(8.36000012458394,120.238686829098,0.));
#2420=CARTESIAN_POINT('Ctrl Pts',(8.36000012458394,120.238686829098,-8.36000012458394));
#2421=CARTESIAN_POINT('Ctrl Pts',(0.,120.238686829098,-8.36000012458394));
#2422=CARTESIAN_POINT('Ctrl Pts',(-8.36000012458394,120.238686829098,-8.36000012458394));
#2423=CARTESIAN_POINT('Ctrl Pts',(-8.36000012458394,120.238686829098,0.));
#2424=CARTESIAN_POINT('Ctrl Pts',(9.6800001442494,96.5102918546256,0.));
#2425=CARTESIAN_POINT('Ctrl Pts',(9.6800001442494,96.5102918546256,-9.6800001442494));
#2426=CARTESIAN_POINT('Ctrl Pts',(0.,96.5102918546256,-9.6800001442494));
#2427=CARTESIAN_POINT('Ctrl Pts',(-9.6800001442494,96.5102918546256,-9.6800001442494));
#2428=CARTESIAN_POINT('Ctrl Pts',(-9.6800001442494,96.5102918546256,0.));
#2429=CARTESIAN_POINT('Ctrl Pts',(10.5600001573585,79.1017140673102,0.));
#2430=CARTESIAN_POINT('Ctrl Pts',(10.5600001573585,79.1017140673102,-10.5600001573585));
#2431=CARTESIAN_POINT('Ctrl Pts',(0.,79.1017140673102,-10.5600001573585));
#2432=CARTESIAN_POINT('Ctrl Pts',(-10.5600001573585,79.1017140673102,-10.5600001573585));
#2433=CARTESIAN_POINT('Ctrl Pts',(-10.5600001573585,79.1017140673102,0.));
#2434=CARTESIAN_POINT('Ctrl Pts',(11.0000001639128,70.0000010430813,0.));
#2435=CARTESIAN_POINT('Ctrl Pts',(11.0000001639128,70.0000010430813,-11.0000001639128));
#2436=CARTESIAN_POINT('Ctrl Pts',(0.,70.0000010430813,-11.0000001639128));
#2437=CARTESIAN_POINT('Ctrl Pts',(-11.0000001639128,70.0000010430813,-11.0000001639128));
#2438=CARTESIAN_POINT('Ctrl Pts',(-11.0000001639128,70.0000010430813,0.));
#2439=CARTESIAN_POINT('Ctrl Pts',(11.0000001639128,70.0000010430813,0.));
#2440=CARTESIAN_POINT('Ctrl Pts',(10.5600001573585,79.1017140673102,0.));
#2441=CARTESIAN_POINT('Ctrl Pts',(9.6800001442494,96.5102918546256,0.));
#2442=CARTESIAN_POINT('Ctrl Pts',(8.36000012458394,120.238686829098,0.));
#2443=CARTESIAN_POINT('Ctrl Pts',(6.91155495856767,142.286183641998,0.));
#2444=CARTESIAN_POINT('Ctrl Pts',(5.46310979254903,159.658476780339,0.));
#2445=CARTESIAN_POINT('Ctrl Pts',(4.45466463308625,169.332577144203,0.));
#2446=CARTESIAN_POINT('Ctrl Pts',(3.88621948018032,173.988870117724,0.));
#2447=CARTESIAN_POINT('Ctrl Pts',(3.75777433383163,175.000002831228,0.));
#2448=CARTESIAN_POINT('Origin',(-5.74525304232525,129.860409940912,-7.0359057485752E-16));
#2449=CARTESIAN_POINT('Origin',(0.,0.,0.));
#2450=CARTESIAN_POINT('',(-8.99721969865092,0.,1.10184163051784E-15));
#2451=CARTESIAN_POINT('Ctrl Pts',(7.99582846301078,73.0000010430813,0.));
#2452=CARTESIAN_POINT('Ctrl Pts',(7.99582846301078,73.0000010430813,7.99582846301077));
#2453=CARTESIAN_POINT('Ctrl Pts',(1.09773951694597E-14,73.0000010430818,
7.99582846301077));
#2454=CARTESIAN_POINT('Ctrl Pts',(-7.99582846301076,73.0000010430823,7.99582846301077));
#2455=CARTESIAN_POINT('Ctrl Pts',(-7.99582846301076,73.0000010430823,0.));
#2456=CARTESIAN_POINT('Ctrl Pts',(-7.99582846301076,73.0000010430823,-7.99582846301077));
#2457=CARTESIAN_POINT('Ctrl Pts',(1.09773951694597E-14,73.0000010430818,
-7.99582846301077));
#2458=CARTESIAN_POINT('Ctrl Pts',(7.99582846301078,73.0000010430813,-7.99582846301077));
#2459=CARTESIAN_POINT('Ctrl Pts',(7.99582846301078,73.0000010430813,0.));
#2460=CARTESIAN_POINT('Ctrl Pts',(6.97051733525893,92.4289771413955,0.));
#2461=CARTESIAN_POINT('Ctrl Pts',(6.97051733525893,92.4289771413955,6.97051733525763));
#2462=CARTESIAN_POINT('Ctrl Pts',(1.29711131520633E-12,92.4289771413959,
6.97051733525763));
#2463=CARTESIAN_POINT('Ctrl Pts',(-6.97051733525633,92.4289771413964,6.97051733525763));
#2464=CARTESIAN_POINT('Ctrl Pts',(-6.97051733525633,92.4289771413964,0.));
#2465=CARTESIAN_POINT('Ctrl Pts',(-6.97051733525633,92.4289771413964,-6.97051733525763));
#2466=CARTESIAN_POINT('Ctrl Pts',(1.29711131520633E-12,92.4289771413959,
-6.97051733525763));
#2467=CARTESIAN_POINT('Ctrl Pts',(6.97051733525893,92.4289771413955,-6.97051733525763));
#2468=CARTESIAN_POINT('Ctrl Pts',(6.97051733525893,92.4289771413955,0.));
#2469=CARTESIAN_POINT('Ctrl Pts',(5.94539325902197,109.496253016093,0.));
#2470=CARTESIAN_POINT('Ctrl Pts',(5.94539325902196,109.496253016093,5.94539325901954));
#2471=CARTESIAN_POINT('Ctrl Pts',(2.42690849617973E-12,109.496253016093,
5.94539325901954));
#2472=CARTESIAN_POINT('Ctrl Pts',(-5.94539325901711,109.496253016094,5.94539325901954));
#2473=CARTESIAN_POINT('Ctrl Pts',(-5.94539325901711,109.496253016094,0.));
#2474=CARTESIAN_POINT('Ctrl Pts',(-5.94539325901711,109.496253016094,-5.94539325901954));
#2475=CARTESIAN_POINT('Ctrl Pts',(2.42690849617973E-12,109.496253016093,
-5.94539325901954));
#2476=CARTESIAN_POINT('Ctrl Pts',(5.94539325902196,109.496253016093,-5.94539325901954));
#2477=CARTESIAN_POINT('Ctrl Pts',(5.94539325902197,109.496253016093,0.));
#2478=CARTESIAN_POINT('Ctrl Pts',(4.92107465922208,124.085791511772,0.));
#2479=CARTESIAN_POINT('Ctrl Pts',(4.92107465922208,124.085791511772,4.92107465921869));
#2480=CARTESIAN_POINT('Ctrl Pts',(3.39268766241201E-12,124.085791511772,
4.92107465921869));
#2481=CARTESIAN_POINT('Ctrl Pts',(-4.9210746592153,124.085791511773,4.92107465921869));
#2482=CARTESIAN_POINT('Ctrl Pts',(-4.9210746592153,124.085791511773,0.));
#2483=CARTESIAN_POINT('Ctrl Pts',(-4.9210746592153,124.085791511773,-4.92107465921869));
#2484=CARTESIAN_POINT('Ctrl Pts',(3.39268766241201E-12,124.085791511772,
-4.92107465921869));
#2485=CARTESIAN_POINT('Ctrl Pts',(4.92107465922208,124.085791511772,-4.92107465921869));
#2486=CARTESIAN_POINT('Ctrl Pts',(4.92107465922208,124.085791511772,0.));
#2487=CARTESIAN_POINT('Ctrl Pts',(3.61241486887995,142.72524840797,0.));
#2488=CARTESIAN_POINT('Ctrl Pts',(3.61241486887994,142.72524840797,3.61241486887532));
#2489=CARTESIAN_POINT('Ctrl Pts',(4.62655802408E-12,142.72524840797,3.61241486887532));
#2490=CARTESIAN_POINT('Ctrl Pts',(-3.61241486887069,142.725248407971,3.61241486887532));
#2491=CARTESIAN_POINT('Ctrl Pts',(-3.61241486887069,142.725248407971,0.));
#2492=CARTESIAN_POINT('Ctrl Pts',(-3.61241486887069,142.725248407971,-3.61241486887532));
#2493=CARTESIAN_POINT('Ctrl Pts',(4.62655802408E-12,142.72524840797,-3.61241486887532));
#2494=CARTESIAN_POINT('Ctrl Pts',(3.61241486887994,142.72524840797,-3.61241486887532));
#2495=CARTESIAN_POINT('Ctrl Pts',(3.61241486887995,142.72524840797,0.));
#2496=CARTESIAN_POINT('Ctrl Pts',(2.30197623473086,157.32962549387,0.));
#2497=CARTESIAN_POINT('Ctrl Pts',(2.30197623473086,157.32962549387,2.30197623472526));
#2498=CARTESIAN_POINT('Ctrl Pts',(5.59331945587851E-12,157.329625493871,
2.30197623472526));
#2499=CARTESIAN_POINT('Ctrl Pts',(-2.30197623471967,157.329625493871,2.30197623472526));
#2500=CARTESIAN_POINT('Ctrl Pts',(-2.30197623471967,157.329625493871,0.));
#2501=CARTESIAN_POINT('Ctrl Pts',(-2.30197623471967,157.329625493871,-2.30197623472526));
#2502=CARTESIAN_POINT('Ctrl Pts',(5.59331945587851E-12,157.329625493871,
-2.30197623472526));
#2503=CARTESIAN_POINT('Ctrl Pts',(2.30197623473086,157.32962549387,-2.30197623472526));
#2504=CARTESIAN_POINT('Ctrl Pts',(2.30197623473086,157.32962549387,0.));
#2505=CARTESIAN_POINT('Ctrl Pts',(1.00683755456903,167.201013885012,0.));
#2506=CARTESIAN_POINT('Ctrl Pts',(1.00683755456903,167.201013885012,1.00683755456278));
#2507=CARTESIAN_POINT('Ctrl Pts',(6.246772699295E-12,167.201013885012,1.00683755456278));
#2508=CARTESIAN_POINT('Ctrl Pts',(-1.00683755455654,167.201013885012,1.00683755456278));
#2509=CARTESIAN_POINT('Ctrl Pts',(-1.00683755455654,167.201013885012,0.));
#2510=CARTESIAN_POINT('Ctrl Pts',(-1.00683755455654,167.201013885012,-1.00683755456278));
#2511=CARTESIAN_POINT('Ctrl Pts',(6.246772699295E-12,167.201013885012,-1.00683755456278));
#2512=CARTESIAN_POINT('Ctrl Pts',(1.00683755456903,167.201013885012,-1.00683755456278));
#2513=CARTESIAN_POINT('Ctrl Pts',(1.00683755456903,167.201013885012,0.));
#2514=CARTESIAN_POINT('Ctrl Pts',(0.668933436287494,169.776477687935,0.));
#2515=CARTESIAN_POINT('Ctrl Pts',(0.668933436287494,169.776477687935,0.668933436281077));
#2516=CARTESIAN_POINT('Ctrl Pts',(6.41725987988579E-12,169.776477687935,
0.668933436281077));
#2517=CARTESIAN_POINT('Ctrl Pts',(-0.66893343627466,169.776477687936,0.668933436281077));
#2518=CARTESIAN_POINT('Ctrl Pts',(-0.66893343627466,169.776477687936,0.));
#2519=CARTESIAN_POINT('Ctrl Pts',(-0.66893343627466,169.776477687936,-0.668933436281077));
#2520=CARTESIAN_POINT('Ctrl Pts',(6.41725987988579E-12,169.776477687935,
-0.668933436281077));
#2521=CARTESIAN_POINT('Ctrl Pts',(0.668933436287494,169.776477687935,-0.668933436281077));
#2522=CARTESIAN_POINT('Ctrl Pts',(0.668933436287494,169.776477687935,0.));
#2523=CARTESIAN_POINT('Ctrl Pts',(0.332376870099397,172.02686166604,0.));
#2524=CARTESIAN_POINT('Ctrl Pts',(0.332376870099397,172.02686166604,0.332376870092831));
#2525=CARTESIAN_POINT('Ctrl Pts',(6.56622785188298E-12,172.02686166604,
0.332376870092831));
#2526=CARTESIAN_POINT('Ctrl Pts',(-0.332376870086265,172.02686166604,0.332376870092831));
#2527=CARTESIAN_POINT('Ctrl Pts',(-0.332376870086265,172.02686166604,0.));
#2528=CARTESIAN_POINT('Ctrl Pts',(-0.332376870086265,172.02686166604,-0.332376870092831));
#2529=CARTESIAN_POINT('Ctrl Pts',(6.56622785188298E-12,172.02686166604,
-0.332376870092831));
#2530=CARTESIAN_POINT('Ctrl Pts',(0.332376870099397,172.02686166604,-0.332376870092831));
#2531=CARTESIAN_POINT('Ctrl Pts',(0.332376870099397,172.02686166604,0.));
#2532=CARTESIAN_POINT('Ctrl Pts',(6.65023591750469E-12,173.932535117688,
0.));
#2533=CARTESIAN_POINT('Ctrl Pts',(6.65023591750469E-12,173.932535117688,
-4.21412102987778E-14));
#2534=CARTESIAN_POINT('Ctrl Pts',(6.69237712780347E-12,173.932535117688,
-4.21412102987778E-14));
#2535=CARTESIAN_POINT('Ctrl Pts',(6.73451833810224E-12,173.932535117688,
-4.21412102987778E-14));
#2536=CARTESIAN_POINT('Ctrl Pts',(6.73451833810224E-12,173.932535117688,
0.));
#2537=CARTESIAN_POINT('Ctrl Pts',(6.73451833810224E-12,173.932535117688,
4.21412102987778E-14));
#2538=CARTESIAN_POINT('Ctrl Pts',(6.69237712780347E-12,173.932535117688,
4.21412102987778E-14));
#2539=CARTESIAN_POINT('Ctrl Pts',(6.65023591750469E-12,173.932535117688,
4.21412102987778E-14));
#2540=CARTESIAN_POINT('Ctrl Pts',(6.65023591750469E-12,173.932535117688,
0.));
#2541=CARTESIAN_POINT('',(6.69237712780346E-12,173.932535117688,0.));
#2542=CARTESIAN_POINT('',(7.99582846301078,73.0000010430813,0.));
#2543=CARTESIAN_POINT('Ctrl Pts',(6.65023591750469E-12,173.932535117688,
-1.42187796675464E-33));
#2544=CARTESIAN_POINT('Ctrl Pts',(0.332376870099397,172.02686166604,1.11778023184398E-20));
#2545=CARTESIAN_POINT('Ctrl Pts',(0.668933436287494,169.776477687935,2.24961674163915E-20));
#2546=CARTESIAN_POINT('Ctrl Pts',(1.00683755456903,167.201013885012,3.38598505622275E-20));
#2547=CARTESIAN_POINT('Ctrl Pts',(2.30197623473085,157.32962549387,7.74152403755376E-20));
#2548=CARTESIAN_POINT('Ctrl Pts',(3.61241486887994,142.72524840797,1.21485166176585E-19));
#2549=CARTESIAN_POINT('Ctrl Pts',(4.92107465922208,124.085791511772,1.65495269630727E-19));
#2550=CARTESIAN_POINT('Ctrl Pts',(5.94539325902196,109.496253016093,1.99943006070621E-19));
#2551=CARTESIAN_POINT('Ctrl Pts',(6.97051733525893,92.4289771413955,2.34417830605981E-19));
#2552=CARTESIAN_POINT('Ctrl Pts',(7.99582846301078,73.0000010430813,2.68898945665884E-19));
#2553=CARTESIAN_POINT('Origin',(1.09773951694591E-14,73.0000010430818,0.));
#2554=CARTESIAN_POINT('Origin',(1.11022302462516E-14,73.0000010430813,0.));
#2555=CARTESIAN_POINT('Origin',(2.00306758773698,70.,10.8160863460421));
#2556=CARTESIAN_POINT('',(2.00306758773698,75.5,10.54264787983));
#2557=CARTESIAN_POINT('',(2.00306758773698,70.,10.8160863460421));
#2558=CARTESIAN_POINT('Ctrl Pts',(2.00306758773698,75.5,10.54264787983));
#2559=CARTESIAN_POINT('Ctrl Pts',(2.00306758773698,73.6669536141391,10.6348139778152));
#2560=CARTESIAN_POINT('Ctrl Pts',(2.00306758773698,71.8329733859888,10.7259690809999));
#2561=CARTESIAN_POINT('Ctrl Pts',(2.00306758773698,70.0000010430813,10.8160863460421));
#2562=CARTESIAN_POINT('',(2.00306758773698,75.5,9.51665398757267));
#2563=CARTESIAN_POINT('',(2.00306758773698,75.5,10.8166539875727));
#2564=CARTESIAN_POINT('',(2.00306758773698,70.,9.51665398757267));
#2565=CARTESIAN_POINT('',(2.00306758773698,70.,9.51665398757267));
#2566=CARTESIAN_POINT('',(2.00306758773698,70.0000010430813,5.40804317302105));
#2567=CARTESIAN_POINT('Origin',(2.00306758773698,70.,9.51665398757267));
#2568=CARTESIAN_POINT('',(2.00000002980232,74.0000011026859,9.51665398757267));
#2569=CARTESIAN_POINT('',(2.00000002980232,75.5,9.51665398757267));
#2570=CARTESIAN_POINT('',(2.00000002980232,72.000000551343,9.51665398757267));
#2571=CARTESIAN_POINT('',(-2.00000002980232,74.0000011026859,9.51665398757267));
#2572=CARTESIAN_POINT('',(0.00153377896732865,74.0000011026859,9.51665398757267));
#2573=CARTESIAN_POINT('',(-2.00000002980232,72.0000010728836,9.51665398757267));
#2574=CARTESIAN_POINT('',(-2.00000002980232,70.,9.51665398757267));
#2575=CARTESIAN_POINT('',(2.00000002980232,72.0000010728836,9.51665398757267));
#2576=CARTESIAN_POINT('',(2.00153380876965,72.0000010728836,9.51665398757267));
#2577=CARTESIAN_POINT('',(2.00000002980232,70.,9.51665398757267));
#2578=CARTESIAN_POINT('',(2.00000002980232,70.0000005215406,9.51665398757267));
#2579=CARTESIAN_POINT('',(-4.4984662880879,70.0000010430813,9.51665398757267));
#2580=CARTESIAN_POINT('',(2.00306758773698,75.5,9.51665398757267));
#2581=CARTESIAN_POINT('Origin',(2.00000002980232,75.5000011250377,0.));
#2582=CARTESIAN_POINT('',(-2.00000002980232,75.5000011250377,8.4965942180045));
#2583=CARTESIAN_POINT('',(-2.00000002980232,75.5000011250377,10.5432301865785));
#2584=CARTESIAN_POINT('',(-2.00000002980232,75.5000011250377,0.));
#2585=CARTESIAN_POINT('',(2.00000002980232,75.5000011250377,8.4965942180045));
#2586=CARTESIAN_POINT('Ctrl Pts',(2.00000002980232,75.5000011250377,8.4965942180045));
#2587=CARTESIAN_POINT('Ctrl Pts',(1.34508633193123,75.5000011250377,8.65075332948526));
#2588=CARTESIAN_POINT('Ctrl Pts',(0.673964555210674,75.5000011250377,8.72880939330427));
#2589=CARTESIAN_POINT('Ctrl Pts',(-0.673964555210676,75.5000011250377,8.72880939330427));
#2590=CARTESIAN_POINT('Ctrl Pts',(-1.34508633193123,75.5000011250377,8.65075332948526));
#2591=CARTESIAN_POINT('Ctrl Pts',(-2.00000002980232,75.5000011250377,8.4965942180045));
#2592=CARTESIAN_POINT('',(2.00000002980232,75.5000011250377,0.));
#2593=CARTESIAN_POINT('',(2.00000002980232,75.5000011250377,10.5432301865785));
#2594=CARTESIAN_POINT('Ctrl Pts',(2.00000004015956,75.5,10.5432302411779));
#2595=CARTESIAN_POINT('Ctrl Pts',(2.00102258166224,75.5,10.5430362699756));
#2596=CARTESIAN_POINT('Ctrl Pts',(2.00204509754376,75.5,10.5428421495228));
#2597=CARTESIAN_POINT('Ctrl Pts',(2.00306758773698,75.5,10.54264787983));
#2598=CARTESIAN_POINT('Ctrl Pts',(-2.00000002980232,75.5000011250377,10.5432301865785));
#2599=CARTESIAN_POINT('Ctrl Pts',(-1.34104790702733,75.5000011250377,10.6682302332308));
#2600=CARTESIAN_POINT('Ctrl Pts',(-0.671451883156815,75.5000011250376,10.7312488968615));
#2601=CARTESIAN_POINT('Ctrl Pts',(0.671451883156813,75.5000011250376,10.7312488968615));
#2602=CARTESIAN_POINT('Ctrl Pts',(1.34104790702733,75.5000011250377,10.6682302332308));
#2603=CARTESIAN_POINT('Ctrl Pts',(2.00000002980232,75.5000011250377,10.5432301865785));
#2604=CARTESIAN_POINT('Origin',(-11.0000001639128,70.0000010430813,-1.34711149913561E-15));
#2605=CARTESIAN_POINT('',(2.00000002980232,70.0000010430813,8.77256810842431));
#2606=CARTESIAN_POINT('',(2.00000002980232,70.0000010430813,-6.73555749567807E-16));
#2607=CARTESIAN_POINT('',(8.99766365987041,70.0000010430813,2.20379200017295E-15));
#2608=CARTESIAN_POINT('Origin',(-1.39790471336855E-15,70.0000010430813,
-2.22044604925031E-15));
#2609=CARTESIAN_POINT('',(11.0000001639128,70.0000010430813,2.69422299827123E-15));
#2610=CARTESIAN_POINT('',(11.0000001639128,70.0000010430813,2.69422299827123E-15));
#2611=CARTESIAN_POINT('Origin',(8.43038688586294E-16,70.0000010430813,4.44089209850063E-15));
#2612=CARTESIAN_POINT('Origin',(-2.00000002980232,75.5000011250377,0.));
#2613=CARTESIAN_POINT('',(-2.00000002980232,74.0000011026859,8.57249884040688));
#2614=CARTESIAN_POINT('',(-2.00000002980232,74.0000011026859,0.));
#2615=CARTESIAN_POINT('Ctrl Pts',(-2.00000002980232,75.5000011250377,8.4965942180045));
#2616=CARTESIAN_POINT('Ctrl Pts',(-2.00000002980232,75.0000129012585,8.52197698738387));
#2617=CARTESIAN_POINT('Ctrl Pts',(-2.00000002980232,74.4999975799297,8.54727875976405));
#2618=CARTESIAN_POINT('Ctrl Pts',(-2.00000002980232,74.0000011026859,8.57249884040688));
#2619=CARTESIAN_POINT('',(-2.00000002980232,74.0000011026859,10.6184118388918));
#2620=CARTESIAN_POINT('Ctrl Pts',(-2.00000002980232,74.0000011026859,10.6184118388918));
#2621=CARTESIAN_POINT('Ctrl Pts',(-2.00000002980232,74.4999982241287,10.5934291447456));
#2622=CARTESIAN_POINT('Ctrl Pts',(-2.00000002980232,75.0000118061762,10.5683684044196));
#2623=CARTESIAN_POINT('Ctrl Pts',(-2.00000002980232,75.5000011250377,10.5432301865785));
#2624=CARTESIAN_POINT('',(-2.00000002980232,72.0000010728836,10.7179347280802));
#2625=CARTESIAN_POINT('Ctrl Pts',(-2.00000002980232,72.0000010728836,10.7179347280802));
#2626=CARTESIAN_POINT('Ctrl Pts',(-2.00000002980232,72.6666589692935,10.6848959008933));
#2627=CARTESIAN_POINT('Ctrl Pts',(-2.00000002980232,73.3333567530337,10.6517211744435));
#2628=CARTESIAN_POINT('Ctrl Pts',(-2.00000002980232,74.0000011026859,10.6184118388918));
#2629=CARTESIAN_POINT('',(-2.00000002980232,70.0000010430813,10.8166539875727));
#2630=CARTESIAN_POINT('Ctrl Pts',(-2.00000002980232,70.0000010430813,10.8166539875727));
#2631=CARTESIAN_POINT('Ctrl Pts',(-2.00000002980232,70.6666479344326,10.7838803114655));
#2632=CARTESIAN_POINT('Ctrl Pts',(-2.00000002980232,71.333344707483,10.7509734794134));
#2633=CARTESIAN_POINT('Ctrl Pts',(-2.00000002980232,72.0000010728836,10.7179347280802));
#2634=CARTESIAN_POINT('',(-2.00000002980232,70.0000010430813,8.77256810842431));
#2635=CARTESIAN_POINT('',(-2.00000002980232,70.0000010430813,-6.73555749567807E-16));
#2636=CARTESIAN_POINT('',(-2.00000002980232,72.0000010728836,8.67295300649714));
#2637=CARTESIAN_POINT('Ctrl Pts',(-2.00000002980232,72.0000010728836,8.67295300649714));
#2638=CARTESIAN_POINT('Ctrl Pts',(-2.00000002980232,71.3333455218144,8.70629611989572));
#2639=CARTESIAN_POINT('Ctrl Pts',(-2.00000002980232,70.666645090996,8.73950165303988));
#2640=CARTESIAN_POINT('Ctrl Pts',(-2.00000002980232,70.0000010430813,8.77256810842431));
#2641=CARTESIAN_POINT('',(-2.00000002980232,72.0000010728836,0.));
#2642=CARTESIAN_POINT('Origin',(2.00000002980232,70.0000010430813,0.));
#2643=CARTESIAN_POINT('',(2.00000002980232,72.0000010728836,8.67295300649714));
#2644=CARTESIAN_POINT('',(2.00000002980232,72.0000010728836,0.));
#2645=CARTESIAN_POINT('Ctrl Pts',(2.00000002980232,70.0000010430813,8.77256810842431));
#2646=CARTESIAN_POINT('Ctrl Pts',(2.00000002980232,70.6666450909853,8.73950165304041));
#2647=CARTESIAN_POINT('Ctrl Pts',(2.00000002980232,71.3333455218078,8.70629611989605));
#2648=CARTESIAN_POINT('Ctrl Pts',(2.00000002980232,72.0000010728836,8.67295300649714));
#2649=CARTESIAN_POINT('Origin',(2.00000002980232,72.0000010728836,0.));
#2650=CARTESIAN_POINT('Ctrl Pts',(2.00000002980232,72.0000010728836,8.67295300649714));
#2651=CARTESIAN_POINT('Ctrl Pts',(1.34462691043096,72.0000010728836,8.82408333745736));
#2652=CARTESIAN_POINT('Ctrl Pts',(0.673678436674215,72.0000010728836,8.90056818254414));
#2653=CARTESIAN_POINT('Ctrl Pts',(-0.673678436674217,72.0000010728836,8.90056818254414));
#2654=CARTESIAN_POINT('Ctrl Pts',(-1.34462691043096,72.0000010728836,8.82408333745736));
#2655=CARTESIAN_POINT('Ctrl Pts',(-2.00000002980232,72.0000010728836,8.67295300649714));
#2656=CARTESIAN_POINT('Origin',(0.,175.000002831221,0.));
#2657=CARTESIAN_POINT('',(1.74157044917443,175.000002831221,4.26561735214217E-16));
#2658=CARTESIAN_POINT('',(-1.74157044917443,175.000002831221,-2.13280867607109E-16));
#2659=CARTESIAN_POINT('Ctrl Pts',(1.74157044917442,175.000002831221,3.46944695195361E-17));
#2660=CARTESIAN_POINT('Ctrl Pts',(1.74157044917442,175.000002831221,-0.120759899795189));
#2661=CARTESIAN_POINT('Ctrl Pts',(1.72901027389802,175.000002831221,-0.241192984125166));
#2662=CARTESIAN_POINT('Ctrl Pts',(1.6791752797513,175.000002831221,-0.477515405728729));
#2663=CARTESIAN_POINT('Ctrl Pts',(1.64203533054236,175.000002831221,-0.592765177862833));
#2664=CARTESIAN_POINT('Ctrl Pts',(1.501700203772,175.000002831221,-0.91070989914067));
#2665=CARTESIAN_POINT('Ctrl Pts',(1.37048007046498,175.000002831221,-1.09830797086244));
#2666=CARTESIAN_POINT('Ctrl Pts',(1.04351662342962,175.000002831221,-1.41264612661052));
#2667=CARTESIAN_POINT('Ctrl Pts',(0.850899258463786,175.000002831221,-1.53638096654035));
#2668=CARTESIAN_POINT('Ctrl Pts',(0.429076953429508,175.000002831221,-1.70305284428796));
#2669=CARTESIAN_POINT('Ctrl Pts',(0.203904864508111,175.000002831221,-1.7443964081113));
#2670=CARTESIAN_POINT('Ctrl Pts',(-0.249612662761967,175.000002831221,-1.73844457518511));
#2671=CARTESIAN_POINT('Ctrl Pts',(-0.473622226363797,175.000002831221,-1.69120608120237));
#2672=CARTESIAN_POINT('Ctrl Pts',(-0.890925300248446,175.000002831221,-1.51352176455408));
#2673=CARTESIAN_POINT('Ctrl Pts',(-1.08022916569718,175.000002831221,-1.38477470080112));
#2674=CARTESIAN_POINT('Ctrl Pts',(-1.39883085971788,175.000002831221,-1.06196433476017));
#2675=CARTESIAN_POINT('Ctrl Pts',(-1.52508268244366,175.000002831221,-0.870987275516772));
#2676=CARTESIAN_POINT('Ctrl Pts',(-1.69727560627403,175.000002831221,-0.451388456596731));
#2677=CARTESIAN_POINT('Ctrl Pts',(-1.74157044917442,175.000002831221,-0.226778290327992));
#2678=CARTESIAN_POINT('Ctrl Pts',(-1.74157044917442,175.000002831221,-2.08166817117217E-16));
#2679=CARTESIAN_POINT('Origin',(0.,175.000002831221,0.));
#2680=CARTESIAN_POINT('',(-1.74157044917442,180.232002831221,2.13280867607107E-16));
#2681=CARTESIAN_POINT('',(-1.74157044917442,175.000002831221,2.13280867607107E-16));
#2682=CARTESIAN_POINT('Origin',(0.,180.232002831221,0.));
#2683=CARTESIAN_POINT('Origin',(0.,180.232002831221,0.));
#2684=CARTESIAN_POINT('',(1.00000290214086,180.232199420578,2.07294837231322E-17));
#2685=CARTESIAN_POINT('',(-1.00000290214086,180.232199420578,-1.32905377565347E-16));
#2686=CARTESIAN_POINT('Ctrl Pts',(1.00000001490116,180.23221759652,0.));
#2687=CARTESIAN_POINT('Ctrl Pts',(1.00000001490116,180.23221759652,-0.0693396593011192));
#2688=CARTESIAN_POINT('Ctrl Pts',(0.992788032480634,180.23221759652,-0.138491662989319));
#2689=CARTESIAN_POINT('Ctrl Pts',(0.964173057466015,180.23221759652,-0.274186676209753));
#2690=CARTESIAN_POINT('Ctrl Pts',(0.942847506277449,180.23221759652,-0.340362451014666));
#2691=CARTESIAN_POINT('Ctrl Pts',(0.862267861091091,180.23221759652,-0.522924532362741));
#2692=CARTESIAN_POINT('Ctrl Pts',(0.78692199419001,180.23221759652,-0.630642296295938));
#2693=CARTESIAN_POINT('Ctrl Pts',(0.599181410935115,180.23221759652,-0.811133507880917));
#2694=CARTESIAN_POINT('Ctrl Pts',(0.488581596883742,180.23221759652,-0.882181361174633));
#2695=CARTESIAN_POINT('Ctrl Pts',(0.246373587715992,180.23221759652,-0.977883421524952));
#2696=CARTESIAN_POINT('Ctrl Pts',(0.117081033180824,180.23221759652,-1.00162266472295));
#2697=CARTESIAN_POINT('Ctrl Pts',(-0.143326195388656,180.23221759652,-0.998205155533074));
#2698=CARTESIAN_POINT('Ctrl Pts',(-0.271951234384938,180.23221759652,-0.971081076395738));
#2699=CARTESIAN_POINT('Ctrl Pts',(-0.511564326293319,180.23221759652,-0.869055735198531));
#2700=CARTESIAN_POINT('Ctrl Pts',(-0.620261547447549,180.23221759652,-0.795129891008613));
#2701=CARTESIAN_POINT('Ctrl Pts',(-0.803200858871477,180.23221759652,-0.609773983641085));
#2702=CARTESIAN_POINT('Ctrl Pts',(-0.875693949614335,180.23221759652,-0.500116023964683));
#2703=CARTESIAN_POINT('Ctrl Pts',(-0.974566163757541,180.23221759652,-0.259184728092351));
#2704=CARTESIAN_POINT('Ctrl Pts',(-1.00000001490116,180.23221759652,-0.130214826402662));
#2705=CARTESIAN_POINT('Ctrl Pts',(-1.00000001490116,180.23221759652,-1.38777878078145E-16));
#2706=CARTESIAN_POINT('Ctrl Pts',(1.00003413026639,180.232002831221,2.44937719333769E-16));
#2707=CARTESIAN_POINT('Ctrl Pts',(1.00003413026639,180.232002831221,0.0693420248488867));
#2708=CARTESIAN_POINT('Ctrl Pts',(0.992821901806457,180.232002831221,0.138496387682914));
#2709=CARTESIAN_POINT('Ctrl Pts',(0.964205950581528,180.232002831221,0.274196030188217));
#2710=CARTESIAN_POINT('Ctrl Pts',(0.942879671864005,180.232002831221,0.340374062603824));
#2711=CARTESIAN_POINT('Ctrl Pts',(0.862297277673661,180.232002831221,0.522942372123888));
#2712=CARTESIAN_POINT('Ctrl Pts',(0.78694884032085,180.232002831221,0.63066381088789));
#2713=CARTESIAN_POINT('Ctrl Pts',(0.599201852227484,180.232002831221,0.811161179996379));
#2714=CARTESIAN_POINT('Ctrl Pts',(0.488598265023117,180.232002831221,0.882211457113523));
#2715=CARTESIAN_POINT('Ctrl Pts',(0.246381992840795,180.232002831221,0.977916782374535));
#2716=CARTESIAN_POINT('Ctrl Pts',(0.117085027442971,180.232002831221,1.00165683544548));
#2717=CARTESIAN_POINT('Ctrl Pts',(-0.143331085014089,180.232002831221,0.998239209666025));
#2718=CARTESIAN_POINT('Ctrl Pts',(-0.271960512100489,180.232002831221,0.971114205180835));
#2719=CARTESIAN_POINT('Ctrl Pts',(-0.511581778496893,180.232002831221,0.869085383351902));
#2720=CARTESIAN_POINT('Ctrl Pts',(-0.620282707896467,180.232002831221,0.795157017154846));
#2721=CARTESIAN_POINT('Ctrl Pts',(-0.803228260361726,180.232002831221,0.609794786302934));
#2722=CARTESIAN_POINT('Ctrl Pts',(-0.875723824232814,180.232002831221,0.500133085605243));
#2723=CARTESIAN_POINT('Ctrl Pts',(-0.974599411437666,180.232002831221,0.259193570273879));
#2724=CARTESIAN_POINT('Ctrl Pts',(-1.0000341302664,180.232002831221,0.130219268728956));
#2725=CARTESIAN_POINT('Ctrl Pts',(-1.0000341302664,180.232002831221,-6.93889390390723E-17));
#2726=CARTESIAN_POINT('Ctrl Pts',(-8.99766365987041,70.0000010430813,-1.10189600008648E-15));
#2727=CARTESIAN_POINT('Ctrl Pts',(-8.99766365987041,70.0000010430813,8.99766365987041));
#2728=CARTESIAN_POINT('Ctrl Pts',(-1.10189600008648E-15,70.0000010430813,
8.99766365987041));
#2729=CARTESIAN_POINT('Ctrl Pts',(8.99766365987041,70.0000010430813,8.99766365987041));
#2730=CARTESIAN_POINT('Ctrl Pts',(8.99766365987041,70.0000010430813,1.10189600008648E-15));
#2731=CARTESIAN_POINT('Ctrl Pts',(-7.71596407964302,96.5030361396716,-9.44933071247078E-16));
#2732=CARTESIAN_POINT('Ctrl Pts',(-7.71596407964302,96.5030361396716,7.71596407964302));
#2733=CARTESIAN_POINT('Ctrl Pts',(-9.44933071247078E-16,96.5030361396716,
7.71596407964302));
#2734=CARTESIAN_POINT('Ctrl Pts',(7.71596407964302,96.5030361396716,7.71596407964302));
#2735=CARTESIAN_POINT('Ctrl Pts',(7.71596407964302,96.5030361396716,9.44933071247078E-16));
#2736=CARTESIAN_POINT('Ctrl Pts',(-6.43436672861523,119.000990733336,-7.87982661873887E-16));
#2737=CARTESIAN_POINT('Ctrl Pts',(-6.43436672861523,119.000990733336,6.43436672861523));
#2738=CARTESIAN_POINT('Ctrl Pts',(-7.87982661873887E-16,119.000990733336,
6.43436672861523));
#2739=CARTESIAN_POINT('Ctrl Pts',(6.43436672861523,119.000990733336,6.43436672861523));
#2740=CARTESIAN_POINT('Ctrl Pts',(6.43436672861523,119.000990733336,7.87982661873887E-16));
#2741=CARTESIAN_POINT('Ctrl Pts',(-5.15375785846194,137.197226071352,-6.31153306494593E-16));
#2742=CARTESIAN_POINT('Ctrl Pts',(-5.15375785846194,137.197226071352,5.15375785846194));
#2743=CARTESIAN_POINT('Ctrl Pts',(-6.31153306494593E-16,137.197226071352,
5.15375785846194));
#2744=CARTESIAN_POINT('Ctrl Pts',(5.15375785846194,137.197226071352,5.15375785846194));
#2745=CARTESIAN_POINT('Ctrl Pts',(5.15375785846194,137.197226071352,6.31153306494593E-16));
#2746=CARTESIAN_POINT('Ctrl Pts',(-4.06278906909805,152.698856038446,-4.97548162908178E-16));
#2747=CARTESIAN_POINT('Ctrl Pts',(-4.06278906909805,152.698856038446,4.06278906909805));
#2748=CARTESIAN_POINT('Ctrl Pts',(-4.97548162908178E-16,152.698856038446,
4.06278906909805));
#2749=CARTESIAN_POINT('Ctrl Pts',(4.06278906909805,152.698856038446,4.06278906909805));
#2750=CARTESIAN_POINT('Ctrl Pts',(4.06278906909805,152.698856038446,4.97548162908178E-16));
#2751=CARTESIAN_POINT('Ctrl Pts',(-2.9713426115763,165.061736114439,-3.63884521843705E-16));
#2752=CARTESIAN_POINT('Ctrl Pts',(-2.9713426115763,165.061736114439,2.9713426115763));
#2753=CARTESIAN_POINT('Ctrl Pts',(-3.63884521843705E-16,165.061736114439,
2.9713426115763));
#2754=CARTESIAN_POINT('Ctrl Pts',(2.9713426115763,165.061736114439,2.9713426115763));
#2755=CARTESIAN_POINT('Ctrl Pts',(2.9713426115763,165.061736114439,3.63884521843705E-16));
#2756=CARTESIAN_POINT('Ctrl Pts',(-1.88700525194703,173.84332326323,-2.31091494177117E-16));
#2757=CARTESIAN_POINT('Ctrl Pts',(-1.88700525194703,173.84332326323,1.88700525194703));
#2758=CARTESIAN_POINT('Ctrl Pts',(-2.31091494177117E-16,173.84332326323,
1.88700525194703));
#2759=CARTESIAN_POINT('Ctrl Pts',(1.88700525194703,173.84332326323,1.88700525194703));
#2760=CARTESIAN_POINT('Ctrl Pts',(1.88700525194703,173.84332326323,2.31091494177117E-16));
#2761=CARTESIAN_POINT('Ctrl Pts',(-1.42134200979272,177.614531832825,-1.74064194278633E-16));
#2762=CARTESIAN_POINT('Ctrl Pts',(-1.42134200979272,177.614531832825,1.42134200979272));
#2763=CARTESIAN_POINT('Ctrl Pts',(-1.74064194278633E-16,177.614531832825,
1.42134200979272));
#2764=CARTESIAN_POINT('Ctrl Pts',(1.42134200979272,177.614531832825,1.42134200979272));
#2765=CARTESIAN_POINT('Ctrl Pts',(1.42134200979272,177.614531832825,1.74064194278633E-16));
#2766=CARTESIAN_POINT('Ctrl Pts',(-0.956067745782508,180.726478952327,-1.17084530464057E-16));
#2767=CARTESIAN_POINT('Ctrl Pts',(-0.956067745782508,180.726478952327,0.956067745782507));
#2768=CARTESIAN_POINT('Ctrl Pts',(-1.17084530464057E-16,180.726478952327,
0.956067745782508));
#2769=CARTESIAN_POINT('Ctrl Pts',(0.956067745782507,180.726478952327,0.956067745782508));
#2770=CARTESIAN_POINT('Ctrl Pts',(0.956067745782508,180.726478952327,1.17084530464057E-16));
#2771=CARTESIAN_POINT('Ctrl Pts',(-0.500000008730174,183.1183497142,-6.12323410265056E-17));
#2772=CARTESIAN_POINT('Ctrl Pts',(-0.500000008730174,183.1183497142,0.500000008730173));
#2773=CARTESIAN_POINT('Ctrl Pts',(-6.12323410265056E-17,183.1183497142,
0.500000008730174));
#2774=CARTESIAN_POINT('Ctrl Pts',(0.500000008730173,183.1183497142,0.500000008730174));
#2775=CARTESIAN_POINT('Ctrl Pts',(0.500000008730174,183.1183497142,6.12323410265056E-17));
#2776=CARTESIAN_POINT('Ctrl Pts',(8.99766365987041,70.0000010430813,2.20379200017295E-15));
#2777=CARTESIAN_POINT('Ctrl Pts',(7.71596407964302,96.5030361396716,1.88986614249416E-15));
#2778=CARTESIAN_POINT('Ctrl Pts',(6.43436672861523,119.000990733336,1.57596532374777E-15));
#2779=CARTESIAN_POINT('Ctrl Pts',(5.15375785846194,137.197226071352,1.26230661298919E-15));
#2780=CARTESIAN_POINT('Ctrl Pts',(4.06278906909805,152.698856038446,9.95096325816356E-16));
#2781=CARTESIAN_POINT('Ctrl Pts',(2.9713426115763,165.061736114439,7.2776904368741E-16));
#2782=CARTESIAN_POINT('Ctrl Pts',(1.88700525194703,173.84332326323,4.62182988354234E-16));
#2783=CARTESIAN_POINT('Ctrl Pts',(1.83850616966199,174.236096705867,4.50304139177844E-16));
#2784=CARTESIAN_POINT('Ctrl Pts',(1.79003631143358,174.621599226756,4.38432447830932E-16));
#2785=CARTESIAN_POINT('Ctrl Pts',(1.74157044920535,175.000002830979,4.26561735221789E-16));
#2786=CARTESIAN_POINT('',(-8.99766365987041,70.0000010430813,-1.10189600008648E-15));
#2787=CARTESIAN_POINT('Origin',(-1.39790471336855E-15,70.0000010430813,
-2.22044604925031E-15));
#2788=CARTESIAN_POINT('Ctrl Pts',(-8.99766365987041,70.0000010430813,-1.10189600008648E-15));
#2789=CARTESIAN_POINT('Ctrl Pts',(-7.71596407964302,96.5030361396716,-9.44933071247078E-16));
#2790=CARTESIAN_POINT('Ctrl Pts',(-6.43436672861523,119.000990733336,-7.87982661873887E-16));
#2791=CARTESIAN_POINT('Ctrl Pts',(-5.15375785846194,137.197226071352,-6.31153306494593E-16));
#2792=CARTESIAN_POINT('Ctrl Pts',(-4.06278906909805,152.698856038446,-4.97548162908178E-16));
#2793=CARTESIAN_POINT('Ctrl Pts',(-2.9713426115763,165.061736114439,-3.63884521843705E-16));
#2794=CARTESIAN_POINT('Ctrl Pts',(-1.88700525194703,173.84332326323,-2.31091494177117E-16));
#2795=CARTESIAN_POINT('Ctrl Pts',(-1.83850616966199,174.236096705867,-2.25152069588922E-16));
#2796=CARTESIAN_POINT('Ctrl Pts',(-1.79003631143358,174.621599226756,-2.19216223915466E-16));
#2797=CARTESIAN_POINT('Ctrl Pts',(-1.74157044920535,175.000002830979,-2.13280867610894E-16));
#2798=CARTESIAN_POINT('',(2.00000002980232,74.0000011026859,8.57249884040687));
#2799=CARTESIAN_POINT('Ctrl Pts',(-2.00000002980232,74.0000011026859,8.57249884040688));
#2800=CARTESIAN_POINT('Ctrl Pts',(-1.34488525660701,74.0000011026859,8.72533987197853));
#2801=CARTESIAN_POINT('Ctrl Pts',(-0.673839320925853,74.000001102686,8.80271188259542));
#2802=CARTESIAN_POINT('Ctrl Pts',(0.673839320925857,74.0000011026859,8.80271188259542));
#2803=CARTESIAN_POINT('Ctrl Pts',(1.34488525660702,74.0000011026859,8.72533987197853));
#2804=CARTESIAN_POINT('Ctrl Pts',(2.00000002980232,74.0000011026859,8.57249884040688));
#2805=CARTESIAN_POINT('Ctrl Pts',(2.00000002980232,74.0000011026859,8.57249884040687));
#2806=CARTESIAN_POINT('Ctrl Pts',(2.00000002980232,74.4999975799336,8.5472787597642));
#2807=CARTESIAN_POINT('Ctrl Pts',(2.00000002980232,75.0000129012611,8.52197698738365));
#2808=CARTESIAN_POINT('Ctrl Pts',(2.00000002980232,75.5000011250377,8.4965942180045));
#2809=CARTESIAN_POINT('Origin',(0.,175.000002831221,0.));
#2810=CARTESIAN_POINT('',(-1.00000001490116,188.922299748782,-1.22464681739601E-16));
#2811=CARTESIAN_POINT('',(-1.00000001490116,175.000002831221,1.22464681739601E-16));
#2812=CARTESIAN_POINT('Ctrl Pts',(-0.923879546278164,188.922299748782,-0.382683438067516));
#2813=CARTESIAN_POINT('Ctrl Pts',(-0.895665625601892,188.922299748782,-0.450797868011892));
#2814=CARTESIAN_POINT('Ctrl Pts',(-0.860005275248056,188.922299748783,-0.515583705360963));
#2815=CARTESIAN_POINT('Ctrl Pts',(-0.775093141572589,188.922299748783,-0.636133832283238));
#2816=CARTESIAN_POINT('Ctrl Pts',(-0.726101178010212,188.922299748783,-0.691529254609236));
#2817=CARTESIAN_POINT('Ctrl Pts',(-0.574973660782223,188.922299748783,-0.828469202942039));
#2818=CARTESIAN_POINT('Ctrl Pts',(-0.462324554365393,188.922299748783,-0.896220919889493));
#2819=CARTESIAN_POINT('Ctrl Pts',(-0.217396767727798,188.922299748783,-0.984730712529184));
#2820=CARTESIAN_POINT('Ctrl Pts',(-0.0874597306433074,188.922299748783,
-1.0046425863622));
#2821=CARTESIAN_POINT('Ctrl Pts',(0.172733098673381,188.922299748783,-0.993538729712848));
#2822=CARTESIAN_POINT('Ctrl Pts',(0.300501305641196,188.922299748783,-0.962629158152123));
#2823=CARTESIAN_POINT('Ctrl Pts',(0.536997925699838,188.922299748783,-0.853574342755685));
#2824=CARTESIAN_POINT('Ctrl Pts',(0.643465302202227,188.922299748783,-0.776471722394657));
#2825=CARTESIAN_POINT('Ctrl Pts',(0.82085272940683,188.922299748783,-0.585795806951609));
#2826=CARTESIAN_POINT('Ctrl Pts',(0.890076859621305,188.922299748783,-0.474045477547675));
#2827=CARTESIAN_POINT('Ctrl Pts',(0.981793115842227,188.922299748783,-0.230300257276321));
#2828=CARTESIAN_POINT('Ctrl Pts',(1.00340838444996,188.922299748783,-0.100635703566165));
#2829=CARTESIAN_POINT('Ctrl Pts',(0.99571988535,188.922299748783,0.159680433163587));
#2830=CARTESIAN_POINT('Ctrl Pts',(0.966489623884268,188.922299748783,0.287843252032724));
#2831=CARTESIAN_POINT('Ctrl Pts',(0.860547644658982,188.922299748783,0.525750589242282));
#2832=CARTESIAN_POINT('Ctrl Pts',(0.78484878996369,188.922299748783,0.633220583769401));
#2833=CARTESIAN_POINT('Ctrl Pts',(0.596517073492367,188.922299748783,0.813094897197634));
#2834=CARTESIAN_POINT('Ctrl Pts',(0.485684765574567,188.922299748783,0.883779519623252));
#2835=CARTESIAN_POINT('Ctrl Pts',(0.24316408692262,188.922299748783,0.978686445010769));
#2836=CARTESIAN_POINT('Ctrl Pts',(0.113794346060429,188.922299748783,1.00200138603767));
#2837=CARTESIAN_POINT('Ctrl Pts',(-0.146600269159258,188.922299748783,0.997729568520028));
#2838=CARTESIAN_POINT('Ctrl Pts',(-0.275135629069157,188.922299748783,0.970183650879279));
#2839=CARTESIAN_POINT('Ctrl Pts',(-0.514412713515643,188.922299748783,0.867372752045049));
#2840=CARTESIAN_POINT('Ctrl Pts',(-0.622866818708772,188.922299748783,0.793090699080718));
#2841=CARTESIAN_POINT('Ctrl Pts',(-0.805197042287194,188.922299748783,0.607135614100081));
#2842=CARTESIAN_POINT('Ctrl Pts',(-0.87732998435738,188.922299748783,0.49724041404959));
#2843=CARTESIAN_POINT('Ctrl Pts',(-0.975411235033176,188.922299748783,0.255986041392462));
#2844=CARTESIAN_POINT('Ctrl Pts',(-1.00042183342389,188.922299748783,0.126933392082281));
#2845=CARTESIAN_POINT('Ctrl Pts',(-0.99956743313631,188.922299748783,-0.133494859189469));
#2846=CARTESIAN_POINT('Ctrl Pts',(-0.973710602990763,188.922299748782,-0.262380625124577));
#2847=CARTESIAN_POINT('Ctrl Pts',(-0.923879546278164,188.922299748782,-0.382683438067517));
#2848=CARTESIAN_POINT('Origin',(-2.00000002980232,74.0000011026859,0.));
#2849=CARTESIAN_POINT('',(2.00000002980232,74.0000011026859,0.));
#2850=CARTESIAN_POINT('Origin',(2.00000002980232,74.0000011026859,0.));
#2851=CARTESIAN_POINT('Origin',(-11.0000001639128,70.0000010430813,-1.34711149913561E-15));
#2852=CARTESIAN_POINT('',(-11.0000001639128,70.0000010430813,-1.34711149913561E-15));
#2853=CARTESIAN_POINT('Origin',(8.43038688586294E-16,70.0000010430813,4.44089209850063E-15));
#2854=CARTESIAN_POINT('',(-11.0000001639128,70.0000010430813,-1.34711149913561E-15));
#2855=CARTESIAN_POINT('Origin',(0.,175.000002831221,-5.49328674885739));
#2856=CARTESIAN_POINT('',(-3.75777433383261,175.000002831221,-4.60194630984618E-16));
#2857=CARTESIAN_POINT('',(3.75777433383261,175.000002831221,9.20389261969236E-16));
#2858=CARTESIAN_POINT('Ctrl Pts',(-3.7577743338326,175.000002831221,1.46469641970626E-12));
#2859=CARTESIAN_POINT('Ctrl Pts',(-3.75777433383265,175.000002831221,-0.115056136913504));
#2860=CARTESIAN_POINT('Ctrl Pts',(-3.75249025074363,175.000002831221,-0.230246093871456));
#2861=CARTESIAN_POINT('Ctrl Pts',(-3.6969335778516,175.000002831221,-0.832455462432916));
#2862=CARTESIAN_POINT('Ctrl Pts',(-3.55724178070842,175.000002831221,-1.30626601026108));
#2863=CARTESIAN_POINT('Ctrl Pts',(-3.33067203777802,175.000002831221,-1.73996888500187));
#2864=CARTESIAN_POINT('Ctrl Pts',(-3.20239017549321,175.000002831221,-1.98552776559396));
#2865=CARTESIAN_POINT('Ctrl Pts',(-3.04734453351731,175.000002831221,-2.21614860469287));
#2866=CARTESIAN_POINT('Ctrl Pts',(-2.68938408914808,175.000002831221,-2.63909768009392));
#2867=CARTESIAN_POINT('Ctrl Pts',(-2.48756459778462,175.000002831221,-2.83013174885704));
#2868=CARTESIAN_POINT('Ctrl Pts',(-1.87630353500918,175.000002831221,-3.29238287878143));
#2869=CARTESIAN_POINT('Ctrl Pts',(-1.43210178886913,175.000002831221,-3.50847323522624));
#2870=CARTESIAN_POINT('Ctrl Pts',(-0.485870390503831,175.000002831221,-3.75822164588688));
#2871=CARTESIAN_POINT('Ctrl Pts',(0.00711277381709272,175.000002831221,
-3.7894919691734));
#2872=CARTESIAN_POINT('Ctrl Pts',(0.97731694458747,175.000002831221,-3.66130462619586));
#2873=CARTESIAN_POINT('Ctrl Pts',(1.44526227036223,175.000002831221,-3.50307250079818));
#2874=CARTESIAN_POINT('Ctrl Pts',(2.29416092425087,175.000002831221,-3.01614416592135));
#2875=CARTESIAN_POINT('Ctrl Pts',(2.66699831854807,175.000002831221,-2.69210325672007));
#2876=CARTESIAN_POINT('Ctrl Pts',(3.26747744395792,175.000002831221,-1.91934653702953));
#2877=CARTESIAN_POINT('Ctrl Pts',(3.48937826734526,175.000002831221,-1.47801870196546));
#2878=CARTESIAN_POINT('Ctrl Pts',(3.71175836308879,175.000002831221,-0.678167585249799));
#2879=CARTESIAN_POINT('Ctrl Pts',(3.75777433383256,175.000002831221,-0.339516056381196));
#2880=CARTESIAN_POINT('Ctrl Pts',(3.7577743338326,175.000002831221,-4.4728110104586E-13));
#2881=CARTESIAN_POINT('',(2.87262652116262,175.000002831221,1.11022302462516E-15));
#2882=CARTESIAN_POINT('',(-2.87262652116262,175.000002831221,0.));
#2883=CARTESIAN_POINT('Origin',(5.74525304232525,129.860409940912,1.40718114971504E-15));
#2884=CARTESIAN_POINT('Ctrl Pts',(3.75777433383163,175.000002831228,9.20389261968998E-16));
#2885=CARTESIAN_POINT('Ctrl Pts',(3.88621948018032,173.988870117724,9.51849249437385E-16));
#2886=CARTESIAN_POINT('Ctrl Pts',(4.45466463308625,169.332577144203,1.0910781568368E-15));
#2887=CARTESIAN_POINT('Ctrl Pts',(5.46310979254903,159.658476780339,1.33807598416715E-15));
#2888=CARTESIAN_POINT('Ctrl Pts',(6.91155495856767,142.286183641998,1.69284273142818E-15));
#2889=CARTESIAN_POINT('Ctrl Pts',(8.36000012458394,120.238686829098,2.04760947868864E-15));
#2890=CARTESIAN_POINT('Ctrl Pts',(9.6800001442494,96.5102918546256,2.37091623848019E-15));
#2891=CARTESIAN_POINT('Ctrl Pts',(10.5600001573585,79.1017140673102,2.58645407834093E-15));
#2892=CARTESIAN_POINT('Ctrl Pts',(11.0000001639128,70.0000010430813,2.69422299827123E-15));
#2893=CARTESIAN_POINT('Ctrl Pts',(6.93889390390723E-17,190.,1.15555796663234E-32));
#2894=CARTESIAN_POINT('Ctrl Pts',(6.93889390390723E-17,190.,-6.93889390390723E-17));
#2895=CARTESIAN_POINT('Ctrl Pts',(1.15555796663234E-32,190.,-6.93889390390723E-17));
#2896=CARTESIAN_POINT('Ctrl Pts',(-6.93889390390723E-17,190.,-6.93889390390723E-17));
#2897=CARTESIAN_POINT('Ctrl Pts',(-6.93889390390723E-17,190.,-1.15555796663234E-32));
#2898=CARTESIAN_POINT('Ctrl Pts',(-6.93889390390723E-17,190.,6.93889390390723E-17));
#2899=CARTESIAN_POINT('Ctrl Pts',(-1.15555796663234E-32,190.,6.93889390390723E-17));
#2900=CARTESIAN_POINT('Ctrl Pts',(6.93889390390723E-17,190.,6.93889390390723E-17));
#2901=CARTESIAN_POINT('Ctrl Pts',(6.93889390390723E-17,190.,1.15555796663234E-32));
#2902=CARTESIAN_POINT('Ctrl Pts',(-0.440000006557657,189.999999999991,-5.38844599655649E-17));
#2903=CARTESIAN_POINT('Ctrl Pts',(-0.440000006557657,189.999999999991,0.440000006557657));
#2904=CARTESIAN_POINT('Ctrl Pts',(-5.38844599655649E-17,189.999999999991,
0.440000006557657));
#2905=CARTESIAN_POINT('Ctrl Pts',(0.440000006557657,189.999999999991,0.440000006557657));
#2906=CARTESIAN_POINT('Ctrl Pts',(0.440000006557657,189.999999999991,5.38844599655649E-17));
#2907=CARTESIAN_POINT('Ctrl Pts',(0.440000006557657,189.999999999991,-0.440000006557657));
#2908=CARTESIAN_POINT('Ctrl Pts',(5.38844599655649E-17,189.999999999991,
-0.440000006557657));
#2909=CARTESIAN_POINT('Ctrl Pts',(-0.440000006557657,189.999999999991,-0.440000006557657));
#2910=CARTESIAN_POINT('Ctrl Pts',(-0.440000006557657,189.999999999991,-5.38844599655649E-17));
#2911=CARTESIAN_POINT('Ctrl Pts',(-1.32000001967299,188.955420715419,-1.61653379896697E-16));
#2912=CARTESIAN_POINT('Ctrl Pts',(-1.32000001967299,188.955420715419,1.32000001967299));
#2913=CARTESIAN_POINT('Ctrl Pts',(-1.61653379896697E-16,188.955420715419,
1.32000001967299));
#2914=CARTESIAN_POINT('Ctrl Pts',(1.32000001967299,188.955420715419,1.32000001967299));
#2915=CARTESIAN_POINT('Ctrl Pts',(1.32000001967299,188.955420715419,1.61653379896697E-16));
#2916=CARTESIAN_POINT('Ctrl Pts',(1.32000001967299,188.955420715419,-1.32000001967299));
#2917=CARTESIAN_POINT('Ctrl Pts',(1.61653379896697E-16,188.955420715419,
-1.32000001967299));
#2918=CARTESIAN_POINT('Ctrl Pts',(-1.32000001967299,188.955420715419,-1.32000001967299));
#2919=CARTESIAN_POINT('Ctrl Pts',(-1.32000001967299,188.955420715419,-1.61653379896697E-16));
#2920=CARTESIAN_POINT('Ctrl Pts',(-2.64000003934592,184.254813934896,-3.23306759793386E-16));
#2921=CARTESIAN_POINT('Ctrl Pts',(-2.64000003934592,184.254813934896,2.64000003934591));
#2922=CARTESIAN_POINT('Ctrl Pts',(-3.23306759793386E-16,184.254813934896,
2.64000003934592));
#2923=CARTESIAN_POINT('Ctrl Pts',(2.64000003934591,184.254813934896,2.64000003934592));
#2924=CARTESIAN_POINT('Ctrl Pts',(2.64000003934592,184.254813934896,3.23306759793386E-16));
#2925=CARTESIAN_POINT('Ctrl Pts',(2.64000003934592,184.254813934896,-2.64000003934591));
#2926=CARTESIAN_POINT('Ctrl Pts',(3.23306759793386E-16,184.254813934896,
-2.64000003934592));
#2927=CARTESIAN_POINT('Ctrl Pts',(-2.64000003934591,184.254813934896,-2.64000003934592));
#2928=CARTESIAN_POINT('Ctrl Pts',(-2.64000003934592,184.254813934896,-3.23306759793386E-16));
#2929=CARTESIAN_POINT('Ctrl Pts',(-4.4000000655757,171.887366891298,-5.38844599655542E-16));
#2930=CARTESIAN_POINT('Ctrl Pts',(-4.4000000655757,171.887366891298,4.40000006557569));
#2931=CARTESIAN_POINT('Ctrl Pts',(-5.38844599655542E-16,171.887366891298,
4.4000000655757));
#2932=CARTESIAN_POINT('Ctrl Pts',(4.40000006557569,171.887366891298,4.4000000655757));
#2933=CARTESIAN_POINT('Ctrl Pts',(4.4000000655757,171.887366891298,5.38844599655542E-16));
#2934=CARTESIAN_POINT('Ctrl Pts',(4.4000000655757,171.887366891298,-4.40000006557569));
#2935=CARTESIAN_POINT('Ctrl Pts',(5.38844599655542E-16,171.887366891298,
-4.4000000655757));
#2936=CARTESIAN_POINT('Ctrl Pts',(-4.40000006557569,171.887366891298,-4.4000000655757));
#2937=CARTESIAN_POINT('Ctrl Pts',(-4.4000000655757,171.887366891298,-5.38844599655542E-16));
#2938=CARTESIAN_POINT('Ctrl Pts',(-6.60000009835999,147.028513520018,-8.08266899482878E-16));
#2939=CARTESIAN_POINT('Ctrl Pts',(-6.60000009835999,147.028513520018,6.60000009835999));
#2940=CARTESIAN_POINT('Ctrl Pts',(-8.08266899482878E-16,147.028513520018,
6.60000009835999));
#2941=CARTESIAN_POINT('Ctrl Pts',(6.60000009835999,147.028513520018,6.60000009835999));
#2942=CARTESIAN_POINT('Ctrl Pts',(6.60000009835999,147.028513520018,8.08266899482878E-16));
#2943=CARTESIAN_POINT('Ctrl Pts',(6.60000009835999,147.028513520018,-6.60000009835999));
#2944=CARTESIAN_POINT('Ctrl Pts',(8.08266899482878E-16,147.028513520018,
-6.60000009835999));
#2945=CARTESIAN_POINT('Ctrl Pts',(-6.60000009835999,147.028513520018,-6.60000009835999));
#2946=CARTESIAN_POINT('Ctrl Pts',(-6.60000009835999,147.028513520018,-8.08266899482878E-16));
#2947=CARTESIAN_POINT('Ctrl Pts',(-8.36000012458394,120.238686829098,-1.02380473934432E-15));
#2948=CARTESIAN_POINT('Ctrl Pts',(-8.36000012458394,120.238686829098,8.36000012458394));
#2949=CARTESIAN_POINT('Ctrl Pts',(-1.02380473934432E-15,120.238686829098,
8.36000012458394));
#2950=CARTESIAN_POINT('Ctrl Pts',(8.36000012458394,120.238686829098,8.36000012458394));
#2951=CARTESIAN_POINT('Ctrl Pts',(8.36000012458394,120.238686829098,1.02380473934432E-15));
#2952=CARTESIAN_POINT('Ctrl Pts',(8.36000012458394,120.238686829098,-8.36000012458394));
#2953=CARTESIAN_POINT('Ctrl Pts',(1.02380473934432E-15,120.238686829098,
-8.36000012458394));
#2954=CARTESIAN_POINT('Ctrl Pts',(-8.36000012458394,120.238686829098,-8.36000012458394));
#2955=CARTESIAN_POINT('Ctrl Pts',(-8.36000012458394,120.238686829098,-1.02380473934432E-15));
#2956=CARTESIAN_POINT('Ctrl Pts',(-9.6800001442494,96.5102918546256,-1.1854581192401E-15));
#2957=CARTESIAN_POINT('Ctrl Pts',(-9.6800001442494,96.5102918546256,9.6800001442494));
#2958=CARTESIAN_POINT('Ctrl Pts',(-1.1854581192401E-15,96.5102918546256,
9.6800001442494));
#2959=CARTESIAN_POINT('Ctrl Pts',(9.6800001442494,96.5102918546256,9.6800001442494));
#2960=CARTESIAN_POINT('Ctrl Pts',(9.6800001442494,96.5102918546256,1.1854581192401E-15));
#2961=CARTESIAN_POINT('Ctrl Pts',(9.6800001442494,96.5102918546256,-9.6800001442494));
#2962=CARTESIAN_POINT('Ctrl Pts',(1.1854581192401E-15,96.5102918546256,
-9.6800001442494));
#2963=CARTESIAN_POINT('Ctrl Pts',(-9.6800001442494,96.5102918546256,-9.6800001442494));
#2964=CARTESIAN_POINT('Ctrl Pts',(-9.6800001442494,96.5102918546256,-1.1854581192401E-15));
#2965=CARTESIAN_POINT('Ctrl Pts',(-10.5600001573585,79.1017140673102,-1.29322703917047E-15));
#2966=CARTESIAN_POINT('Ctrl Pts',(-10.5600001573585,79.1017140673102,10.5600001573585));
#2967=CARTESIAN_POINT('Ctrl Pts',(-1.29322703917047E-15,79.1017140673102,
10.5600001573585));
#2968=CARTESIAN_POINT('Ctrl Pts',(10.5600001573585,79.1017140673102,10.5600001573585));
#2969=CARTESIAN_POINT('Ctrl Pts',(10.5600001573585,79.1017140673102,1.29322703917047E-15));
#2970=CARTESIAN_POINT('Ctrl Pts',(10.5600001573585,79.1017140673102,-10.5600001573585));
#2971=CARTESIAN_POINT('Ctrl Pts',(1.29322703917047E-15,79.1017140673102,
-10.5600001573585));
#2972=CARTESIAN_POINT('Ctrl Pts',(-10.5600001573585,79.1017140673102,-10.5600001573585));
#2973=CARTESIAN_POINT('Ctrl Pts',(-10.5600001573585,79.1017140673102,-1.29322703917047E-15));
#2974=CARTESIAN_POINT('Ctrl Pts',(-11.0000001639128,70.0000010430813,-1.34711149913561E-15));
#2975=CARTESIAN_POINT('Ctrl Pts',(-11.0000001639128,70.0000010430813,11.0000001639128));
#2976=CARTESIAN_POINT('Ctrl Pts',(-1.34711149913561E-15,70.0000010430813,
11.0000001639128));
#2977=CARTESIAN_POINT('Ctrl Pts',(11.0000001639128,70.0000010430813,11.0000001639128));
#2978=CARTESIAN_POINT('Ctrl Pts',(11.0000001639128,70.0000010430813,1.34711149913561E-15));
#2979=CARTESIAN_POINT('Ctrl Pts',(11.0000001639128,70.0000010430813,-11.0000001639128));
#2980=CARTESIAN_POINT('Ctrl Pts',(1.34711149913561E-15,70.0000010430813,
-11.0000001639128));
#2981=CARTESIAN_POINT('Ctrl Pts',(-11.0000001639128,70.0000010430813,-11.0000001639128));
#2982=CARTESIAN_POINT('Ctrl Pts',(-11.0000001639128,70.0000010430813,-1.34711149913561E-15));
#2983=CARTESIAN_POINT('Ctrl Pts',(-3.75777433383261,175.000002831221,-4.60194630984618E-16));
#2984=CARTESIAN_POINT('Ctrl Pts',(-3.44621947362382,177.452593062643,-4.22040164753269E-16));
#2985=CARTESIAN_POINT('Ctrl Pts',(-2.8946646098377,181.367471263046,-3.54494174904286E-16));
#2986=CARTESIAN_POINT('Ctrl Pts',(-2.34310974605142,184.512423094816,-2.86948185055284E-16));
#2987=CARTESIAN_POINT('Ctrl Pts',(-1.79155488226503,186.863935343081,-2.19402195206268E-16));
#2988=CARTESIAN_POINT('Ctrl Pts',(-1.24000001847859,188.405661721578,-1.51856205357247E-16));
#2989=CARTESIAN_POINT('Ctrl Pts',(-1.00000001490116,188.922299748782,-1.22464681739601E-16));
#2990=CARTESIAN_POINT('Ctrl Pts',(-11.0000001639128,70.0000010430813,-1.34711149913561E-15));
#2991=CARTESIAN_POINT('Ctrl Pts',(-10.5600001573585,79.1017140673102,-1.29322703917047E-15));
#2992=CARTESIAN_POINT('Ctrl Pts',(-9.6800001442494,96.5102918546256,-1.1854581192401E-15));
#2993=CARTESIAN_POINT('Ctrl Pts',(-8.36000012458394,120.238686829098,-1.02380473934432E-15));
#2994=CARTESIAN_POINT('Ctrl Pts',(-6.91155495856767,142.286183641998,-8.46421365714091E-16));
#2995=CARTESIAN_POINT('Ctrl Pts',(-5.46310979254903,159.658476780339,-6.69037992083574E-16));
#2996=CARTESIAN_POINT('Ctrl Pts',(-4.45466463308625,169.332577144203,-5.45539078418399E-16));
#2997=CARTESIAN_POINT('Ctrl Pts',(-3.88621948018032,173.988870117724,-4.75924624718693E-16));
#2998=CARTESIAN_POINT('Ctrl Pts',(-3.75777433383163,175.000002831228,-4.60194630984499E-16));
#2999=CARTESIAN_POINT('Origin',(-5.74525304232525,129.860409940912,-7.0359057485752E-16));
#3000=CARTESIAN_POINT('Origin',(-0.2,8.00000011920929,35.0000005215406));
#3001=CARTESIAN_POINT('',(0.05,73.0000010877848,10.0000001490116));
#3002=CARTESIAN_POINT('Origin',(-0.2,73.0000010877848,10.0000001490116));
#3003=CARTESIAN_POINT('',(0.05,8.00000011920929,35.0000005215406));
#3004=CARTESIAN_POINT('',(0.05,8.00000011920929,35.0000005215406));
#3005=CARTESIAN_POINT('Origin',(-0.2,8.00000011920929,35.0000005215406));
#3006=CARTESIAN_POINT('Origin',(-0.2,73.0000010877848,10.0000001490116));
#3007=CARTESIAN_POINT('Origin',(-0.2,8.00000011920929,35.0000005215406));
#3008=UNCERTAINTY_MEASURE_WITH_UNIT(LENGTH_MEASURE(0.01),#3012,
'DISTANCE_ACCURACY_VALUE',
'Maximum model space distance between geometric entities at asserted c
onnectivities');
#3009=UNCERTAINTY_MEASURE_WITH_UNIT(LENGTH_MEASURE(0.01),#3012,
'DISTANCE_ACCURACY_VALUE',
'Maximum model space distance between geometric entities at asserted c
onnectivities');
#3010=(
GEOMETRIC_REPRESENTATION_CONTEXT(3)
GLOBAL_UNCERTAINTY_ASSIGNED_CONTEXT((#3008))
GLOBAL_UNIT_ASSIGNED_CONTEXT((#3012,#3014,#3015))
REPRESENTATION_CONTEXT('','3D')
);
#3011=(
GEOMETRIC_REPRESENTATION_CONTEXT(3)
GLOBAL_UNCERTAINTY_ASSIGNED_CONTEXT((#3009))
GLOBAL_UNIT_ASSIGNED_CONTEXT((#3012,#3014,#3015))
REPRESENTATION_CONTEXT('','3D')
);
#3012=(
LENGTH_UNIT()
NAMED_UNIT(*)
SI_UNIT(.MILLI.,.METRE.)
);
#3013=(
LENGTH_UNIT()
NAMED_UNIT(*)
SI_UNIT($,.METRE.)
);
#3014=(
NAMED_UNIT(*)
PLANE_ANGLE_UNIT()
SI_UNIT($,.RADIAN.)
);
#3015=(
NAMED_UNIT(*)
SI_UNIT($,.STERADIAN.)
SOLID_ANGLE_UNIT()
);
#3016=SHAPE_DEFINITION_REPRESENTATION(#3017,#3018);
#3017=PRODUCT_DEFINITION_SHAPE('',$,#3020);
#3018=SHAPE_REPRESENTATION('',(#1364),#3010);
#3019=PRODUCT_DEFINITION_CONTEXT('part definition',#3024,'design');
#3020=PRODUCT_DEFINITION('\X2\3064304F3070FF3F30ED30B130C330C8\X0\',
'\X2\3064304F3070FF3F30ED30B130C330C8\X0\ v13',#3021,#3019);
#3021=PRODUCT_DEFINITION_FORMATION('',$,#3026);
#3022=PRODUCT_RELATED_PRODUCT_CATEGORY('\X2\3064304F3070FF3F30ED30B130C330C8\X0\ 
v13','\X2\3064304F3070FF3F30ED30B130C330C8\X0\ v13',(#3026));
#3023=APPLICATION_PROTOCOL_DEFINITION('international standard',
'automotive_design',2009,#3024);
#3024=APPLICATION_CONTEXT(
'Core Data for Automotive Mechanical Design Process');
#3025=PRODUCT_CONTEXT('part definition',#3024,'mechanical');
#3026=PRODUCT('\X2\3064304F3070FF3F30ED30B130C330C8\X0\',
'\X2\3064304F3070FF3F30ED30B130C330C8\X0\ v13',$,(#3025));
#3027=PRESENTATION_STYLE_ASSIGNMENT((#3028));
#3028=SURFACE_STYLE_USAGE(.BOTH.,#3029);
#3029=SURFACE_SIDE_STYLE('',(#3030));
#3030=SURFACE_STYLE_FILL_AREA(#3031);
#3031=FILL_AREA_STYLE('\X2\92FC\X0\ - \X2\30B530C630F3\X0\',(#3032));
#3032=FILL_AREA_STYLE_COLOUR('\X2\92FC\X0\ - \X2\30B530C630F3\X0\',#3033);
#3033=COLOUR_RGB('\X2\92FC\X0\ - \X2\30B530C630F3\X0\',0.627450980392157,
0.627450980392157,0.627450980392157);
ENDSEC;
END-ISO-10303-21;
