ISO-10303-21;
HEADER;
/* Generated by software containing ST-Developer
 * from STEP Tools, Inc. (www.steptools.com) 
 */

FILE_DESCRIPTION(
/* description */ (''),
/* implementation_level */ '2;1');

FILE_NAME(
/* name */ '',
/* time_stamp */ '2026-09-28T03:46:26+09:00',
/* author */ (''),
/* organization */ (''),
/* preprocessor_version */ 'ST-DEVELOPER v20.2',
/* originating_system */ 'Autodesk Translation Framework v15.15.0.0',
/* authorisation */ '');

FILE_SCHEMA (('AUTOMOTIVE_DESIGN { 1 0 10303 214 3 1 1 }'));
ENDSEC;

DATA;
#10=MECHANICAL_DESIGN_GEOMETRIC_PRESENTATION_REPRESENTATION('',(#14,#15,
#16,#17,#18),#3662);
#11=SHAPE_REPRESENTATION_RELATIONSHIP('SRR','None',#3669,#12);
#12=ADVANCED_BREP_SHAPE_REPRESENTATION('',(#19,#20,#21,#22,#23),#3661);
#13=CONICAL_SURFACE('',#1649,1.93767808501391,0.52358941828328);
#14=STYLED_ITEM('',(#3678),#19);
#15=STYLED_ITEM('',(#3678),#20);
#16=STYLED_ITEM('',(#3678),#21);
#17=STYLED_ITEM('',(#3678),#22);
#18=STYLED_ITEM('',(#3678),#23);
#19=MANIFOLD_SOLID_BREP('\X2\80F44F53\X0\',#1512);
#20=MANIFOLD_SOLID_BREP('Motor_1/2A6-2',#1513);
#21=MANIFOLD_SOLID_BREP('\X2\30DC30C730A3\X0\6',#1514);
#22=MANIFOLD_SOLID_BREP('\X2\84CB\X0\',#1515);
#23=MANIFOLD_SOLID_BREP('\X2\30DC30C730A3\X0\18',#1516);
#24=ELLIPSE('',#1592,12.2065556157337,10.);
#25=ELLIPSE('',#1595,12.2065556157337,10.);
#26=ELLIPSE('',#1597,4.47213595499958,4.);
#27=ELLIPSE('',#1602,13.5882302276899,10.);
#28=ELLIPSE('',#1607,13.5882302276899,10.);
#29=ELLIPSE('',#1610,13.5882302276899,10.);
#30=ELLIPSE('',#1612,4.7863752270309,4.);
#31=ELLIPSE('',#1615,13.5882302276899,10.);
#32=ELLIPSE('',#1617,4.7863752270309,4.);
#33=ELLIPSE('',#1640,0.270404513160192,0.25);
#34=B_SPLINE_SURFACE_WITH_KNOTS('',3,3,((#2544,#2545,#2546,#2547,#2548,
#2549,#2550,#2551),(#2552,#2553,#2554,#2555,#2556,#2557,#2558,#2559),(#2560,
#2561,#2562,#2563,#2564,#2565,#2566,#2567),(#2568,#2569,#2570,#2571,#2572,
#2573,#2574,#2575),(#2576,#2577,#2578,#2579,#2580,#2581,#2582,#2583)),
 .UNSPECIFIED.,.F.,.F.,.F.,(4,1,4),(4,1,1,2,4),(0.,0.571428571428571,1.),
(-0.467215971011659,-0.280329582606995,-0.186886388404663,0.,0.00118178770883892),
 .UNSPECIFIED.);
#35=B_SPLINE_SURFACE_WITH_KNOTS('',3,3,((#2594,#2595,#2596,#2597,#2598),
(#2599,#2600,#2601,#2602,#2603),(#2604,#2605,#2606,#2607,#2608),(#2609,
#2610,#2611,#2612,#2613),(#2614,#2615,#2616,#2617,#2618)),.UNSPECIFIED.,
 .F.,.F.,.F.,(4,1,4),(4,1,4),(0.,0.571428571428571,1.),(-0.592951023766973,
-0.33882915643827,5.57418505260136E-16),.UNSPECIFIED.);
#36=B_SPLINE_SURFACE_WITH_KNOTS('',3,3,((#2650,#2651,#2652,#2653),(#2654,
#2655,#2656,#2657),(#2658,#2659,#2660,#2661),(#2662,#2663,#2664,#2665),
(#2666,#2667,#2668,#2669)),.UNSPECIFIED.,.F.,.F.,.F.,(4,1,4),(4,4),(0.,
0.375592032196615,0.876381408458769),(-1.5707963267949,-1.03289486945242),
 .UNSPECIFIED.);
#37=B_SPLINE_SURFACE_WITH_KNOTS('',3,3,((#2738,#2739,#2740,#2741),(#2742,
#2743,#2744,#2745),(#2746,#2747,#2748,#2749),(#2750,#2751,#2752,#2753),
(#2754,#2755,#2756,#2757)),.UNSPECIFIED.,.F.,.F.,.F.,(4,1,4),(4,4),(0.,
0.418013420467638,0.975364647757823),(5.25029043772717,5.74654669613721),
 .UNSPECIFIED.);
#38=B_SPLINE_SURFACE_WITH_KNOTS('',3,3,((#2777,#2778,#2779,#2780,#2781,
#2782,#2783,#2784),(#2785,#2786,#2787,#2788,#2789,#2790,#2791,#2792),(#2793,
#2794,#2795,#2796,#2797,#2798,#2799,#2800),(#2801,#2802,#2803,#2804,#2805,
#2806,#2807,#2808),(#2809,#2810,#2811,#2812,#2813,#2814,#2815,#2816)),
 .UNSPECIFIED.,.F.,.F.,.F.,(4,1,4),(4,1,1,2,4),(0.,0.571428571428571,1.),
(-0.495511530880259,-0.297306918528155,-0.198204612352104,0.,0.0011802630237905),
 .UNSPECIFIED.);
#39=B_SPLINE_SURFACE_WITH_KNOTS('',3,3,((#2827,#2828,#2829,#2830,#2831),
(#2832,#2833,#2834,#2835,#2836),(#2837,#2838,#2839,#2840,#2841),(#2842,
#2843,#2844,#2845,#2846),(#2847,#2848,#2849,#2850,#2851)),.UNSPECIFIED.,
 .F.,.F.,.F.,(4,1,4),(4,1,4),(0.,0.571428571428571,1.),(-0.540026133648129,
-0.308586362084645,1.53282303484927E-17),.UNSPECIFIED.);
#40=B_SPLINE_SURFACE_WITH_KNOTS('',3,3,((#2873,#2874,#2875,#2876),(#2877,
#2878,#2879,#2880),(#2881,#2882,#2883,#2884),(#2885,#2886,#2887,#2888),
(#2889,#2890,#2891,#2892)),.UNSPECIFIED.,.F.,.F.,.F.,(4,1,4),(4,4),(0.,
0.385710579421889,0.899991351984408),(-1.5707963267949,-1.01565147656502),
 .UNSPECIFIED.);
#41=B_SPLINE_SURFACE_WITH_KNOTS('',3,3,((#2927,#2928,#2929,#2930,#2931,
#2932,#2933,#2934),(#2935,#2936,#2937,#2938,#2939,#2940,#2941,#2942),(#2943,
#2944,#2945,#2946,#2947,#2948,#2949,#2950),(#2951,#2952,#2953,#2954,#2955,
#2956,#2957,#2958),(#2959,#2960,#2961,#2962,#2963,#2964,#2965,#2966)),
 .UNSPECIFIED.,.F.,.F.,.F.,(4,1,4),(4,1,1,2,4),(0.,0.571428571428571,1.),
(-0.495511530880252,-0.297306918528151,-0.198204612352101,0.,0.00118026302378445),
 .UNSPECIFIED.);
#42=B_SPLINE_SURFACE_WITH_KNOTS('',3,3,((#2977,#2978,#2979,#2980,#2981),
(#2982,#2983,#2984,#2985,#2986),(#2987,#2988,#2989,#2990,#2991),(#2992,
#2993,#2994,#2995,#2996),(#2997,#2998,#2999,#3000,#3001)),.UNSPECIFIED.,
 .F.,.F.,.F.,(4,1,4),(4,1,4),(0.,0.571428571428571,1.),(-0.540026133648135,
-0.308586362084648,9.69278618311572E-16),.UNSPECIFIED.);
#43=B_SPLINE_SURFACE_WITH_KNOTS('',3,3,((#3023,#3024,#3025,#3026),(#3027,
#3028,#3029,#3030),(#3031,#3032,#3033,#3034),(#3035,#3036,#3037,#3038),
(#3039,#3040,#3041,#3042)),.UNSPECIFIED.,.F.,.F.,.F.,(4,1,4),(4,4),(0.,
0.514280772562523,0.899991351984415),(-1.5707963267949,-1.01565147656502),
 .UNSPECIFIED.);
#44=B_SPLINE_SURFACE_WITH_KNOTS('',3,3,((#3077,#3078,#3079,#3080),(#3081,
#3082,#3083,#3084),(#3085,#3086,#3087,#3088),(#3089,#3090,#3091,#3092),
(#3093,#3094,#3095,#3096)),.UNSPECIFIED.,.F.,.F.,.F.,(4,1,4),(4,4),(0.,
0.571428571428571,1.),(5.26753383061456,5.74654669613721),.UNSPECIFIED.);
#45=B_SPLINE_SURFACE_WITH_KNOTS('',3,3,((#3108,#3109,#3110,#3111),(#3112,
#3113,#3114,#3115),(#3116,#3117,#3118,#3119),(#3120,#3121,#3122,#3123),
(#3124,#3125,#3126,#3127)),.UNSPECIFIED.,.F.,.F.,.F.,(4,1,4),(4,4),(0.,
0.571428571428571,1.),(5.26753383061456,5.74654669613721),.UNSPECIFIED.);
#46=(
BOUNDED_CURVE()
B_SPLINE_CURVE(5,(#2258,#2259,#2260,#2261,#2262,#2263,#2264),
 .UNSPECIFIED.,.F.,.F.)
B_SPLINE_CURVE_WITH_KNOTS((6,1,6),(0.5,0.6,0.689798499545665),
 .UNSPECIFIED.)
CURVE()
GEOMETRIC_REPRESENTATION_ITEM()
RATIONAL_B_SPLINE_CURVE((1.,1.,1.,1.,1.,1.,1.))
REPRESENTATION_ITEM('')
);
#47=(
BOUNDED_CURVE()
B_SPLINE_CURVE(5,(#2265,#2266,#2267,#2268,#2269,#2270,#2271),
 .UNSPECIFIED.,.F.,.F.)
B_SPLINE_CURVE_WITH_KNOTS((6,1,6),(-0.689798499545665,-0.6,-0.5),
 .UNSPECIFIED.)
CURVE()
GEOMETRIC_REPRESENTATION_ITEM()
RATIONAL_B_SPLINE_CURVE((1.,1.,1.,1.,1.,1.,1.))
REPRESENTATION_ITEM('')
);
#48=(
BOUNDED_CURVE()
B_SPLINE_CURVE(5,(#2274,#2275,#2276,#2277,#2278,#2279,#2280,#2281,#2282),
 .UNSPECIFIED.,.F.,.F.)
B_SPLINE_CURVE_WITH_KNOTS((6,1,1,1,6),(0.689798499545665,0.7,0.8,0.9,1.),
 .UNSPECIFIED.)
CURVE()
GEOMETRIC_REPRESENTATION_ITEM()
RATIONAL_B_SPLINE_CURVE((1.,1.,1.,1.,1.,1.,1.,1.,1.))
REPRESENTATION_ITEM('')
);
#49=(
BOUNDED_CURVE()
B_SPLINE_CURVE(5,(#2352,#2353,#2354,#2355,#2356,#2357,#2358,#2359,#2360),
 .UNSPECIFIED.,.F.,.F.)
B_SPLINE_CURVE_WITH_KNOTS((6,1,1,1,6),(0.689798499545665,0.7,0.8,0.9,1.),
 .UNSPECIFIED.)
CURVE()
GEOMETRIC_REPRESENTATION_ITEM()
RATIONAL_B_SPLINE_CURVE((1.,1.,1.,1.,1.,1.,1.,1.,1.))
REPRESENTATION_ITEM('')
);
#50=(
BOUNDED_CURVE()
B_SPLINE_CURVE(5,(#3349,#3350,#3351,#3352,#3353,#3354,#3355,#3356,#3357),
 .UNSPECIFIED.,.F.,.F.)
B_SPLINE_CURVE_WITH_KNOTS((6,1,1,1,6),(-1.,-0.9,-0.8,-0.7,-0.689798499545665),
 .UNSPECIFIED.)
CURVE()
GEOMETRIC_REPRESENTATION_ITEM()
RATIONAL_B_SPLINE_CURVE((1.,1.,1.,1.,1.,1.,1.,1.,1.))
REPRESENTATION_ITEM('')
);
#51=(
BOUNDED_CURVE()
B_SPLINE_CURVE(5,(#3379,#3380,#3381,#3382,#3383,#3384,#3385,#3386,#3387),
 .UNSPECIFIED.,.F.,.F.)
B_SPLINE_CURVE_WITH_KNOTS((6,1,1,1,6),(0.689798499545665,0.7,0.8,0.9,1.),
 .UNSPECIFIED.)
CURVE()
GEOMETRIC_REPRESENTATION_ITEM()
RATIONAL_B_SPLINE_CURVE((1.,1.,1.,1.,1.,1.,1.,1.,1.))
REPRESENTATION_ITEM('')
);
#52=B_SPLINE_CURVE_WITH_KNOTS('',3,(#2137,#2138,#2139,#2140,#2141,#2142,
#2143,#2144,#2145,#2146,#2147,#2148,#2149,#2150,#2151,#2152,#2153,#2154,
#2155,#2156),.UNSPECIFIED.,.F.,.F.,(4,2,2,2,2,2,2,2,2,4),(-0.562888840424636,
-0.525723397282094,-0.488557954139552,-0.418763960691045,-0.348969967242537,
-0.27917597379403,-0.209381980345522,-0.139587986897015,-0.0697939934485075,
0.),.UNSPECIFIED.);
#53=B_SPLINE_CURVE_WITH_KNOTS('',3,(#2158,#2159,#2160,#2161,#2162,#2163,
#2164,#2165,#2166,#2167),.UNSPECIFIED.,.F.,.F.,(4,3,3,4),(-0.999835494877186,
-0.971892365199996,-0.802067974427246,-0.688865256545504),.UNSPECIFIED.);
#54=B_SPLINE_CURVE_WITH_KNOTS('',3,(#2170,#2171,#2172,#2173,#2174,#2175,
#2176,#2177,#2178,#2179),.UNSPECIFIED.,.F.,.F.,(4,3,3,4),(0.688865256545504,
0.802067974427246,0.971892365199996,0.999835494877186),.UNSPECIFIED.);
#55=B_SPLINE_CURVE_WITH_KNOTS('',3,(#2185,#2186,#2187,#2188,#2189,#2190,
#2191,#2192,#2193,#2194,#2195,#2196,#2197,#2198,#2199,#2200,#2201,#2202,
#2203,#2204),.UNSPECIFIED.,.F.,.F.,(4,2,2,2,2,2,2,2,2,4),(-1.19593906366571,
-1.1169756838995,-1.03801230413328,-0.889724832114244,-0.741437360095203,
-0.593149888076163,-0.444862416057122,-0.296574944038081,-0.148287472019041,
0.),.UNSPECIFIED.);
#56=B_SPLINE_CURVE_WITH_KNOTS('',3,(#2421,#2422,#2423,#2424,#2425,#2426,
#2427,#2428,#2429,#2430,#2431,#2432),.UNSPECIFIED.,.F.,.F.,(4,2,2,2,2,4),
(0.00594694436111518,0.0726616783521784,0.220544215092895,0.366581287915486,
0.578805168486948,0.579915857750089),.UNSPECIFIED.);
#57=B_SPLINE_CURVE_WITH_KNOTS('',3,(#2442,#2443,#2444,#2445,#2446,#2447,
#2448,#2449,#2450,#2451,#2452,#2453),.UNSPECIFIED.,.F.,.F.,(4,2,2,2,2,4),
(0.0171275646591866,0.0945159443462722,0.251856946369663,0.409859521962854,
0.626647903308579,0.627796230223255),.UNSPECIFIED.);
#58=B_SPLINE_CURVE_WITH_KNOTS('',3,(#2463,#2464,#2465,#2466,#2467,#2468,
#2469,#2470,#2471,#2472,#2473,#2474),.UNSPECIFIED.,.F.,.F.,(4,2,2,2,2,4),
(0.00594694436110444,0.0726616783521798,0.220544215092901,0.366581287915484,
0.578805167066198,0.579915856403798),.UNSPECIFIED.);
#59=B_SPLINE_CURVE_WITH_KNOTS('',3,(#2586,#2587,#2588,#2589,#2590,#2591,
#2592,#2593),.UNSPECIFIED.,.F.,.F.,(4,2,1,1,4),(-0.00118178770883892,0.,
0.186886388404663,0.280329582606995,0.467215971011659),.UNSPECIFIED.);
#60=B_SPLINE_CURVE_WITH_KNOTS('',3,(#2620,#2621,#2622,#2623,#2624,#2625,
#2626,#2627),.UNSPECIFIED.,.F.,.F.,(4,2,2,4),(0.,0.126167626159713,0.253380465591681,
0.253985116719627),.UNSPECIFIED.);
#61=B_SPLINE_CURVE_WITH_KNOTS('',3,(#2629,#2630,#2631,#2632,#2633),
 .UNSPECIFIED.,.F.,.F.,(4,1,4),(-5.57418505260136E-16,0.33882915643827,
0.588549807123987),.UNSPECIFIED.);
#62=B_SPLINE_CURVE_WITH_KNOTS('',3,(#2634,#2635,#2636,#2637,#2638,#2639,
#2640,#2641,#2642,#2643,#2644,#2645,#2646,#2647,#2648,#2649),
 .UNSPECIFIED.,.F.,.F.,(4,3,3,3,3,4),(0.,0.0390654023654219,0.0777587709645194,
0.116237446548878,0.151713408767859,0.154716122133237),.UNSPECIFIED.);
#63=B_SPLINE_CURVE_WITH_KNOTS('',3,(#2671,#2672,#2673,#2674,#2675,#2676,
#2677,#2678,#2679,#2680,#2681,#2682,#2683,#2684,#2685,#2686,#2687,#2688,
#2689,#2690,#2691,#2692,#2693,#2694,#2695,#2696,#2697,#2698,#2699,#2700,
#2701,#2702,#2703,#2704,#2705,#2706,#2707,#2708,#2709,#2710,#2711,#2712,
#2713,#2714,#2715,#2716),.UNSPECIFIED.,.F.,.F.,(4,3,3,3,3,3,3,3,3,3,3,3,
3,3,3,4),(0.199693046008927,0.241232543209925,0.285336368513759,0.331686349631932,
0.38119031314941,0.43588813192251,0.499925757325809,0.556075195931959,0.586921676395771,
0.616523673879607,0.650833017189041,0.686411560358658,0.723455518164423,
0.744675923470665,0.78158401170006,0.810895801025681),.UNSPECIFIED.);
#64=B_SPLINE_CURVE_WITH_KNOTS('',3,(#2718,#2719,#2720,#2721,#2722,#2723,
#2724,#2725,#2726,#2727,#2728,#2729,#2730),.UNSPECIFIED.,.F.,.F.,(4,3,3,
3,4),(0.061643037639693,0.0766980179375713,0.121575851898177,0.143025992286397,
0.157266186071857),.UNSPECIFIED.);
#65=B_SPLINE_CURVE_WITH_KNOTS('',3,(#2819,#2820,#2821,#2822,#2823,#2824,
#2825,#2826),.UNSPECIFIED.,.F.,.F.,(4,2,1,1,4),(-0.0011802630237905,0.,
0.198204612352104,0.297306918528155,0.495511530880259),.UNSPECIFIED.);
#66=B_SPLINE_CURVE_WITH_KNOTS('',3,(#2853,#2854,#2855,#2856,#2857,#2858,
#2859,#2860,#2861,#2862),.UNSPECIFIED.,.F.,.F.,(4,2,2,2,4),(0.,0.145268158568931,
0.218466074914026,0.292491030280537,0.293607591488251),.UNSPECIFIED.);
#67=B_SPLINE_CURVE_WITH_KNOTS('',3,(#2864,#2865,#2866,#2867,#2868),
 .UNSPECIFIED.,.F.,.F.,(4,1,4),(-1.53282303484927E-17,0.308586362084645,
0.538711771716588),.UNSPECIFIED.);
#68=B_SPLINE_CURVE_WITH_KNOTS('',3,(#2869,#2870,#2871,#2872),
 .UNSPECIFIED.,.F.,.F.,(4,4),(0.,0.141963044516886),.UNSPECIFIED.);
#69=B_SPLINE_CURVE_WITH_KNOTS('',3,(#2894,#2895,#2896,#2897,#2898,#2899,
#2900,#2901,#2902,#2903,#2904,#2905),.UNSPECIFIED.,.F.,.F.,(4,2,2,2,2,4),
(0.174108571394132,0.214497771361691,0.637596544997939,0.773922721016197,
0.813793748254782,0.845190847426146),.UNSPECIFIED.);
#70=B_SPLINE_CURVE_WITH_KNOTS('',3,(#2907,#2908,#2909,#2910,#2911,#2912,
#2913,#2914,#2915,#2916,#2917,#2918,#2919),.UNSPECIFIED.,.F.,.F.,(4,3,3,
3,4),(0.0683156560756371,0.0859527364960891,0.137359459386383,0.156897698645739,
0.196067325711577),.UNSPECIFIED.);
#71=B_SPLINE_CURVE_WITH_KNOTS('',3,(#2969,#2970,#2971,#2972,#2973,#2974,
#2975,#2976),.UNSPECIFIED.,.F.,.F.,(4,2,1,1,4),(-0.00118026302378445,0.,
0.198204612352101,0.297306918528151,0.495511530880252),.UNSPECIFIED.);
#72=B_SPLINE_CURVE_WITH_KNOTS('',3,(#3003,#3004,#3005,#3006,#3007,#3008,
#3009,#3010,#3011,#3012),.UNSPECIFIED.,.F.,.F.,(4,2,2,2,4),(0.,0.145268158568842,
0.218466074913886,0.292491030280362,0.293607591488178),.UNSPECIFIED.);
#73=B_SPLINE_CURVE_WITH_KNOTS('',3,(#3014,#3015,#3016,#3017,#3018),
 .UNSPECIFIED.,.F.,.F.,(4,1,4),(-9.69278618311572E-16,0.308586362084648,
0.538711771716593),.UNSPECIFIED.);
#74=B_SPLINE_CURVE_WITH_KNOTS('',3,(#3019,#3020,#3021,#3022),
 .UNSPECIFIED.,.F.,.F.,(4,4),(0.,0.141963044516883),.UNSPECIFIED.);
#75=B_SPLINE_CURVE_WITH_KNOTS('',3,(#3044,#3045,#3046,#3047,#3048,#3049,
#3050,#3051,#3052,#3053,#3054,#3055),.UNSPECIFIED.,.F.,.F.,(4,2,2,2,2,4),
(0.174108571394126,0.214497771361695,0.637596544997964,0.77392272101623,
0.813793748254808,0.845190847426199),.UNSPECIFIED.);
#76=B_SPLINE_CURVE_WITH_KNOTS('',3,(#3057,#3058,#3059,#3060,#3061,#3062,
#3063,#3064,#3065,#3066,#3067,#3068,#3069),.UNSPECIFIED.,.F.,.F.,(4,3,3,
3,4),(0.0683156560756281,0.0859527364960759,0.137457931263893,0.15689769864572,
0.196067325711558),.UNSPECIFIED.);
#77=B_SPLINE_CURVE_WITH_KNOTS('',3,(#3184,#3185,#3186,#3187,#3188,#3189,
#3190,#3191,#3192,#3193,#3194,#3195,#3196),.UNSPECIFIED.,.F.,.F.,(4,3,2,
2,2,4),(-0.0298054238346415,0.,0.0438223948002994,0.0607260056272782,0.0649873703431677,
0.0692487350590572),.UNSPECIFIED.);
#78=B_SPLINE_CURVE_WITH_KNOTS('',3,(#3197,#3198,#3199,#3200,#3201,#3202,
#3203,#3204,#3205,#3206,#3207,#3208),.UNSPECIFIED.,.F.,.F.,(4,2,2,2,2,4),
(0.0692487350590572,0.0741619732496936,0.0790752114403299,0.0889016878216025,
0.141410061751461,0.168661835715634),.UNSPECIFIED.);
#79=B_SPLINE_CURVE_WITH_KNOTS('',3,(#3263,#3264,#3265,#3266),
 .UNSPECIFIED.,.F.,.F.,(4,4),(0.688865256545504,0.718411541453268),
 .UNSPECIFIED.);
#80=B_SPLINE_CURVE_WITH_KNOTS('',3,(#3269,#3270,#3271,#3272),
 .UNSPECIFIED.,.F.,.F.,(4,4),(0.688865256545504,0.718411541453268),
 .UNSPECIFIED.);
#81=B_SPLINE_CURVE_WITH_KNOTS('',3,(#3277,#3278,#3279,#3280,#3281,#3282,
#3283,#3284,#3285,#3286,#3287,#3288,#3289,#3290,#3291,#3292,#3293,#3294,
#3295,#3296),.UNSPECIFIED.,.F.,.F.,(4,2,2,2,2,2,2,2,2,4),(-1.19593906366571,
-1.1169756838995,-1.03801230413328,-0.889724832114244,-0.741437360095203,
-0.593149888076163,-0.444862416057122,-0.296574944038081,-0.148287472019041,
0.),.UNSPECIFIED.);
#82=B_SPLINE_CURVE_WITH_KNOTS('',3,(#3361,#3362,#3363,#3364),
 .UNSPECIFIED.,.F.,.F.,(4,4),(-0.55039764048241,-0.0500426317702212),
 .UNSPECIFIED.);
#83=B_SPLINE_CURVE_WITH_KNOTS('',3,(#3366,#3367,#3368,#3369,#3370,#3371),
 .UNSPECIFIED.,.F.,.F.,(4,2,4),(-0.352336091983215,-0.201872713827386,-0.0504458306858663),
 .UNSPECIFIED.);
#84=B_SPLINE_CURVE_WITH_KNOTS('',3,(#3373,#3374,#3375,#3376),
 .UNSPECIFIED.,.F.,.F.,(4,4),(-0.500347452572139,0.),.UNSPECIFIED.);
#85=B_SPLINE_CURVE_WITH_KNOTS('',3,(#3390,#3391,#3392,#3393,#3394,#3395,
#3396,#3397,#3398,#3399),.UNSPECIFIED.,.F.,.F.,(4,3,3,4),(0.718411541453268,
0.802067974427246,0.971892365199996,0.999835494877186),.UNSPECIFIED.);
#86=B_SPLINE_CURVE_WITH_KNOTS('',3,(#3486,#3487,#3488,#3489,#3490,#3491,
#3492,#3493,#3494,#3495),.UNSPECIFIED.,.F.,.F.,(4,3,3,4),(0.718411541453268,
0.802063040511648,0.971891668073172,0.999835494877186),.UNSPECIFIED.);
#87=B_SPLINE_CURVE_WITH_KNOTS('',3,(#3549,#3550,#3551,#3552,#3553,#3554,
#3555,#3556,#3557,#3558,#3559,#3560,#3561,#3562,#3563,#3564,#3565,#3566,
#3567,#3568),.UNSPECIFIED.,.F.,.F.,(4,2,2,2,2,2,2,2,2,4),(-0.471294004661669,
-0.440176225669177,-0.409058446676684,-0.350621525722872,-0.29218460476906,
-0.233747683815248,-0.175310762861436,-0.116873841907624,-0.058436920953812,
0.),.UNSPECIFIED.);
#88=B_SPLINE_CURVE_WITH_KNOTS('',3,(#3570,#3571,#3572,#3573,#3574,#3575,
#3576),.UNSPECIFIED.,.F.,.F.,(4,3,4),(0.724286625896398,0.892857041384682,
0.999753189143709),.UNSPECIFIED.);
#89=B_SPLINE_CURVE_WITH_KNOTS('',3,(#3579,#3580,#3581,#3582,#3583,#3584,
#3585),.UNSPECIFIED.,.F.,.F.,(4,3,4),(-0.999753189143709,-0.892857041384682,
-0.724286625896398),.UNSPECIFIED.);
#90=B_SPLINE_CURVE_WITH_KNOTS('',3,(#3587,#3588,#3589,#3590,#3591,#3592,
#3593,#3594,#3595,#3596,#3597,#3598,#3599,#3600,#3601,#3602,#3603,#3604,
#3605,#3606),.UNSPECIFIED.,.F.,.F.,(4,2,2,2,2,2,2,2,2,4),(-0.471294004661669,
-0.440176225669177,-0.409058446676684,-0.350621525722872,-0.29218460476906,
-0.233747683815248,-0.175310762861436,-0.116873841907624,-0.058436920953812,
0.),.UNSPECIFIED.);
#91=(
BOUNDED_SURFACE()
B_SPLINE_SURFACE(3,2,((#2070,#2071,#2072,#2073,#2074),(#2075,#2076,#2077,
#2078,#2079),(#2080,#2081,#2082,#2083,#2084),(#2085,#2086,#2087,#2088,#2089),
(#2090,#2091,#2092,#2093,#2094),(#2095,#2096,#2097,#2098,#2099),(#2100,
#2101,#2102,#2103,#2104),(#2105,#2106,#2107,#2108,#2109),(#2110,#2111,#2112,
#2113,#2114),(#2115,#2116,#2117,#2118,#2119),(#2120,#2121,#2122,#2123,#2124),
(#2125,#2126,#2127,#2128,#2129),(#2130,#2131,#2132,#2133,#2134)),
 .UNSPECIFIED.,.F.,.F.,.F.)
B_SPLINE_SURFACE_WITH_KNOTS((4,3,3,3,4),(3,2,3),(-0.999835494877186,-0.971892365199996,
-0.802067974427246,-0.625676367803351,-0.598390062629009),(0.,1.5707963267949,
3.14159265358979),.UNSPECIFIED.)
GEOMETRIC_REPRESENTATION_ITEM()
RATIONAL_B_SPLINE_SURFACE(((1.,0.707106781186548,1.,0.707106781186548,1.),
(1.,0.707106781186548,1.,0.707106781186548,1.),(1.,0.707106781186548,1.,
0.707106781186548,1.),(1.,0.707106781186548,1.,0.707106781186548,1.),(1.,
0.707106781186548,1.,0.707106781186548,1.),(1.,0.707106781186548,1.,0.707106781186548,
1.),(1.,0.707106781186548,1.,0.707106781186548,1.),(1.,0.707106781186548,
1.,0.707106781186548,1.),(1.,0.707106781186548,1.,0.707106781186548,1.),
(1.,0.707106781186548,1.,0.707106781186548,1.),(1.,0.707106781186548,1.,
0.707106781186548,1.),(1.,0.707106781186548,1.,0.707106781186548,1.),(1.,
0.707106781186548,1.,0.707106781186548,1.)))
REPRESENTATION_ITEM('')
SURFACE()
);
#92=(
BOUNDED_SURFACE()
B_SPLINE_SURFACE(5,2,((#2207,#2208,#2209,#2210,#2211),(#2212,#2213,#2214,
#2215,#2216),(#2217,#2218,#2219,#2220,#2221),(#2222,#2223,#2224,#2225,#2226),
(#2227,#2228,#2229,#2230,#2231),(#2232,#2233,#2234,#2235,#2236),(#2237,
#2238,#2239,#2240,#2241),(#2242,#2243,#2244,#2245,#2246),(#2247,#2248,#2249,
#2250,#2251),(#2252,#2253,#2254,#2255,#2256)),.UNSPECIFIED.,.F.,.F.,.F.)
B_SPLINE_SURFACE_WITH_KNOTS((6,1,1,1,1,6),(3,2,3),(-1.,-0.9,-0.8,-0.7,-0.6,
-0.5),(0.,1.5707963267949,3.14159265358979),.UNSPECIFIED.)
GEOMETRIC_REPRESENTATION_ITEM()
RATIONAL_B_SPLINE_SURFACE(((1.,0.707106781186548,1.,0.707106781186548,1.),
(1.,0.707106781186548,1.,0.707106781186548,1.),(1.,0.707106781186548,1.,
0.707106781186548,1.),(1.,0.707106781186548,1.,0.707106781186548,1.),(1.,
0.707106781186548,1.,0.707106781186548,1.),(1.,0.707106781186548,1.,0.707106781186548,
1.),(1.,0.707106781186548,1.,0.707106781186548,1.),(1.,0.707106781186548,
1.,0.707106781186548,1.),(1.,0.707106781186548,1.,0.707106781186548,1.),
(1.,0.707106781186548,1.,0.707106781186548,1.)))
REPRESENTATION_ITEM('')
SURFACE()
);
#93=(
BOUNDED_SURFACE()
B_SPLINE_SURFACE(5,2,((#2301,#2302,#2303,#2304,#2305),(#2306,#2307,#2308,
#2309,#2310),(#2311,#2312,#2313,#2314,#2315),(#2316,#2317,#2318,#2319,#2320),
(#2321,#2322,#2323,#2324,#2325),(#2326,#2327,#2328,#2329,#2330),(#2331,
#2332,#2333,#2334,#2335),(#2336,#2337,#2338,#2339,#2340),(#2341,#2342,#2343,
#2344,#2345),(#2346,#2347,#2348,#2349,#2350)),.UNSPECIFIED.,.F.,.F.,.F.)
B_SPLINE_SURFACE_WITH_KNOTS((6,1,1,1,1,6),(3,2,3),(0.5,0.6,0.7,0.8,0.9,
1.),(0.,1.5707963267949,3.14159265358979),.UNSPECIFIED.)
GEOMETRIC_REPRESENTATION_ITEM()
RATIONAL_B_SPLINE_SURFACE(((1.,0.707106781186548,1.,0.707106781186548,1.),
(1.,0.707106781186548,1.,0.707106781186548,1.),(1.,0.707106781186548,1.,
0.707106781186548,1.),(1.,0.707106781186548,1.,0.707106781186548,1.),(1.,
0.707106781186548,1.,0.707106781186548,1.),(1.,0.707106781186548,1.,0.707106781186548,
1.),(1.,0.707106781186548,1.,0.707106781186548,1.),(1.,0.707106781186548,
1.,0.707106781186548,1.),(1.,0.707106781186548,1.,0.707106781186548,1.),
(1.,0.707106781186548,1.,0.707106781186548,1.)))
REPRESENTATION_ITEM('')
SURFACE()
);
#94=(
BOUNDED_SURFACE()
B_SPLINE_SURFACE(3,2,((#3226,#3227,#3228,#3229,#3230,#3231,#3232,#3233,
#3234),(#3235,#3236,#3237,#3238,#3239,#3240,#3241,#3242,#3243),(#3244,#3245,
#3246,#3247,#3248,#3249,#3250,#3251,#3252),(#3253,#3254,#3255,#3256,#3257,
#3258,#3259,#3260,#3261)),.UNSPECIFIED.,.F.,.T.,.F.)
B_SPLINE_SURFACE_WITH_KNOTS((4,4),(3,2,2,2,3),(0.688865256545504,0.718411541453268),
(0.,1.5707963267949,3.14159265358979,4.71238898038469,6.28318530717959),
 .UNSPECIFIED.)
GEOMETRIC_REPRESENTATION_ITEM()
RATIONAL_B_SPLINE_SURFACE(((1.,0.707106781186548,1.,0.707106781186548,1.,
0.707106781186548,1.,0.707106781186548,1.),(1.,0.707106781186548,1.,0.707106781186548,
1.,0.707106781186548,1.,0.707106781186548,1.),(1.,0.707106781186548,1.,
0.707106781186548,1.,0.707106781186548,1.,0.707106781186548,1.),(1.,0.707106781186548,
1.,0.707106781186548,1.,0.707106781186548,1.,0.707106781186548,1.)))
REPRESENTATION_ITEM('')
SURFACE()
);
#95=(
BOUNDED_SURFACE()
B_SPLINE_SURFACE(5,2,((#3298,#3299,#3300,#3301,#3302),(#3303,#3304,#3305,
#3306,#3307),(#3308,#3309,#3310,#3311,#3312),(#3313,#3314,#3315,#3316,#3317),
(#3318,#3319,#3320,#3321,#3322),(#3323,#3324,#3325,#3326,#3327),(#3328,
#3329,#3330,#3331,#3332),(#3333,#3334,#3335,#3336,#3337),(#3338,#3339,#3340,
#3341,#3342),(#3343,#3344,#3345,#3346,#3347)),.UNSPECIFIED.,.F.,.F.,.F.)
B_SPLINE_SURFACE_WITH_KNOTS((6,1,1,1,1,6),(3,2,3),(-1.,-0.9,-0.8,-0.7,-0.6,
-0.5),(0.,1.5707963267949,3.14159265358979),.UNSPECIFIED.)
GEOMETRIC_REPRESENTATION_ITEM()
RATIONAL_B_SPLINE_SURFACE(((1.,0.707106781186548,1.,0.707106781186548,1.),
(1.,0.707106781186548,1.,0.707106781186548,1.),(1.,0.707106781186548,1.,
0.707106781186548,1.),(1.,0.707106781186548,1.,0.707106781186548,1.),(1.,
0.707106781186548,1.,0.707106781186548,1.),(1.,0.707106781186548,1.,0.707106781186548,
1.),(1.,0.707106781186548,1.,0.707106781186548,1.),(1.,0.707106781186548,
1.,0.707106781186548,1.),(1.,0.707106781186548,1.,0.707106781186548,1.),
(1.,0.707106781186548,1.,0.707106781186548,1.)))
REPRESENTATION_ITEM('')
SURFACE()
);
#96=(
BOUNDED_SURFACE()
B_SPLINE_SURFACE(3,2,((#3421,#3422,#3423,#3424,#3425),(#3426,#3427,#3428,
#3429,#3430),(#3431,#3432,#3433,#3434,#3435),(#3436,#3437,#3438,#3439,#3440),
(#3441,#3442,#3443,#3444,#3445),(#3446,#3447,#3448,#3449,#3450),(#3451,
#3452,#3453,#3454,#3455),(#3456,#3457,#3458,#3459,#3460),(#3461,#3462,#3463,
#3464,#3465),(#3466,#3467,#3468,#3469,#3470),(#3471,#3472,#3473,#3474,#3475),
(#3476,#3477,#3478,#3479,#3480),(#3481,#3482,#3483,#3484,#3485)),
 .UNSPECIFIED.,.F.,.F.,.F.)
B_SPLINE_SURFACE_WITH_KNOTS((4,3,3,3,4),(3,2,3),(0.598390062629009,0.625676367803351,
0.802067974427246,0.971892365199996,0.999835494877186),(0.,1.5707963267949,
3.14159265358979),.UNSPECIFIED.)
GEOMETRIC_REPRESENTATION_ITEM()
RATIONAL_B_SPLINE_SURFACE(((1.,0.707106781186548,1.,0.707106781186548,1.),
(1.,0.707106781186548,1.,0.707106781186548,1.),(1.,0.707106781186548,1.,
0.707106781186548,1.),(1.,0.707106781186548,1.,0.707106781186548,1.),(1.,
0.707106781186548,1.,0.707106781186548,1.),(1.,0.707106781186548,1.,0.707106781186548,
1.),(1.,0.707106781186548,1.,0.707106781186548,1.),(1.,0.707106781186548,
1.,0.707106781186548,1.),(1.,0.707106781186548,1.,0.707106781186548,1.),
(1.,0.707106781186548,1.,0.707106781186548,1.),(1.,0.707106781186548,1.,
0.707106781186548,1.),(1.,0.707106781186548,1.,0.707106781186548,1.),(1.,
0.707106781186548,1.,0.707106781186548,1.)))
REPRESENTATION_ITEM('')
SURFACE()
);
#97=(
BOUNDED_SURFACE()
B_SPLINE_SURFACE(3,2,((#3497,#3498,#3499,#3500,#3501),(#3502,#3503,#3504,
#3505,#3506),(#3507,#3508,#3509,#3510,#3511),(#3512,#3513,#3514,#3515,#3516),
(#3517,#3518,#3519,#3520,#3521),(#3522,#3523,#3524,#3525,#3526),(#3527,
#3528,#3529,#3530,#3531),(#3532,#3533,#3534,#3535,#3536),(#3537,#3538,#3539,
#3540,#3541),(#3542,#3543,#3544,#3545,#3546)),.UNSPECIFIED.,.F.,.F.,.F.)
B_SPLINE_SURFACE_WITH_KNOTS((4,3,3,4),(3,2,3),(-0.999753189143709,-0.89285704136434,
-0.719220959842611,-0.648904739175204),(0.,1.5707963267949,3.14159265358979),
 .UNSPECIFIED.)
GEOMETRIC_REPRESENTATION_ITEM()
RATIONAL_B_SPLINE_SURFACE(((1.,0.707106781186548,1.,0.707106781186548,1.),
(1.,0.707106781186548,1.,0.707106781186548,1.),(1.,0.707106781186548,1.,
0.707106781186548,1.),(1.,0.707106781186548,1.,0.707106781186548,1.),(1.,
0.707106781186548,1.,0.707106781186548,1.),(1.,0.707106781186548,1.,0.707106781186548,
1.),(1.,0.707106781186548,1.,0.707106781186548,1.),(1.,0.707106781186548,
1.,0.707106781186548,1.),(1.,0.707106781186548,1.,0.707106781186548,1.),
(1.,0.707106781186548,1.,0.707106781186548,1.)))
REPRESENTATION_ITEM('')
SURFACE()
);
#98=(
BOUNDED_SURFACE()
B_SPLINE_SURFACE(3,2,((#3607,#3608,#3609,#3610,#3611),(#3612,#3613,#3614,
#3615,#3616),(#3617,#3618,#3619,#3620,#3621),(#3622,#3623,#3624,#3625,#3626),
(#3627,#3628,#3629,#3630,#3631),(#3632,#3633,#3634,#3635,#3636),(#3637,
#3638,#3639,#3640,#3641),(#3642,#3643,#3644,#3645,#3646),(#3647,#3648,#3649,
#3650,#3651),(#3652,#3653,#3654,#3655,#3656)),.UNSPECIFIED.,.F.,.F.,.F.)
B_SPLINE_SURFACE_WITH_KNOTS((4,3,3,4),(3,2,3),(-0.999753189143709,-0.89285704136434,
-0.719220959842611,-0.648904739175204),(0.,1.5707963267949,3.14159265358979),
 .UNSPECIFIED.)
GEOMETRIC_REPRESENTATION_ITEM()
RATIONAL_B_SPLINE_SURFACE(((1.,0.707106781186548,1.,0.707106781186548,1.),
(1.,0.707106781186548,1.,0.707106781186548,1.),(1.,0.707106781186548,1.,
0.707106781186548,1.),(1.,0.707106781186548,1.,0.707106781186548,1.),(1.,
0.707106781186548,1.,0.707106781186548,1.),(1.,0.707106781186548,1.,0.707106781186548,
1.),(1.,0.707106781186548,1.,0.707106781186548,1.),(1.,0.707106781186548,
1.,0.707106781186548,1.),(1.,0.707106781186548,1.,0.707106781186548,1.),
(1.,0.707106781186548,1.,0.707106781186548,1.)))
REPRESENTATION_ITEM('')
SURFACE()
);
#99=FACE_BOUND('',#242,.T.);
#100=FACE_BOUND('',#245,.T.);
#101=FACE_BOUND('',#260,.T.);
#102=FACE_BOUND('',#275,.T.);
#103=FACE_BOUND('',#298,.T.);
#104=FACE_BOUND('',#317,.T.);
#105=PLANE('',#1533);
#106=PLANE('',#1537);
#107=PLANE('',#1539);
#108=PLANE('',#1540);
#109=PLANE('',#1541);
#110=PLANE('',#1544);
#111=PLANE('',#1548);
#112=PLANE('',#1549);
#113=PLANE('',#1552);
#114=PLANE('',#1555);
#115=PLANE('',#1556);
#116=PLANE('',#1557);
#117=PLANE('',#1571);
#118=PLANE('',#1574);
#119=PLANE('',#1582);
#120=PLANE('',#1585);
#121=PLANE('',#1586);
#122=PLANE('',#1587);
#123=PLANE('',#1598);
#124=PLANE('',#1599);
#125=PLANE('',#1613);
#126=PLANE('',#1614);
#127=PLANE('',#1618);
#128=PLANE('',#1619);
#129=PLANE('',#1621);
#130=PLANE('',#1623);
#131=PLANE('',#1625);
#132=PLANE('',#1626);
#133=PLANE('',#1627);
#134=PLANE('',#1628);
#135=PLANE('',#1629);
#136=PLANE('',#1632);
#137=PLANE('',#1633);
#138=PLANE('',#1634);
#139=PLANE('',#1636);
#140=PLANE('',#1639);
#141=PLANE('',#1645);
#142=PLANE('',#1653);
#143=PLANE('',#1656);
#144=PLANE('',#1657);
#145=PLANE('',#1661);
#146=PLANE('',#1662);
#147=PLANE('',#1663);
#148=PLANE('',#1665);
#149=PLANE('',#1667);
#150=PLANE('',#1669);
#151=FACE_OUTER_BOUND('',#238,.T.);
#152=FACE_OUTER_BOUND('',#239,.T.);
#153=FACE_OUTER_BOUND('',#240,.T.);
#154=FACE_OUTER_BOUND('',#241,.T.);
#155=FACE_OUTER_BOUND('',#243,.T.);
#156=FACE_OUTER_BOUND('',#244,.T.);
#157=FACE_OUTER_BOUND('',#246,.T.);
#158=FACE_OUTER_BOUND('',#247,.T.);
#159=FACE_OUTER_BOUND('',#248,.T.);
#160=FACE_OUTER_BOUND('',#249,.T.);
#161=FACE_OUTER_BOUND('',#250,.T.);
#162=FACE_OUTER_BOUND('',#251,.T.);
#163=FACE_OUTER_BOUND('',#252,.T.);
#164=FACE_OUTER_BOUND('',#253,.T.);
#165=FACE_OUTER_BOUND('',#254,.T.);
#166=FACE_OUTER_BOUND('',#255,.T.);
#167=FACE_OUTER_BOUND('',#256,.T.);
#168=FACE_OUTER_BOUND('',#257,.T.);
#169=FACE_OUTER_BOUND('',#258,.T.);
#170=FACE_OUTER_BOUND('',#259,.T.);
#171=FACE_OUTER_BOUND('',#261,.T.);
#172=FACE_OUTER_BOUND('',#262,.T.);
#173=FACE_OUTER_BOUND('',#263,.T.);
#174=FACE_OUTER_BOUND('',#264,.T.);
#175=FACE_OUTER_BOUND('',#265,.T.);
#176=FACE_OUTER_BOUND('',#266,.T.);
#177=FACE_OUTER_BOUND('',#267,.T.);
#178=FACE_OUTER_BOUND('',#268,.T.);
#179=FACE_OUTER_BOUND('',#269,.T.);
#180=FACE_OUTER_BOUND('',#270,.T.);
#181=FACE_OUTER_BOUND('',#271,.T.);
#182=FACE_OUTER_BOUND('',#272,.T.);
#183=FACE_OUTER_BOUND('',#273,.T.);
#184=FACE_OUTER_BOUND('',#274,.T.);
#185=FACE_OUTER_BOUND('',#276,.T.);
#186=FACE_OUTER_BOUND('',#277,.T.);
#187=FACE_OUTER_BOUND('',#278,.T.);
#188=FACE_OUTER_BOUND('',#279,.T.);
#189=FACE_OUTER_BOUND('',#280,.T.);
#190=FACE_OUTER_BOUND('',#281,.T.);
#191=FACE_OUTER_BOUND('',#282,.T.);
#192=FACE_OUTER_BOUND('',#283,.T.);
#193=FACE_OUTER_BOUND('',#284,.T.);
#194=FACE_OUTER_BOUND('',#285,.T.);
#195=FACE_OUTER_BOUND('',#286,.T.);
#196=FACE_OUTER_BOUND('',#287,.T.);
#197=FACE_OUTER_BOUND('',#288,.T.);
#198=FACE_OUTER_BOUND('',#289,.T.);
#199=FACE_OUTER_BOUND('',#290,.T.);
#200=FACE_OUTER_BOUND('',#291,.T.);
#201=FACE_OUTER_BOUND('',#292,.T.);
#202=FACE_OUTER_BOUND('',#293,.T.);
#203=FACE_OUTER_BOUND('',#294,.T.);
#204=FACE_OUTER_BOUND('',#295,.T.);
#205=FACE_OUTER_BOUND('',#296,.T.);
#206=FACE_OUTER_BOUND('',#297,.T.);
#207=FACE_OUTER_BOUND('',#299,.T.);
#208=FACE_OUTER_BOUND('',#300,.T.);
#209=FACE_OUTER_BOUND('',#301,.T.);
#210=FACE_OUTER_BOUND('',#302,.T.);
#211=FACE_OUTER_BOUND('',#303,.T.);
#212=FACE_OUTER_BOUND('',#304,.T.);
#213=FACE_OUTER_BOUND('',#305,.T.);
#214=FACE_OUTER_BOUND('',#306,.T.);
#215=FACE_OUTER_BOUND('',#307,.T.);
#216=FACE_OUTER_BOUND('',#308,.T.);
#217=FACE_OUTER_BOUND('',#309,.T.);
#218=FACE_OUTER_BOUND('',#310,.T.);
#219=FACE_OUTER_BOUND('',#311,.T.);
#220=FACE_OUTER_BOUND('',#312,.T.);
#221=FACE_OUTER_BOUND('',#313,.T.);
#222=FACE_OUTER_BOUND('',#314,.T.);
#223=FACE_OUTER_BOUND('',#315,.T.);
#224=FACE_OUTER_BOUND('',#316,.T.);
#225=FACE_OUTER_BOUND('',#318,.T.);
#226=FACE_OUTER_BOUND('',#319,.T.);
#227=FACE_OUTER_BOUND('',#320,.T.);
#228=FACE_OUTER_BOUND('',#321,.T.);
#229=FACE_OUTER_BOUND('',#322,.T.);
#230=FACE_OUTER_BOUND('',#323,.T.);
#231=FACE_OUTER_BOUND('',#324,.T.);
#232=FACE_OUTER_BOUND('',#325,.T.);
#233=FACE_OUTER_BOUND('',#326,.T.);
#234=FACE_OUTER_BOUND('',#327,.T.);
#235=FACE_OUTER_BOUND('',#328,.T.);
#236=FACE_OUTER_BOUND('',#329,.T.);
#237=FACE_OUTER_BOUND('',#330,.T.);
#238=EDGE_LOOP('',(#963,#964,#965,#966));
#239=EDGE_LOOP('',(#967));
#240=EDGE_LOOP('',(#968,#969,#970,#971));
#241=EDGE_LOOP('',(#972));
#242=EDGE_LOOP('',(#973));
#243=EDGE_LOOP('',(#974,#975,#976,#977));
#244=EDGE_LOOP('',(#978,#979,#980,#981,#982));
#245=EDGE_LOOP('',(#983));
#246=EDGE_LOOP('',(#984,#985,#986));
#247=EDGE_LOOP('',(#987,#988,#989,#990,#991));
#248=EDGE_LOOP('',(#992,#993,#994,#995,#996));
#249=EDGE_LOOP('',(#997,#998,#999,#1000));
#250=EDGE_LOOP('',(#1001,#1002,#1003,#1004,#1005,#1006,#1007));
#251=EDGE_LOOP('',(#1008,#1009,#1010,#1011,#1012,#1013));
#252=EDGE_LOOP('',(#1014,#1015,#1016,#1017));
#253=EDGE_LOOP('',(#1018,#1019,#1020,#1021));
#254=EDGE_LOOP('',(#1022,#1023,#1024,#1025));
#255=EDGE_LOOP('',(#1026,#1027,#1028,#1029));
#256=EDGE_LOOP('',(#1030,#1031,#1032,#1033,#1034,#1035,#1036,#1037));
#257=EDGE_LOOP('',(#1038,#1039,#1040,#1041,#1042,#1043,#1044,#1045,#1046,
#1047,#1048,#1049,#1050,#1051,#1052,#1053,#1054,#1055,#1056,#1057,#1058,
#1059,#1060,#1061,#1062,#1063,#1064,#1065,#1066,#1067,#1068,#1069,#1070));
#258=EDGE_LOOP('',(#1071,#1072,#1073,#1074,#1075,#1076,#1077,#1078));
#259=EDGE_LOOP('',(#1079,#1080,#1081,#1082,#1083,#1084,#1085,#1086,#1087,
#1088,#1089,#1090,#1091,#1092,#1093,#1094,#1095,#1096,#1097,#1098,#1099,
#1100));
#260=EDGE_LOOP('',(#1101));
#261=EDGE_LOOP('',(#1102,#1103,#1104,#1105,#1106,#1107,#1108,#1109));
#262=EDGE_LOOP('',(#1110,#1111,#1112,#1113));
#263=EDGE_LOOP('',(#1114,#1115,#1116,#1117));
#264=EDGE_LOOP('',(#1118,#1119,#1120,#1121));
#265=EDGE_LOOP('',(#1122,#1123,#1124,#1125));
#266=EDGE_LOOP('',(#1126,#1127,#1128,#1129));
#267=EDGE_LOOP('',(#1130,#1131,#1132));
#268=EDGE_LOOP('',(#1133,#1134,#1135,#1136));
#269=EDGE_LOOP('',(#1137,#1138,#1139,#1140,#1141,#1142));
#270=EDGE_LOOP('',(#1143,#1144,#1145,#1146,#1147,#1148));
#271=EDGE_LOOP('',(#1149,#1150,#1151,#1152));
#272=EDGE_LOOP('',(#1153,#1154,#1155,#1156));
#273=EDGE_LOOP('',(#1157,#1158,#1159,#1160));
#274=EDGE_LOOP('',(#1161,#1162,#1163,#1164,#1165));
#275=EDGE_LOOP('',(#1166,#1167,#1168,#1169));
#276=EDGE_LOOP('',(#1170,#1171,#1172));
#277=EDGE_LOOP('',(#1173,#1174,#1175,#1176));
#278=EDGE_LOOP('',(#1177,#1178,#1179,#1180,#1181,#1182));
#279=EDGE_LOOP('',(#1183,#1184,#1185,#1186,#1187,#1188));
#280=EDGE_LOOP('',(#1189,#1190,#1191));
#281=EDGE_LOOP('',(#1192,#1193,#1194,#1195));
#282=EDGE_LOOP('',(#1196,#1197,#1198,#1199,#1200,#1201));
#283=EDGE_LOOP('',(#1202,#1203,#1204,#1205,#1206,#1207));
#284=EDGE_LOOP('',(#1208,#1209,#1210,#1211));
#285=EDGE_LOOP('',(#1212,#1213,#1214,#1215));
#286=EDGE_LOOP('',(#1216,#1217,#1218,#1219));
#287=EDGE_LOOP('',(#1220,#1221,#1222,#1223,#1224));
#288=EDGE_LOOP('',(#1225,#1226,#1227,#1228));
#289=EDGE_LOOP('',(#1229,#1230,#1231,#1232));
#290=EDGE_LOOP('',(#1233,#1234,#1235,#1236));
#291=EDGE_LOOP('',(#1237,#1238,#1239,#1240,#1241));
#292=EDGE_LOOP('',(#1242,#1243,#1244,#1245,#1246));
#293=EDGE_LOOP('',(#1247,#1248,#1249,#1250));
#294=EDGE_LOOP('',(#1251,#1252,#1253,#1254,#1255));
#295=EDGE_LOOP('',(#1256,#1257,#1258,#1259));
#296=EDGE_LOOP('',(#1260,#1261,#1262,#1263,#1264));
#297=EDGE_LOOP('',(#1265,#1266,#1267,#1268));
#298=EDGE_LOOP('',(#1269,#1270,#1271,#1272));
#299=EDGE_LOOP('',(#1273,#1274,#1275,#1276));
#300=EDGE_LOOP('',(#1277,#1278,#1279,#1280));
#301=EDGE_LOOP('',(#1281,#1282,#1283,#1284));
#302=EDGE_LOOP('',(#1285,#1286,#1287,#1288));
#303=EDGE_LOOP('',(#1289,#1290,#1291,#1292,#1293,#1294,#1295,#1296,#1297,
#1298));
#304=EDGE_LOOP('',(#1299,#1300,#1301,#1302));
#305=EDGE_LOOP('',(#1303,#1304,#1305,#1306,#1307,#1308,#1309,#1310));
#306=EDGE_LOOP('',(#1311));
#307=EDGE_LOOP('',(#1312));
#308=EDGE_LOOP('',(#1313,#1314,#1315,#1316));
#309=EDGE_LOOP('',(#1317,#1318));
#310=EDGE_LOOP('',(#1319,#1320,#1321));
#311=EDGE_LOOP('',(#1322,#1323,#1324,#1325,#1326,#1327));
#312=EDGE_LOOP('',(#1328));
#313=EDGE_LOOP('',(#1329,#1330,#1331,#1332));
#314=EDGE_LOOP('',(#1333,#1334,#1335,#1336,#1337));
#315=EDGE_LOOP('',(#1338,#1339,#1340,#1341));
#316=EDGE_LOOP('',(#1342,#1343,#1344,#1345));
#317=EDGE_LOOP('',(#1346));
#318=EDGE_LOOP('',(#1347,#1348,#1349,#1350,#1351,#1352,#1353,#1354));
#319=EDGE_LOOP('',(#1355,#1356,#1357,#1358,#1359));
#320=EDGE_LOOP('',(#1360,#1361,#1362,#1363));
#321=EDGE_LOOP('',(#1364,#1365,#1366,#1367));
#322=EDGE_LOOP('',(#1368,#1369,#1370,#1371));
#323=EDGE_LOOP('',(#1372,#1373,#1374,#1375));
#324=EDGE_LOOP('',(#1376,#1377,#1378,#1379,#1380,#1381,#1382,#1383));
#325=EDGE_LOOP('',(#1384,#1385,#1386,#1387));
#326=EDGE_LOOP('',(#1388,#1389,#1390,#1391,#1392));
#327=EDGE_LOOP('',(#1393,#1394,#1395,#1396));
#328=EDGE_LOOP('',(#1397,#1398));
#329=EDGE_LOOP('',(#1399,#1400,#1401,#1402));
#330=EDGE_LOOP('',(#1403,#1404));
#331=LINE('',#2060,#434);
#332=LINE('',#2067,#435);
#333=LINE('',#2183,#436);
#334=LINE('',#2205,#437);
#335=LINE('',#2206,#438);
#336=LINE('',#2284,#439);
#337=LINE('',#2285,#440);
#338=LINE('',#2291,#441);
#339=LINE('',#2295,#442);
#340=LINE('',#2299,#443);
#341=LINE('',#2300,#444);
#342=LINE('',#2364,#445);
#343=LINE('',#2369,#446);
#344=LINE('',#2376,#447);
#345=LINE('',#2379,#448);
#346=LINE('',#2382,#449);
#347=LINE('',#2384,#450);
#348=LINE('',#2385,#451);
#349=LINE('',#2387,#452);
#350=LINE('',#2388,#453);
#351=LINE('',#2391,#454);
#352=LINE('',#2393,#455);
#353=LINE('',#2395,#456);
#354=LINE('',#2397,#457);
#355=LINE('',#2399,#458);
#356=LINE('',#2401,#459);
#357=LINE('',#2402,#460);
#358=LINE('',#2405,#461);
#359=LINE('',#2409,#462);
#360=LINE('',#2413,#463);
#361=LINE('',#2417,#464);
#362=LINE('',#2434,#465);
#363=LINE('',#2438,#466);
#364=LINE('',#2455,#467);
#365=LINE('',#2459,#468);
#366=LINE('',#2476,#469);
#367=LINE('',#2481,#470);
#368=LINE('',#2487,#471);
#369=LINE('',#2489,#472);
#370=LINE('',#2492,#473);
#371=LINE('',#2497,#474);
#372=LINE('',#2499,#475);
#373=LINE('',#2501,#476);
#374=LINE('',#2506,#477);
#375=LINE('',#2508,#478);
#376=LINE('',#2510,#479);
#377=LINE('',#2513,#480);
#378=LINE('',#2514,#481);
#379=LINE('',#2518,#482);
#380=LINE('',#2520,#483);
#381=LINE('',#2522,#484);
#382=LINE('',#2528,#485);
#383=LINE('',#2531,#486);
#384=LINE('',#2533,#487);
#385=LINE('',#2536,#488);
#386=LINE('',#2538,#489);
#387=LINE('',#2540,#490);
#388=LINE('',#2542,#491);
#389=LINE('',#2737,#492);
#390=LINE('',#2763,#493);
#391=LINE('',#2764,#494);
#392=LINE('',#2766,#495);
#393=LINE('',#2767,#496);
#394=LINE('',#2771,#497);
#395=LINE('',#2773,#498);
#396=LINE('',#2775,#499);
#397=LINE('',#2776,#500);
#398=LINE('',#2926,#501);
#399=LINE('',#3076,#502);
#400=LINE('',#3102,#503);
#401=LINE('',#3103,#504);
#402=LINE('',#3105,#505);
#403=LINE('',#3106,#506);
#404=LINE('',#3133,#507);
#405=LINE('',#3134,#508);
#406=LINE('',#3136,#509);
#407=LINE('',#3137,#510);
#408=LINE('',#3140,#511);
#409=LINE('',#3143,#512);
#410=LINE('',#3146,#513);
#411=LINE('',#3150,#514);
#412=LINE('',#3152,#515);
#413=LINE('',#3154,#516);
#414=LINE('',#3155,#517);
#415=LINE('',#3157,#518);
#416=LINE('',#3158,#519);
#417=LINE('',#3160,#520);
#418=LINE('',#3162,#521);
#419=LINE('',#3165,#522);
#420=LINE('',#3176,#523);
#421=LINE('',#3211,#524);
#422=LINE('',#3218,#525);
#423=LINE('',#3222,#526);
#424=LINE('',#3275,#527);
#425=LINE('',#3297,#528);
#426=LINE('',#3400,#529);
#427=LINE('',#3403,#530);
#428=LINE('',#3405,#531);
#429=LINE('',#3406,#532);
#430=LINE('',#3411,#533);
#431=LINE('',#3414,#534);
#432=LINE('',#3415,#535);
#433=LINE('',#3420,#536);
#434=VECTOR('',#1676,0.500000007450581);
#435=VECTOR('',#1685,1.5);
#436=VECTOR('',#1694,10.);
#437=VECTOR('',#1695,10.);
#438=VECTOR('',#1696,10.);
#439=VECTOR('',#1699,10.);
#440=VECTOR('',#1700,10.);
#441=VECTOR('',#1707,10.);
#442=VECTOR('',#1710,10.);
#443=VECTOR('',#1713,10.);
#444=VECTOR('',#1714,10.);
#445=VECTOR('',#1721,10.);
#446=VECTOR('',#1726,10.);
#447=VECTOR('',#1733,10.);
#448=VECTOR('',#1736,10.);
#449=VECTOR('',#1739,10.);
#450=VECTOR('',#1740,10.);
#451=VECTOR('',#1741,10.);
#452=VECTOR('',#1744,10.);
#453=VECTOR('',#1745,10.);
#454=VECTOR('',#1748,10.);
#455=VECTOR('',#1749,10.);
#456=VECTOR('',#1750,10.);
#457=VECTOR('',#1751,10.);
#458=VECTOR('',#1752,10.);
#459=VECTOR('',#1753,10.);
#460=VECTOR('',#1754,10.);
#461=VECTOR('',#1757,10.);
#462=VECTOR('',#1760,10.);
#463=VECTOR('',#1763,10.);
#464=VECTOR('',#1766,10.);
#465=VECTOR('',#1769,10.);
#466=VECTOR('',#1772,10.);
#467=VECTOR('',#1775,10.);
#468=VECTOR('',#1778,10.);
#469=VECTOR('',#1781,10.);
#470=VECTOR('',#1786,10.);
#471=VECTOR('',#1795,10.);
#472=VECTOR('',#1796,10.);
#473=VECTOR('',#1799,10.);
#474=VECTOR('',#1804,10.);
#475=VECTOR('',#1805,10.);
#476=VECTOR('',#1806,10.);
#477=VECTOR('',#1811,10.);
#478=VECTOR('',#1812,10.);
#479=VECTOR('',#1813,10.);
#480=VECTOR('',#1816,10.);
#481=VECTOR('',#1817,10.);
#482=VECTOR('',#1820,10.);
#483=VECTOR('',#1821,10.);
#484=VECTOR('',#1822,10.);
#485=VECTOR('',#1829,10.);
#486=VECTOR('',#1832,10.);
#487=VECTOR('',#1833,10.);
#488=VECTOR('',#1838,10.);
#489=VECTOR('',#1841,10.);
#490=VECTOR('',#1844,10.);
#491=VECTOR('',#1847,10.);
#492=VECTOR('',#1860,10.);
#493=VECTOR('',#1867,10.);
#494=VECTOR('',#1868,10.);
#495=VECTOR('',#1871,10.);
#496=VECTOR('',#1872,10.);
#497=VECTOR('',#1875,10.);
#498=VECTOR('',#1876,10.);
#499=VECTOR('',#1877,10.);
#500=VECTOR('',#1878,10.);
#501=VECTOR('',#1889,10.);
#502=VECTOR('',#1900,10.);
#503=VECTOR('',#1907,10.);
#504=VECTOR('',#1908,10.);
#505=VECTOR('',#1911,10.);
#506=VECTOR('',#1912,10.);
#507=VECTOR('',#1921,10.);
#508=VECTOR('',#1922,10.);
#509=VECTOR('',#1925,10.);
#510=VECTOR('',#1926,10.);
#511=VECTOR('',#1931,10.);
#512=VECTOR('',#1936,10.);
#513=VECTOR('',#1941,10.);
#514=VECTOR('',#1944,10.);
#515=VECTOR('',#1945,10.);
#516=VECTOR('',#1946,10.);
#517=VECTOR('',#1947,10.);
#518=VECTOR('',#1950,10.);
#519=VECTOR('',#1951,10.);
#520=VECTOR('',#1954,10.);
#521=VECTOR('',#1957,10.);
#522=VECTOR('',#1962,9.);
#523=VECTOR('',#1979,9.);
#524=VECTOR('',#1990,0.25);
#525=VECTOR('',#1999,1.5);
#526=VECTOR('',#2004,1.93767808501391);
#527=VECTOR('',#2013,10.);
#528=VECTOR('',#2014,10.);
#529=VECTOR('',#2021,10.);
#530=VECTOR('',#2024,10.);
#531=VECTOR('',#2025,10.);
#532=VECTOR('',#2026,10.);
#533=VECTOR('',#2031,10.);
#534=VECTOR('',#2036,10.);
#535=VECTOR('',#2037,10.);
#536=VECTOR('',#2044,10.);
#537=CIRCLE('',#1531,0.500000007450581);
#538=CIRCLE('',#1532,0.500000007450581);
#539=CIRCLE('',#1535,1.5);
#540=CIRCLE('',#1536,1.5);
#541=CIRCLE('',#1538,7.99835465741472);
#542=CIRCLE('',#1542,9.);
#543=CIRCLE('',#1543,9.);
#544=CIRCLE('',#1545,10.0000001490116);
#545=CIRCLE('',#1546,10.);
#546=CIRCLE('',#1547,10.);
#547=CIRCLE('',#1550,9.);
#548=CIRCLE('',#1551,10.);
#549=CIRCLE('',#1553,10.);
#550=CIRCLE('',#1554,9.);
#551=CIRCLE('',#1559,10.);
#552=CIRCLE('',#1560,10.);
#553=CIRCLE('',#1561,10.);
#554=CIRCLE('',#1562,10.);
#555=CIRCLE('',#1563,10.);
#556=CIRCLE('',#1564,10.);
#557=CIRCLE('',#1565,10.);
#558=CIRCLE('',#1566,10.);
#559=CIRCLE('',#1567,10.);
#560=CIRCLE('',#1568,10.);
#561=CIRCLE('',#1569,10.);
#562=CIRCLE('',#1570,10.);
#563=CIRCLE('',#1572,1.49999996647239);
#564=CIRCLE('',#1573,2.);
#565=CIRCLE('',#1575,10.);
#566=CIRCLE('',#1576,10.);
#567=CIRCLE('',#1577,10.);
#568=CIRCLE('',#1578,10.);
#569=CIRCLE('',#1579,10.);
#570=CIRCLE('',#1580,10.);
#571=CIRCLE('',#1581,9.);
#572=CIRCLE('',#1583,2.);
#573=CIRCLE('',#1584,1.49999996647239);
#574=CIRCLE('',#1590,4.);
#575=CIRCLE('',#1591,4.);
#576=CIRCLE('',#1593,4.);
#577=CIRCLE('',#1600,4.);
#578=CIRCLE('',#1601,4.);
#579=CIRCLE('',#1603,4.);
#580=CIRCLE('',#1605,4.);
#581=CIRCLE('',#1606,4.);
#582=CIRCLE('',#1608,4.);
#583=CIRCLE('',#1631,9.);
#584=CIRCLE('',#1635,9.);
#585=CIRCLE('',#1637,9.);
#586=CIRCLE('',#1641,10.);
#587=CIRCLE('',#1644,0.25);
#588=CIRCLE('',#1647,1.5);
#589=CIRCLE('',#1648,1.5);
#590=CIRCLE('',#1650,2.37535617002782);
#591=CIRCLE('',#1651,2.37535617002782);
#592=CIRCLE('',#1652,1.78663742510848);
#593=CIRCLE('',#1654,10.0000001490116);
#594=CIRCLE('',#1655,10.0000001490116);
#595=CIRCLE('',#1659,9.);
#596=CIRCLE('',#1660,9.);
#597=CIRCLE('',#1664,7.99835465741472);
#598=CIRCLE('',#1666,6.99753155691661);
#599=CIRCLE('',#1668,6.99753155691661);
#600=VERTEX_POINT('',#2057);
#601=VERTEX_POINT('',#2059);
#602=VERTEX_POINT('',#2064);
#603=VERTEX_POINT('',#2066);
#604=VERTEX_POINT('',#2135);
#605=VERTEX_POINT('',#2136);
#606=VERTEX_POINT('',#2157);
#607=VERTEX_POINT('',#2168);
#608=VERTEX_POINT('',#2181);
#609=VERTEX_POINT('',#2182);
#610=VERTEX_POINT('',#2184);
#611=VERTEX_POINT('',#2257);
#612=VERTEX_POINT('',#2273);
#613=VERTEX_POINT('',#2283);
#614=VERTEX_POINT('',#2287);
#615=VERTEX_POINT('',#2289);
#616=VERTEX_POINT('',#2293);
#617=VERTEX_POINT('',#2294);
#618=VERTEX_POINT('',#2296);
#619=VERTEX_POINT('',#2298);
#620=VERTEX_POINT('',#2351);
#621=VERTEX_POINT('',#2366);
#622=VERTEX_POINT('',#2368);
#623=VERTEX_POINT('',#2372);
#624=VERTEX_POINT('',#2373);
#625=VERTEX_POINT('',#2375);
#626=VERTEX_POINT('',#2377);
#627=VERTEX_POINT('',#2381);
#628=VERTEX_POINT('',#2383);
#629=VERTEX_POINT('',#2390);
#630=VERTEX_POINT('',#2392);
#631=VERTEX_POINT('',#2394);
#632=VERTEX_POINT('',#2396);
#633=VERTEX_POINT('',#2398);
#634=VERTEX_POINT('',#2400);
#635=VERTEX_POINT('',#2404);
#636=VERTEX_POINT('',#2406);
#637=VERTEX_POINT('',#2408);
#638=VERTEX_POINT('',#2410);
#639=VERTEX_POINT('',#2412);
#640=VERTEX_POINT('',#2414);
#641=VERTEX_POINT('',#2416);
#642=VERTEX_POINT('',#2418);
#643=VERTEX_POINT('',#2420);
#644=VERTEX_POINT('',#2433);
#645=VERTEX_POINT('',#2435);
#646=VERTEX_POINT('',#2437);
#647=VERTEX_POINT('',#2439);
#648=VERTEX_POINT('',#2441);
#649=VERTEX_POINT('',#2454);
#650=VERTEX_POINT('',#2456);
#651=VERTEX_POINT('',#2458);
#652=VERTEX_POINT('',#2460);
#653=VERTEX_POINT('',#2462);
#654=VERTEX_POINT('',#2475);
#655=VERTEX_POINT('',#2478);
#656=VERTEX_POINT('',#2480);
#657=VERTEX_POINT('',#2485);
#658=VERTEX_POINT('',#2488);
#659=VERTEX_POINT('',#2490);
#660=VERTEX_POINT('',#2494);
#661=VERTEX_POINT('',#2496);
#662=VERTEX_POINT('',#2498);
#663=VERTEX_POINT('',#2500);
#664=VERTEX_POINT('',#2503);
#665=VERTEX_POINT('',#2505);
#666=VERTEX_POINT('',#2507);
#667=VERTEX_POINT('',#2509);
#668=VERTEX_POINT('',#2512);
#669=VERTEX_POINT('',#2515);
#670=VERTEX_POINT('',#2517);
#671=VERTEX_POINT('',#2519);
#672=VERTEX_POINT('',#2521);
#673=VERTEX_POINT('',#2524);
#674=VERTEX_POINT('',#2527);
#675=VERTEX_POINT('',#2529);
#676=VERTEX_POINT('',#2532);
#677=VERTEX_POINT('',#2584);
#678=VERTEX_POINT('',#2619);
#679=VERTEX_POINT('',#2628);
#680=VERTEX_POINT('',#2670);
#681=VERTEX_POINT('',#2717);
#682=VERTEX_POINT('',#2731);
#683=VERTEX_POINT('',#2733);
#684=VERTEX_POINT('',#2760);
#685=VERTEX_POINT('',#2761);
#686=VERTEX_POINT('',#2769);
#687=VERTEX_POINT('',#2770);
#688=VERTEX_POINT('',#2772);
#689=VERTEX_POINT('',#2774);
#690=VERTEX_POINT('',#2817);
#691=VERTEX_POINT('',#2852);
#692=VERTEX_POINT('',#2863);
#693=VERTEX_POINT('',#2893);
#694=VERTEX_POINT('',#2906);
#695=VERTEX_POINT('',#2920);
#696=VERTEX_POINT('',#2922);
#697=VERTEX_POINT('',#2967);
#698=VERTEX_POINT('',#3002);
#699=VERTEX_POINT('',#3013);
#700=VERTEX_POINT('',#3043);
#701=VERTEX_POINT('',#3056);
#702=VERTEX_POINT('',#3070);
#703=VERTEX_POINT('',#3072);
#704=VERTEX_POINT('',#3099);
#705=VERTEX_POINT('',#3100);
#706=VERTEX_POINT('',#3130);
#707=VERTEX_POINT('',#3131);
#708=VERTEX_POINT('',#3148);
#709=VERTEX_POINT('',#3149);
#710=VERTEX_POINT('',#3151);
#711=VERTEX_POINT('',#3153);
#712=VERTEX_POINT('',#3170);
#713=VERTEX_POINT('',#3173);
#714=VERTEX_POINT('',#3178);
#715=VERTEX_POINT('',#3179);
#716=VERTEX_POINT('',#3183);
#717=VERTEX_POINT('',#3210);
#718=VERTEX_POINT('',#3215);
#719=VERTEX_POINT('',#3217);
#720=VERTEX_POINT('',#3221);
#721=VERTEX_POINT('',#3223);
#722=VERTEX_POINT('',#3262);
#723=VERTEX_POINT('',#3267);
#724=VERTEX_POINT('',#3274);
#725=VERTEX_POINT('',#3276);
#726=VERTEX_POINT('',#3348);
#727=VERTEX_POINT('',#3358);
#728=VERTEX_POINT('',#3360);
#729=VERTEX_POINT('',#3365);
#730=VERTEX_POINT('',#3372);
#731=VERTEX_POINT('',#3377);
#732=VERTEX_POINT('',#3389);
#733=VERTEX_POINT('',#3402);
#734=VERTEX_POINT('',#3404);
#735=VERTEX_POINT('',#3408);
#736=VERTEX_POINT('',#3410);
#737=VERTEX_POINT('',#3418);
#738=VERTEX_POINT('',#3547);
#739=VERTEX_POINT('',#3548);
#740=VERTEX_POINT('',#3569);
#741=VERTEX_POINT('',#3577);
#742=EDGE_CURVE('',#600,#600,#537,.T.);
#743=EDGE_CURVE('',#600,#601,#331,.T.);
#744=EDGE_CURVE('',#601,#601,#538,.T.);
#745=EDGE_CURVE('',#602,#602,#539,.T.);
#746=EDGE_CURVE('',#602,#603,#332,.T.);
#747=EDGE_CURVE('',#603,#603,#540,.T.);
#748=EDGE_CURVE('',#604,#605,#52,.T.);
#749=EDGE_CURVE('',#606,#605,#53,.T.);
#750=EDGE_CURVE('',#607,#606,#541,.T.);
#751=EDGE_CURVE('',#604,#607,#54,.T.);
#752=EDGE_CURVE('',#608,#609,#333,.T.);
#753=EDGE_CURVE('',#608,#610,#55,.T.);
#754=EDGE_CURVE('',#605,#610,#334,.T.);
#755=EDGE_CURVE('',#609,#604,#335,.T.);
#756=EDGE_CURVE('',#611,#608,#46,.T.);
#757=EDGE_CURVE('',#610,#611,#47,.T.);
#758=EDGE_CURVE('',#610,#612,#48,.T.);
#759=EDGE_CURVE('',#613,#612,#336,.T.);
#760=EDGE_CURVE('',#613,#606,#337,.T.);
#761=EDGE_CURVE('',#613,#614,#542,.T.);
#762=EDGE_CURVE('',#614,#615,#543,.T.);
#763=EDGE_CURVE('',#607,#615,#338,.T.);
#764=EDGE_CURVE('',#616,#617,#339,.T.);
#765=EDGE_CURVE('',#618,#617,#544,.T.);
#766=EDGE_CURVE('',#618,#619,#340,.T.);
#767=EDGE_CURVE('',#619,#616,#341,.T.);
#768=EDGE_CURVE('',#608,#620,#49,.T.);
#769=EDGE_CURVE('',#620,#618,#545,.T.);
#770=EDGE_CURVE('',#617,#612,#546,.T.);
#771=EDGE_CURVE('',#620,#615,#342,.T.);
#772=EDGE_CURVE('',#615,#621,#547,.T.);
#773=EDGE_CURVE('',#621,#622,#343,.T.);
#774=EDGE_CURVE('',#622,#620,#548,.T.);
#775=EDGE_CURVE('',#623,#624,#549,.T.);
#776=EDGE_CURVE('',#624,#625,#344,.T.);
#777=EDGE_CURVE('',#625,#626,#550,.T.);
#778=EDGE_CURVE('',#626,#623,#345,.T.);
#779=EDGE_CURVE('',#627,#623,#346,.T.);
#780=EDGE_CURVE('',#628,#626,#347,.T.);
#781=EDGE_CURVE('',#627,#628,#348,.T.);
#782=EDGE_CURVE('',#624,#622,#349,.T.);
#783=EDGE_CURVE('',#625,#621,#350,.T.);
#784=EDGE_CURVE('',#629,#618,#351,.T.);
#785=EDGE_CURVE('',#629,#630,#352,.T.);
#786=EDGE_CURVE('',#630,#631,#353,.T.);
#787=EDGE_CURVE('',#632,#631,#354,.T.);
#788=EDGE_CURVE('',#633,#632,#355,.T.);
#789=EDGE_CURVE('',#633,#634,#356,.T.);
#790=EDGE_CURVE('',#619,#634,#357,.T.);
#791=EDGE_CURVE('',#617,#635,#358,.T.);
#792=EDGE_CURVE('',#635,#636,#551,.T.);
#793=EDGE_CURVE('',#636,#637,#359,.T.);
#794=EDGE_CURVE('',#637,#638,#552,.T.);
#795=EDGE_CURVE('',#639,#638,#360,.T.);
#796=EDGE_CURVE('',#640,#639,#553,.T.);
#797=EDGE_CURVE('',#641,#640,#361,.T.);
#798=EDGE_CURVE('',#641,#642,#554,.T.);
#799=EDGE_CURVE('',#643,#642,#56,.F.);
#800=EDGE_CURVE('',#644,#643,#362,.T.);
#801=EDGE_CURVE('',#645,#644,#555,.T.);
#802=EDGE_CURVE('',#646,#645,#363,.T.);
#803=EDGE_CURVE('',#646,#647,#556,.T.);
#804=EDGE_CURVE('',#648,#647,#57,.F.);
#805=EDGE_CURVE('',#649,#648,#364,.T.);
#806=EDGE_CURVE('',#650,#649,#557,.T.);
#807=EDGE_CURVE('',#651,#650,#365,.T.);
#808=EDGE_CURVE('',#651,#652,#558,.T.);
#809=EDGE_CURVE('',#653,#652,#58,.F.);
#810=EDGE_CURVE('',#654,#653,#366,.T.);
#811=EDGE_CURVE('',#633,#654,#559,.T.);
#812=EDGE_CURVE('',#655,#632,#560,.T.);
#813=EDGE_CURVE('',#655,#656,#367,.T.);
#814=EDGE_CURVE('',#629,#656,#561,.T.);
#815=EDGE_CURVE('',#612,#627,#562,.T.);
#816=EDGE_CURVE('',#631,#657,#563,.T.);
#817=EDGE_CURVE('',#657,#638,#368,.T.);
#818=EDGE_CURVE('',#637,#658,#369,.T.);
#819=EDGE_CURVE('',#658,#659,#564,.T.);
#820=EDGE_CURVE('',#659,#655,#370,.T.);
#821=EDGE_CURVE('',#660,#649,#565,.T.);
#822=EDGE_CURVE('',#661,#660,#371,.T.);
#823=EDGE_CURVE('',#661,#662,#372,.T.);
#824=EDGE_CURVE('',#663,#662,#373,.T.);
#825=EDGE_CURVE('',#645,#663,#566,.T.);
#826=EDGE_CURVE('',#664,#644,#567,.T.);
#827=EDGE_CURVE('',#665,#664,#374,.T.);
#828=EDGE_CURVE('',#666,#665,#375,.T.);
#829=EDGE_CURVE('',#667,#666,#376,.T.);
#830=EDGE_CURVE('',#640,#667,#568,.T.);
#831=EDGE_CURVE('',#668,#639,#377,.T.);
#832=EDGE_CURVE('',#668,#634,#378,.T.);
#833=EDGE_CURVE('',#669,#654,#569,.T.);
#834=EDGE_CURVE('',#670,#669,#379,.T.);
#835=EDGE_CURVE('',#670,#671,#380,.T.);
#836=EDGE_CURVE('',#672,#671,#381,.T.);
#837=EDGE_CURVE('',#650,#672,#570,.T.);
#838=EDGE_CURVE('',#673,#673,#571,.T.);
#839=EDGE_CURVE('',#674,#656,#382,.T.);
#840=EDGE_CURVE('',#674,#675,#572,.T.);
#841=EDGE_CURVE('',#675,#636,#383,.T.);
#842=EDGE_CURVE('',#676,#635,#384,.T.);
#843=EDGE_CURVE('',#630,#676,#573,.T.);
#844=EDGE_CURVE('',#668,#616,#385,.T.);
#845=EDGE_CURVE('',#674,#659,#386,.T.);
#846=EDGE_CURVE('',#675,#658,#387,.T.);
#847=EDGE_CURVE('',#676,#657,#388,.T.);
#848=EDGE_CURVE('',#677,#647,#574,.T.);
#849=EDGE_CURVE('',#646,#677,#59,.T.);
#850=EDGE_CURVE('',#678,#647,#60,.T.);
#851=EDGE_CURVE('',#677,#679,#61,.T.);
#852=EDGE_CURVE('',#679,#678,#62,.T.);
#853=EDGE_CURVE('',#679,#680,#63,.T.);
#854=EDGE_CURVE('',#680,#681,#64,.T.);
#855=EDGE_CURVE('',#681,#682,#575,.T.);
#856=EDGE_CURVE('',#682,#683,#24,.T.);
#857=EDGE_CURVE('',#678,#683,#576,.T.);
#858=EDGE_CURVE('',#663,#680,#389,.T.);
#859=EDGE_CURVE('',#683,#648,#25,.T.);
#860=EDGE_CURVE('',#684,#685,#26,.T.);
#861=EDGE_CURVE('',#685,#682,#390,.T.);
#862=EDGE_CURVE('',#681,#684,#391,.T.);
#863=EDGE_CURVE('',#662,#684,#392,.T.);
#864=EDGE_CURVE('',#685,#661,#393,.T.);
#865=EDGE_CURVE('',#686,#687,#394,.T.);
#866=EDGE_CURVE('',#687,#688,#395,.T.);
#867=EDGE_CURVE('',#688,#689,#396,.T.);
#868=EDGE_CURVE('',#689,#686,#397,.T.);
#869=EDGE_CURVE('',#690,#642,#577,.T.);
#870=EDGE_CURVE('',#641,#690,#65,.T.);
#871=EDGE_CURVE('',#691,#642,#66,.T.);
#872=EDGE_CURVE('',#690,#692,#67,.T.);
#873=EDGE_CURVE('',#692,#691,#68,.T.);
#874=EDGE_CURVE('',#692,#693,#69,.T.);
#875=EDGE_CURVE('',#693,#694,#70,.T.);
#876=EDGE_CURVE('',#694,#695,#578,.T.);
#877=EDGE_CURVE('',#695,#696,#27,.T.);
#878=EDGE_CURVE('',#691,#696,#579,.T.);
#879=EDGE_CURVE('',#667,#693,#398,.T.);
#880=EDGE_CURVE('',#697,#652,#580,.T.);
#881=EDGE_CURVE('',#651,#697,#71,.T.);
#882=EDGE_CURVE('',#698,#652,#72,.T.);
#883=EDGE_CURVE('',#697,#699,#73,.T.);
#884=EDGE_CURVE('',#699,#698,#74,.T.);
#885=EDGE_CURVE('',#699,#700,#75,.T.);
#886=EDGE_CURVE('',#700,#701,#76,.T.);
#887=EDGE_CURVE('',#701,#702,#581,.T.);
#888=EDGE_CURVE('',#702,#703,#28,.T.);
#889=EDGE_CURVE('',#698,#703,#582,.T.);
#890=EDGE_CURVE('',#672,#700,#399,.T.);
#891=EDGE_CURVE('',#703,#653,#29,.T.);
#892=EDGE_CURVE('',#704,#705,#30,.T.);
#893=EDGE_CURVE('',#705,#702,#400,.T.);
#894=EDGE_CURVE('',#701,#704,#401,.T.);
#895=EDGE_CURVE('',#671,#704,#402,.T.);
#896=EDGE_CURVE('',#705,#670,#403,.T.);
#897=EDGE_CURVE('',#696,#643,#31,.T.);
#898=EDGE_CURVE('',#706,#707,#32,.T.);
#899=EDGE_CURVE('',#707,#695,#404,.T.);
#900=EDGE_CURVE('',#694,#706,#405,.T.);
#901=EDGE_CURVE('',#666,#706,#406,.T.);
#902=EDGE_CURVE('',#707,#665,#407,.T.);
#903=EDGE_CURVE('',#702,#669,#408,.T.);
#904=EDGE_CURVE('',#695,#664,#409,.T.);
#905=EDGE_CURVE('',#682,#660,#410,.T.);
#906=EDGE_CURVE('',#708,#709,#411,.T.);
#907=EDGE_CURVE('',#709,#710,#412,.T.);
#908=EDGE_CURVE('',#710,#711,#413,.T.);
#909=EDGE_CURVE('',#711,#708,#414,.T.);
#910=EDGE_CURVE('',#689,#710,#415,.T.);
#911=EDGE_CURVE('',#688,#711,#416,.T.);
#912=EDGE_CURVE('',#687,#708,#417,.T.);
#913=EDGE_CURVE('',#686,#709,#418,.T.);
#914=EDGE_CURVE('',#673,#614,#419,.T.);
#915=EDGE_CURVE('',#628,#613,#583,.T.);
#916=EDGE_CURVE('',#712,#712,#584,.T.);
#917=EDGE_CURVE('',#713,#713,#585,.T.);
#918=EDGE_CURVE('',#712,#713,#420,.T.);
#919=EDGE_CURVE('',#714,#715,#33,.T.);
#920=EDGE_CURVE('',#715,#714,#586,.T.);
#921=EDGE_CURVE('',#715,#716,#77,.T.);
#922=EDGE_CURVE('',#716,#714,#78,.T.);
#923=EDGE_CURVE('',#716,#717,#421,.T.);
#924=EDGE_CURVE('',#717,#717,#587,.T.);
#925=EDGE_CURVE('',#718,#718,#588,.T.);
#926=EDGE_CURVE('',#718,#719,#422,.T.);
#927=EDGE_CURVE('',#719,#719,#589,.T.);
#928=EDGE_CURVE('',#719,#720,#423,.T.);
#929=EDGE_CURVE('',#721,#720,#590,.T.);
#930=EDGE_CURVE('',#720,#721,#591,.T.);
#931=EDGE_CURVE('',#722,#720,#79,.T.);
#932=EDGE_CURVE('',#723,#722,#592,.T.);
#933=EDGE_CURVE('',#723,#721,#80,.T.);
#934=EDGE_CURVE('',#724,#722,#424,.T.);
#935=EDGE_CURVE('',#725,#724,#81,.T.);
#936=EDGE_CURVE('',#723,#725,#425,.T.);
#937=EDGE_CURVE('',#726,#724,#50,.T.);
#938=EDGE_CURVE('',#727,#726,#593,.T.);
#939=EDGE_CURVE('',#727,#728,#82,.T.);
#940=EDGE_CURVE('',#728,#729,#83,.T.);
#941=EDGE_CURVE('',#729,#730,#84,.T.);
#942=EDGE_CURVE('',#731,#730,#594,.T.);
#943=EDGE_CURVE('',#725,#731,#51,.T.);
#944=EDGE_CURVE('',#720,#732,#85,.T.);
#945=EDGE_CURVE('',#732,#726,#426,.T.);
#946=EDGE_CURVE('',#729,#733,#427,.T.);
#947=EDGE_CURVE('',#733,#734,#428,.T.);
#948=EDGE_CURVE('',#730,#734,#429,.T.);
#949=EDGE_CURVE('',#733,#735,#595,.T.);
#950=EDGE_CURVE('',#735,#736,#430,.T.);
#951=EDGE_CURVE('',#734,#736,#596,.T.);
#952=EDGE_CURVE('',#736,#727,#431,.T.);
#953=EDGE_CURVE('',#735,#728,#432,.T.);
#954=EDGE_CURVE('',#737,#732,#597,.T.);
#955=EDGE_CURVE('',#737,#731,#433,.T.);
#956=EDGE_CURVE('',#721,#737,#86,.T.);
#957=EDGE_CURVE('',#738,#739,#87,.T.);
#958=EDGE_CURVE('',#739,#740,#88,.T.);
#959=EDGE_CURVE('',#741,#740,#598,.T.);
#960=EDGE_CURVE('',#741,#738,#89,.T.);
#961=EDGE_CURVE('',#739,#738,#90,.T.);
#962=EDGE_CURVE('',#740,#741,#599,.T.);
#963=ORIENTED_EDGE('',*,*,#742,.F.);
#964=ORIENTED_EDGE('',*,*,#743,.T.);
#965=ORIENTED_EDGE('',*,*,#744,.T.);
#966=ORIENTED_EDGE('',*,*,#743,.F.);
#967=ORIENTED_EDGE('',*,*,#744,.F.);
#968=ORIENTED_EDGE('',*,*,#745,.F.);
#969=ORIENTED_EDGE('',*,*,#746,.T.);
#970=ORIENTED_EDGE('',*,*,#747,.T.);
#971=ORIENTED_EDGE('',*,*,#746,.F.);
#972=ORIENTED_EDGE('',*,*,#745,.T.);
#973=ORIENTED_EDGE('',*,*,#742,.T.);
#974=ORIENTED_EDGE('',*,*,#748,.T.);
#975=ORIENTED_EDGE('',*,*,#749,.F.);
#976=ORIENTED_EDGE('',*,*,#750,.F.);
#977=ORIENTED_EDGE('',*,*,#751,.F.);
#978=ORIENTED_EDGE('',*,*,#752,.F.);
#979=ORIENTED_EDGE('',*,*,#753,.T.);
#980=ORIENTED_EDGE('',*,*,#754,.F.);
#981=ORIENTED_EDGE('',*,*,#748,.F.);
#982=ORIENTED_EDGE('',*,*,#755,.F.);
#983=ORIENTED_EDGE('',*,*,#747,.F.);
#984=ORIENTED_EDGE('',*,*,#753,.F.);
#985=ORIENTED_EDGE('',*,*,#756,.F.);
#986=ORIENTED_EDGE('',*,*,#757,.F.);
#987=ORIENTED_EDGE('',*,*,#754,.T.);
#988=ORIENTED_EDGE('',*,*,#758,.T.);
#989=ORIENTED_EDGE('',*,*,#759,.F.);
#990=ORIENTED_EDGE('',*,*,#760,.T.);
#991=ORIENTED_EDGE('',*,*,#749,.T.);
#992=ORIENTED_EDGE('',*,*,#761,.T.);
#993=ORIENTED_EDGE('',*,*,#762,.T.);
#994=ORIENTED_EDGE('',*,*,#763,.F.);
#995=ORIENTED_EDGE('',*,*,#750,.T.);
#996=ORIENTED_EDGE('',*,*,#760,.F.);
#997=ORIENTED_EDGE('',*,*,#764,.T.);
#998=ORIENTED_EDGE('',*,*,#765,.F.);
#999=ORIENTED_EDGE('',*,*,#766,.T.);
#1000=ORIENTED_EDGE('',*,*,#767,.T.);
#1001=ORIENTED_EDGE('',*,*,#768,.T.);
#1002=ORIENTED_EDGE('',*,*,#769,.T.);
#1003=ORIENTED_EDGE('',*,*,#765,.T.);
#1004=ORIENTED_EDGE('',*,*,#770,.T.);
#1005=ORIENTED_EDGE('',*,*,#758,.F.);
#1006=ORIENTED_EDGE('',*,*,#757,.T.);
#1007=ORIENTED_EDGE('',*,*,#756,.T.);
#1008=ORIENTED_EDGE('',*,*,#752,.T.);
#1009=ORIENTED_EDGE('',*,*,#755,.T.);
#1010=ORIENTED_EDGE('',*,*,#751,.T.);
#1011=ORIENTED_EDGE('',*,*,#763,.T.);
#1012=ORIENTED_EDGE('',*,*,#771,.F.);
#1013=ORIENTED_EDGE('',*,*,#768,.F.);
#1014=ORIENTED_EDGE('',*,*,#771,.T.);
#1015=ORIENTED_EDGE('',*,*,#772,.T.);
#1016=ORIENTED_EDGE('',*,*,#773,.T.);
#1017=ORIENTED_EDGE('',*,*,#774,.T.);
#1018=ORIENTED_EDGE('',*,*,#775,.T.);
#1019=ORIENTED_EDGE('',*,*,#776,.T.);
#1020=ORIENTED_EDGE('',*,*,#777,.T.);
#1021=ORIENTED_EDGE('',*,*,#778,.T.);
#1022=ORIENTED_EDGE('',*,*,#779,.T.);
#1023=ORIENTED_EDGE('',*,*,#778,.F.);
#1024=ORIENTED_EDGE('',*,*,#780,.F.);
#1025=ORIENTED_EDGE('',*,*,#781,.F.);
#1026=ORIENTED_EDGE('',*,*,#782,.T.);
#1027=ORIENTED_EDGE('',*,*,#773,.F.);
#1028=ORIENTED_EDGE('',*,*,#783,.F.);
#1029=ORIENTED_EDGE('',*,*,#776,.F.);
#1030=ORIENTED_EDGE('',*,*,#766,.F.);
#1031=ORIENTED_EDGE('',*,*,#784,.F.);
#1032=ORIENTED_EDGE('',*,*,#785,.T.);
#1033=ORIENTED_EDGE('',*,*,#786,.T.);
#1034=ORIENTED_EDGE('',*,*,#787,.F.);
#1035=ORIENTED_EDGE('',*,*,#788,.F.);
#1036=ORIENTED_EDGE('',*,*,#789,.T.);
#1037=ORIENTED_EDGE('',*,*,#790,.F.);
#1038=ORIENTED_EDGE('',*,*,#770,.F.);
#1039=ORIENTED_EDGE('',*,*,#791,.T.);
#1040=ORIENTED_EDGE('',*,*,#792,.T.);
#1041=ORIENTED_EDGE('',*,*,#793,.T.);
#1042=ORIENTED_EDGE('',*,*,#794,.T.);
#1043=ORIENTED_EDGE('',*,*,#795,.F.);
#1044=ORIENTED_EDGE('',*,*,#796,.F.);
#1045=ORIENTED_EDGE('',*,*,#797,.F.);
#1046=ORIENTED_EDGE('',*,*,#798,.T.);
#1047=ORIENTED_EDGE('',*,*,#799,.F.);
#1048=ORIENTED_EDGE('',*,*,#800,.F.);
#1049=ORIENTED_EDGE('',*,*,#801,.F.);
#1050=ORIENTED_EDGE('',*,*,#802,.F.);
#1051=ORIENTED_EDGE('',*,*,#803,.T.);
#1052=ORIENTED_EDGE('',*,*,#804,.F.);
#1053=ORIENTED_EDGE('',*,*,#805,.F.);
#1054=ORIENTED_EDGE('',*,*,#806,.F.);
#1055=ORIENTED_EDGE('',*,*,#807,.F.);
#1056=ORIENTED_EDGE('',*,*,#808,.T.);
#1057=ORIENTED_EDGE('',*,*,#809,.F.);
#1058=ORIENTED_EDGE('',*,*,#810,.F.);
#1059=ORIENTED_EDGE('',*,*,#811,.F.);
#1060=ORIENTED_EDGE('',*,*,#788,.T.);
#1061=ORIENTED_EDGE('',*,*,#812,.F.);
#1062=ORIENTED_EDGE('',*,*,#813,.T.);
#1063=ORIENTED_EDGE('',*,*,#814,.F.);
#1064=ORIENTED_EDGE('',*,*,#784,.T.);
#1065=ORIENTED_EDGE('',*,*,#769,.F.);
#1066=ORIENTED_EDGE('',*,*,#774,.F.);
#1067=ORIENTED_EDGE('',*,*,#782,.F.);
#1068=ORIENTED_EDGE('',*,*,#775,.F.);
#1069=ORIENTED_EDGE('',*,*,#779,.F.);
#1070=ORIENTED_EDGE('',*,*,#815,.F.);
#1071=ORIENTED_EDGE('',*,*,#812,.T.);
#1072=ORIENTED_EDGE('',*,*,#787,.T.);
#1073=ORIENTED_EDGE('',*,*,#816,.T.);
#1074=ORIENTED_EDGE('',*,*,#817,.T.);
#1075=ORIENTED_EDGE('',*,*,#794,.F.);
#1076=ORIENTED_EDGE('',*,*,#818,.T.);
#1077=ORIENTED_EDGE('',*,*,#819,.T.);
#1078=ORIENTED_EDGE('',*,*,#820,.T.);
#1079=ORIENTED_EDGE('',*,*,#821,.F.);
#1080=ORIENTED_EDGE('',*,*,#822,.F.);
#1081=ORIENTED_EDGE('',*,*,#823,.T.);
#1082=ORIENTED_EDGE('',*,*,#824,.F.);
#1083=ORIENTED_EDGE('',*,*,#825,.F.);
#1084=ORIENTED_EDGE('',*,*,#801,.T.);
#1085=ORIENTED_EDGE('',*,*,#826,.F.);
#1086=ORIENTED_EDGE('',*,*,#827,.F.);
#1087=ORIENTED_EDGE('',*,*,#828,.F.);
#1088=ORIENTED_EDGE('',*,*,#829,.F.);
#1089=ORIENTED_EDGE('',*,*,#830,.F.);
#1090=ORIENTED_EDGE('',*,*,#796,.T.);
#1091=ORIENTED_EDGE('',*,*,#831,.F.);
#1092=ORIENTED_EDGE('',*,*,#832,.T.);
#1093=ORIENTED_EDGE('',*,*,#789,.F.);
#1094=ORIENTED_EDGE('',*,*,#811,.T.);
#1095=ORIENTED_EDGE('',*,*,#833,.F.);
#1096=ORIENTED_EDGE('',*,*,#834,.F.);
#1097=ORIENTED_EDGE('',*,*,#835,.T.);
#1098=ORIENTED_EDGE('',*,*,#836,.F.);
#1099=ORIENTED_EDGE('',*,*,#837,.F.);
#1100=ORIENTED_EDGE('',*,*,#806,.T.);
#1101=ORIENTED_EDGE('',*,*,#838,.F.);
#1102=ORIENTED_EDGE('',*,*,#839,.F.);
#1103=ORIENTED_EDGE('',*,*,#840,.T.);
#1104=ORIENTED_EDGE('',*,*,#841,.T.);
#1105=ORIENTED_EDGE('',*,*,#792,.F.);
#1106=ORIENTED_EDGE('',*,*,#842,.F.);
#1107=ORIENTED_EDGE('',*,*,#843,.F.);
#1108=ORIENTED_EDGE('',*,*,#785,.F.);
#1109=ORIENTED_EDGE('',*,*,#814,.T.);
#1110=ORIENTED_EDGE('',*,*,#790,.T.);
#1111=ORIENTED_EDGE('',*,*,#832,.F.);
#1112=ORIENTED_EDGE('',*,*,#844,.T.);
#1113=ORIENTED_EDGE('',*,*,#767,.F.);
#1114=ORIENTED_EDGE('',*,*,#820,.F.);
#1115=ORIENTED_EDGE('',*,*,#845,.F.);
#1116=ORIENTED_EDGE('',*,*,#839,.T.);
#1117=ORIENTED_EDGE('',*,*,#813,.F.);
#1118=ORIENTED_EDGE('',*,*,#841,.F.);
#1119=ORIENTED_EDGE('',*,*,#846,.T.);
#1120=ORIENTED_EDGE('',*,*,#818,.F.);
#1121=ORIENTED_EDGE('',*,*,#793,.F.);
#1122=ORIENTED_EDGE('',*,*,#843,.T.);
#1123=ORIENTED_EDGE('',*,*,#847,.T.);
#1124=ORIENTED_EDGE('',*,*,#816,.F.);
#1125=ORIENTED_EDGE('',*,*,#786,.F.);
#1126=ORIENTED_EDGE('',*,*,#840,.F.);
#1127=ORIENTED_EDGE('',*,*,#845,.T.);
#1128=ORIENTED_EDGE('',*,*,#819,.F.);
#1129=ORIENTED_EDGE('',*,*,#846,.F.);
#1130=ORIENTED_EDGE('',*,*,#848,.T.);
#1131=ORIENTED_EDGE('',*,*,#803,.F.);
#1132=ORIENTED_EDGE('',*,*,#849,.T.);
#1133=ORIENTED_EDGE('',*,*,#850,.T.);
#1134=ORIENTED_EDGE('',*,*,#848,.F.);
#1135=ORIENTED_EDGE('',*,*,#851,.T.);
#1136=ORIENTED_EDGE('',*,*,#852,.T.);
#1137=ORIENTED_EDGE('',*,*,#852,.F.);
#1138=ORIENTED_EDGE('',*,*,#853,.T.);
#1139=ORIENTED_EDGE('',*,*,#854,.T.);
#1140=ORIENTED_EDGE('',*,*,#855,.T.);
#1141=ORIENTED_EDGE('',*,*,#856,.T.);
#1142=ORIENTED_EDGE('',*,*,#857,.F.);
#1143=ORIENTED_EDGE('',*,*,#851,.F.);
#1144=ORIENTED_EDGE('',*,*,#849,.F.);
#1145=ORIENTED_EDGE('',*,*,#802,.T.);
#1146=ORIENTED_EDGE('',*,*,#825,.T.);
#1147=ORIENTED_EDGE('',*,*,#858,.T.);
#1148=ORIENTED_EDGE('',*,*,#853,.F.);
#1149=ORIENTED_EDGE('',*,*,#850,.F.);
#1150=ORIENTED_EDGE('',*,*,#857,.T.);
#1151=ORIENTED_EDGE('',*,*,#859,.T.);
#1152=ORIENTED_EDGE('',*,*,#804,.T.);
#1153=ORIENTED_EDGE('',*,*,#860,.T.);
#1154=ORIENTED_EDGE('',*,*,#861,.T.);
#1155=ORIENTED_EDGE('',*,*,#855,.F.);
#1156=ORIENTED_EDGE('',*,*,#862,.T.);
#1157=ORIENTED_EDGE('',*,*,#860,.F.);
#1158=ORIENTED_EDGE('',*,*,#863,.F.);
#1159=ORIENTED_EDGE('',*,*,#823,.F.);
#1160=ORIENTED_EDGE('',*,*,#864,.F.);
#1161=ORIENTED_EDGE('',*,*,#862,.F.);
#1162=ORIENTED_EDGE('',*,*,#854,.F.);
#1163=ORIENTED_EDGE('',*,*,#858,.F.);
#1164=ORIENTED_EDGE('',*,*,#824,.T.);
#1165=ORIENTED_EDGE('',*,*,#863,.T.);
#1166=ORIENTED_EDGE('',*,*,#865,.T.);
#1167=ORIENTED_EDGE('',*,*,#866,.T.);
#1168=ORIENTED_EDGE('',*,*,#867,.T.);
#1169=ORIENTED_EDGE('',*,*,#868,.T.);
#1170=ORIENTED_EDGE('',*,*,#869,.T.);
#1171=ORIENTED_EDGE('',*,*,#798,.F.);
#1172=ORIENTED_EDGE('',*,*,#870,.T.);
#1173=ORIENTED_EDGE('',*,*,#871,.T.);
#1174=ORIENTED_EDGE('',*,*,#869,.F.);
#1175=ORIENTED_EDGE('',*,*,#872,.T.);
#1176=ORIENTED_EDGE('',*,*,#873,.T.);
#1177=ORIENTED_EDGE('',*,*,#873,.F.);
#1178=ORIENTED_EDGE('',*,*,#874,.T.);
#1179=ORIENTED_EDGE('',*,*,#875,.T.);
#1180=ORIENTED_EDGE('',*,*,#876,.T.);
#1181=ORIENTED_EDGE('',*,*,#877,.T.);
#1182=ORIENTED_EDGE('',*,*,#878,.F.);
#1183=ORIENTED_EDGE('',*,*,#872,.F.);
#1184=ORIENTED_EDGE('',*,*,#870,.F.);
#1185=ORIENTED_EDGE('',*,*,#797,.T.);
#1186=ORIENTED_EDGE('',*,*,#830,.T.);
#1187=ORIENTED_EDGE('',*,*,#879,.T.);
#1188=ORIENTED_EDGE('',*,*,#874,.F.);
#1189=ORIENTED_EDGE('',*,*,#880,.T.);
#1190=ORIENTED_EDGE('',*,*,#808,.F.);
#1191=ORIENTED_EDGE('',*,*,#881,.T.);
#1192=ORIENTED_EDGE('',*,*,#882,.T.);
#1193=ORIENTED_EDGE('',*,*,#880,.F.);
#1194=ORIENTED_EDGE('',*,*,#883,.T.);
#1195=ORIENTED_EDGE('',*,*,#884,.T.);
#1196=ORIENTED_EDGE('',*,*,#884,.F.);
#1197=ORIENTED_EDGE('',*,*,#885,.T.);
#1198=ORIENTED_EDGE('',*,*,#886,.T.);
#1199=ORIENTED_EDGE('',*,*,#887,.T.);
#1200=ORIENTED_EDGE('',*,*,#888,.T.);
#1201=ORIENTED_EDGE('',*,*,#889,.F.);
#1202=ORIENTED_EDGE('',*,*,#883,.F.);
#1203=ORIENTED_EDGE('',*,*,#881,.F.);
#1204=ORIENTED_EDGE('',*,*,#807,.T.);
#1205=ORIENTED_EDGE('',*,*,#837,.T.);
#1206=ORIENTED_EDGE('',*,*,#890,.T.);
#1207=ORIENTED_EDGE('',*,*,#885,.F.);
#1208=ORIENTED_EDGE('',*,*,#882,.F.);
#1209=ORIENTED_EDGE('',*,*,#889,.T.);
#1210=ORIENTED_EDGE('',*,*,#891,.T.);
#1211=ORIENTED_EDGE('',*,*,#809,.T.);
#1212=ORIENTED_EDGE('',*,*,#892,.T.);
#1213=ORIENTED_EDGE('',*,*,#893,.T.);
#1214=ORIENTED_EDGE('',*,*,#887,.F.);
#1215=ORIENTED_EDGE('',*,*,#894,.T.);
#1216=ORIENTED_EDGE('',*,*,#892,.F.);
#1217=ORIENTED_EDGE('',*,*,#895,.F.);
#1218=ORIENTED_EDGE('',*,*,#835,.F.);
#1219=ORIENTED_EDGE('',*,*,#896,.F.);
#1220=ORIENTED_EDGE('',*,*,#894,.F.);
#1221=ORIENTED_EDGE('',*,*,#886,.F.);
#1222=ORIENTED_EDGE('',*,*,#890,.F.);
#1223=ORIENTED_EDGE('',*,*,#836,.T.);
#1224=ORIENTED_EDGE('',*,*,#895,.T.);
#1225=ORIENTED_EDGE('',*,*,#871,.F.);
#1226=ORIENTED_EDGE('',*,*,#878,.T.);
#1227=ORIENTED_EDGE('',*,*,#897,.T.);
#1228=ORIENTED_EDGE('',*,*,#799,.T.);
#1229=ORIENTED_EDGE('',*,*,#898,.T.);
#1230=ORIENTED_EDGE('',*,*,#899,.T.);
#1231=ORIENTED_EDGE('',*,*,#876,.F.);
#1232=ORIENTED_EDGE('',*,*,#900,.T.);
#1233=ORIENTED_EDGE('',*,*,#898,.F.);
#1234=ORIENTED_EDGE('',*,*,#901,.F.);
#1235=ORIENTED_EDGE('',*,*,#828,.T.);
#1236=ORIENTED_EDGE('',*,*,#902,.F.);
#1237=ORIENTED_EDGE('',*,*,#900,.F.);
#1238=ORIENTED_EDGE('',*,*,#875,.F.);
#1239=ORIENTED_EDGE('',*,*,#879,.F.);
#1240=ORIENTED_EDGE('',*,*,#829,.T.);
#1241=ORIENTED_EDGE('',*,*,#901,.T.);
#1242=ORIENTED_EDGE('',*,*,#888,.F.);
#1243=ORIENTED_EDGE('',*,*,#903,.T.);
#1244=ORIENTED_EDGE('',*,*,#833,.T.);
#1245=ORIENTED_EDGE('',*,*,#810,.T.);
#1246=ORIENTED_EDGE('',*,*,#891,.F.);
#1247=ORIENTED_EDGE('',*,*,#893,.F.);
#1248=ORIENTED_EDGE('',*,*,#896,.T.);
#1249=ORIENTED_EDGE('',*,*,#834,.T.);
#1250=ORIENTED_EDGE('',*,*,#903,.F.);
#1251=ORIENTED_EDGE('',*,*,#877,.F.);
#1252=ORIENTED_EDGE('',*,*,#904,.T.);
#1253=ORIENTED_EDGE('',*,*,#826,.T.);
#1254=ORIENTED_EDGE('',*,*,#800,.T.);
#1255=ORIENTED_EDGE('',*,*,#897,.F.);
#1256=ORIENTED_EDGE('',*,*,#899,.F.);
#1257=ORIENTED_EDGE('',*,*,#902,.T.);
#1258=ORIENTED_EDGE('',*,*,#827,.T.);
#1259=ORIENTED_EDGE('',*,*,#904,.F.);
#1260=ORIENTED_EDGE('',*,*,#856,.F.);
#1261=ORIENTED_EDGE('',*,*,#905,.T.);
#1262=ORIENTED_EDGE('',*,*,#821,.T.);
#1263=ORIENTED_EDGE('',*,*,#805,.T.);
#1264=ORIENTED_EDGE('',*,*,#859,.F.);
#1265=ORIENTED_EDGE('',*,*,#861,.F.);
#1266=ORIENTED_EDGE('',*,*,#864,.T.);
#1267=ORIENTED_EDGE('',*,*,#822,.T.);
#1268=ORIENTED_EDGE('',*,*,#905,.F.);
#1269=ORIENTED_EDGE('',*,*,#906,.T.);
#1270=ORIENTED_EDGE('',*,*,#907,.T.);
#1271=ORIENTED_EDGE('',*,*,#908,.T.);
#1272=ORIENTED_EDGE('',*,*,#909,.T.);
#1273=ORIENTED_EDGE('',*,*,#908,.F.);
#1274=ORIENTED_EDGE('',*,*,#910,.F.);
#1275=ORIENTED_EDGE('',*,*,#867,.F.);
#1276=ORIENTED_EDGE('',*,*,#911,.T.);
#1277=ORIENTED_EDGE('',*,*,#909,.F.);
#1278=ORIENTED_EDGE('',*,*,#911,.F.);
#1279=ORIENTED_EDGE('',*,*,#866,.F.);
#1280=ORIENTED_EDGE('',*,*,#912,.T.);
#1281=ORIENTED_EDGE('',*,*,#906,.F.);
#1282=ORIENTED_EDGE('',*,*,#912,.F.);
#1283=ORIENTED_EDGE('',*,*,#865,.F.);
#1284=ORIENTED_EDGE('',*,*,#913,.T.);
#1285=ORIENTED_EDGE('',*,*,#907,.F.);
#1286=ORIENTED_EDGE('',*,*,#913,.F.);
#1287=ORIENTED_EDGE('',*,*,#868,.F.);
#1288=ORIENTED_EDGE('',*,*,#910,.T.);
#1289=ORIENTED_EDGE('',*,*,#838,.T.);
#1290=ORIENTED_EDGE('',*,*,#914,.T.);
#1291=ORIENTED_EDGE('',*,*,#761,.F.);
#1292=ORIENTED_EDGE('',*,*,#915,.F.);
#1293=ORIENTED_EDGE('',*,*,#780,.T.);
#1294=ORIENTED_EDGE('',*,*,#777,.F.);
#1295=ORIENTED_EDGE('',*,*,#783,.T.);
#1296=ORIENTED_EDGE('',*,*,#772,.F.);
#1297=ORIENTED_EDGE('',*,*,#762,.F.);
#1298=ORIENTED_EDGE('',*,*,#914,.F.);
#1299=ORIENTED_EDGE('',*,*,#759,.T.);
#1300=ORIENTED_EDGE('',*,*,#815,.T.);
#1301=ORIENTED_EDGE('',*,*,#781,.T.);
#1302=ORIENTED_EDGE('',*,*,#915,.T.);
#1303=ORIENTED_EDGE('',*,*,#764,.F.);
#1304=ORIENTED_EDGE('',*,*,#844,.F.);
#1305=ORIENTED_EDGE('',*,*,#831,.T.);
#1306=ORIENTED_EDGE('',*,*,#795,.T.);
#1307=ORIENTED_EDGE('',*,*,#817,.F.);
#1308=ORIENTED_EDGE('',*,*,#847,.F.);
#1309=ORIENTED_EDGE('',*,*,#842,.T.);
#1310=ORIENTED_EDGE('',*,*,#791,.F.);
#1311=ORIENTED_EDGE('',*,*,#916,.T.);
#1312=ORIENTED_EDGE('',*,*,#917,.F.);
#1313=ORIENTED_EDGE('',*,*,#916,.F.);
#1314=ORIENTED_EDGE('',*,*,#918,.T.);
#1315=ORIENTED_EDGE('',*,*,#917,.T.);
#1316=ORIENTED_EDGE('',*,*,#918,.F.);
#1317=ORIENTED_EDGE('',*,*,#919,.F.);
#1318=ORIENTED_EDGE('',*,*,#920,.F.);
#1319=ORIENTED_EDGE('',*,*,#921,.F.);
#1320=ORIENTED_EDGE('',*,*,#920,.T.);
#1321=ORIENTED_EDGE('',*,*,#922,.F.);
#1322=ORIENTED_EDGE('',*,*,#921,.T.);
#1323=ORIENTED_EDGE('',*,*,#923,.T.);
#1324=ORIENTED_EDGE('',*,*,#924,.T.);
#1325=ORIENTED_EDGE('',*,*,#923,.F.);
#1326=ORIENTED_EDGE('',*,*,#922,.T.);
#1327=ORIENTED_EDGE('',*,*,#919,.T.);
#1328=ORIENTED_EDGE('',*,*,#924,.F.);
#1329=ORIENTED_EDGE('',*,*,#925,.T.);
#1330=ORIENTED_EDGE('',*,*,#926,.T.);
#1331=ORIENTED_EDGE('',*,*,#927,.F.);
#1332=ORIENTED_EDGE('',*,*,#926,.F.);
#1333=ORIENTED_EDGE('',*,*,#927,.T.);
#1334=ORIENTED_EDGE('',*,*,#928,.T.);
#1335=ORIENTED_EDGE('',*,*,#929,.F.);
#1336=ORIENTED_EDGE('',*,*,#930,.F.);
#1337=ORIENTED_EDGE('',*,*,#928,.F.);
#1338=ORIENTED_EDGE('',*,*,#931,.F.);
#1339=ORIENTED_EDGE('',*,*,#932,.F.);
#1340=ORIENTED_EDGE('',*,*,#933,.T.);
#1341=ORIENTED_EDGE('',*,*,#929,.T.);
#1342=ORIENTED_EDGE('',*,*,#934,.F.);
#1343=ORIENTED_EDGE('',*,*,#935,.F.);
#1344=ORIENTED_EDGE('',*,*,#936,.F.);
#1345=ORIENTED_EDGE('',*,*,#932,.T.);
#1346=ORIENTED_EDGE('',*,*,#925,.F.);
#1347=ORIENTED_EDGE('',*,*,#935,.T.);
#1348=ORIENTED_EDGE('',*,*,#937,.F.);
#1349=ORIENTED_EDGE('',*,*,#938,.F.);
#1350=ORIENTED_EDGE('',*,*,#939,.T.);
#1351=ORIENTED_EDGE('',*,*,#940,.T.);
#1352=ORIENTED_EDGE('',*,*,#941,.T.);
#1353=ORIENTED_EDGE('',*,*,#942,.F.);
#1354=ORIENTED_EDGE('',*,*,#943,.F.);
#1355=ORIENTED_EDGE('',*,*,#934,.T.);
#1356=ORIENTED_EDGE('',*,*,#931,.T.);
#1357=ORIENTED_EDGE('',*,*,#944,.T.);
#1358=ORIENTED_EDGE('',*,*,#945,.T.);
#1359=ORIENTED_EDGE('',*,*,#937,.T.);
#1360=ORIENTED_EDGE('',*,*,#941,.F.);
#1361=ORIENTED_EDGE('',*,*,#946,.T.);
#1362=ORIENTED_EDGE('',*,*,#947,.T.);
#1363=ORIENTED_EDGE('',*,*,#948,.F.);
#1364=ORIENTED_EDGE('',*,*,#949,.T.);
#1365=ORIENTED_EDGE('',*,*,#950,.T.);
#1366=ORIENTED_EDGE('',*,*,#951,.F.);
#1367=ORIENTED_EDGE('',*,*,#947,.F.);
#1368=ORIENTED_EDGE('',*,*,#939,.F.);
#1369=ORIENTED_EDGE('',*,*,#952,.F.);
#1370=ORIENTED_EDGE('',*,*,#950,.F.);
#1371=ORIENTED_EDGE('',*,*,#953,.T.);
#1372=ORIENTED_EDGE('',*,*,#940,.F.);
#1373=ORIENTED_EDGE('',*,*,#953,.F.);
#1374=ORIENTED_EDGE('',*,*,#949,.F.);
#1375=ORIENTED_EDGE('',*,*,#946,.F.);
#1376=ORIENTED_EDGE('',*,*,#948,.T.);
#1377=ORIENTED_EDGE('',*,*,#951,.T.);
#1378=ORIENTED_EDGE('',*,*,#952,.T.);
#1379=ORIENTED_EDGE('',*,*,#938,.T.);
#1380=ORIENTED_EDGE('',*,*,#945,.F.);
#1381=ORIENTED_EDGE('',*,*,#954,.F.);
#1382=ORIENTED_EDGE('',*,*,#955,.T.);
#1383=ORIENTED_EDGE('',*,*,#942,.T.);
#1384=ORIENTED_EDGE('',*,*,#930,.T.);
#1385=ORIENTED_EDGE('',*,*,#956,.T.);
#1386=ORIENTED_EDGE('',*,*,#954,.T.);
#1387=ORIENTED_EDGE('',*,*,#944,.F.);
#1388=ORIENTED_EDGE('',*,*,#936,.T.);
#1389=ORIENTED_EDGE('',*,*,#943,.T.);
#1390=ORIENTED_EDGE('',*,*,#955,.F.);
#1391=ORIENTED_EDGE('',*,*,#956,.F.);
#1392=ORIENTED_EDGE('',*,*,#933,.F.);
#1393=ORIENTED_EDGE('',*,*,#957,.T.);
#1394=ORIENTED_EDGE('',*,*,#958,.T.);
#1395=ORIENTED_EDGE('',*,*,#959,.F.);
#1396=ORIENTED_EDGE('',*,*,#960,.T.);
#1397=ORIENTED_EDGE('',*,*,#961,.F.);
#1398=ORIENTED_EDGE('',*,*,#957,.F.);
#1399=ORIENTED_EDGE('',*,*,#961,.T.);
#1400=ORIENTED_EDGE('',*,*,#960,.F.);
#1401=ORIENTED_EDGE('',*,*,#962,.F.);
#1402=ORIENTED_EDGE('',*,*,#958,.F.);
#1403=ORIENTED_EDGE('',*,*,#962,.T.);
#1404=ORIENTED_EDGE('',*,*,#959,.T.);
#1405=CYLINDRICAL_SURFACE('',#1530,0.500000007450581);
#1406=CYLINDRICAL_SURFACE('',#1534,1.5);
#1407=CYLINDRICAL_SURFACE('',#1558,10.);
#1408=CYLINDRICAL_SURFACE('',#1588,1.49999996647239);
#1409=CYLINDRICAL_SURFACE('',#1589,2.);
#1410=CYLINDRICAL_SURFACE('',#1594,10.);
#1411=CYLINDRICAL_SURFACE('',#1596,4.);
#1412=CYLINDRICAL_SURFACE('',#1604,10.);
#1413=CYLINDRICAL_SURFACE('',#1609,10.);
#1414=CYLINDRICAL_SURFACE('',#1611,4.);
#1415=CYLINDRICAL_SURFACE('',#1616,4.);
#1416=CYLINDRICAL_SURFACE('',#1620,10.);
#1417=CYLINDRICAL_SURFACE('',#1622,10.);
#1418=CYLINDRICAL_SURFACE('',#1624,10.);
#1419=CYLINDRICAL_SURFACE('',#1630,9.);
#1420=CYLINDRICAL_SURFACE('',#1638,9.);
#1421=CYLINDRICAL_SURFACE('',#1642,10.);
#1422=CYLINDRICAL_SURFACE('',#1643,0.25);
#1423=CYLINDRICAL_SURFACE('',#1646,1.5);
#1424=CYLINDRICAL_SURFACE('',#1658,9.);
#1425=ADVANCED_FACE('',(#151),#1405,.F.);
#1426=ADVANCED_FACE('',(#152),#105,.T.);
#1427=ADVANCED_FACE('',(#153),#1406,.T.);
#1428=ADVANCED_FACE('',(#154,#99),#106,.T.);
#1429=ADVANCED_FACE('',(#155),#91,.T.);
#1430=ADVANCED_FACE('',(#156,#100),#107,.T.);
#1431=ADVANCED_FACE('',(#157),#92,.T.);
#1432=ADVANCED_FACE('',(#158),#108,.T.);
#1433=ADVANCED_FACE('',(#159),#109,.T.);
#1434=ADVANCED_FACE('',(#160),#110,.T.);
#1435=ADVANCED_FACE('',(#161),#93,.T.);
#1436=ADVANCED_FACE('',(#162),#111,.T.);
#1437=ADVANCED_FACE('',(#163),#112,.F.);
#1438=ADVANCED_FACE('',(#164),#113,.T.);
#1439=ADVANCED_FACE('',(#165),#114,.T.);
#1440=ADVANCED_FACE('',(#166),#115,.T.);
#1441=ADVANCED_FACE('',(#167),#116,.T.);
#1442=ADVANCED_FACE('',(#168),#1407,.T.);
#1443=ADVANCED_FACE('',(#169),#117,.F.);
#1444=ADVANCED_FACE('',(#170,#101),#118,.T.);
#1445=ADVANCED_FACE('',(#171),#119,.T.);
#1446=ADVANCED_FACE('',(#172),#120,.F.);
#1447=ADVANCED_FACE('',(#173),#121,.T.);
#1448=ADVANCED_FACE('',(#174),#122,.T.);
#1449=ADVANCED_FACE('',(#175),#1408,.F.);
#1450=ADVANCED_FACE('',(#176),#1409,.T.);
#1451=ADVANCED_FACE('',(#177),#34,.F.);
#1452=ADVANCED_FACE('',(#178),#35,.F.);
#1453=ADVANCED_FACE('',(#179),#36,.F.);
#1454=ADVANCED_FACE('',(#180),#1410,.F.);
#1455=ADVANCED_FACE('',(#181),#37,.F.);
#1456=ADVANCED_FACE('',(#182),#1411,.T.);
#1457=ADVANCED_FACE('',(#183),#123,.T.);
#1458=ADVANCED_FACE('',(#184,#102),#124,.T.);
#1459=ADVANCED_FACE('',(#185),#38,.F.);
#1460=ADVANCED_FACE('',(#186),#39,.F.);
#1461=ADVANCED_FACE('',(#187),#40,.F.);
#1462=ADVANCED_FACE('',(#188),#1412,.F.);
#1463=ADVANCED_FACE('',(#189),#41,.F.);
#1464=ADVANCED_FACE('',(#190),#42,.F.);
#1465=ADVANCED_FACE('',(#191),#43,.F.);
#1466=ADVANCED_FACE('',(#192),#1413,.F.);
#1467=ADVANCED_FACE('',(#193),#44,.F.);
#1468=ADVANCED_FACE('',(#194),#1414,.T.);
#1469=ADVANCED_FACE('',(#195),#125,.T.);
#1470=ADVANCED_FACE('',(#196),#126,.T.);
#1471=ADVANCED_FACE('',(#197),#45,.F.);
#1472=ADVANCED_FACE('',(#198),#1415,.T.);
#1473=ADVANCED_FACE('',(#199),#127,.T.);
#1474=ADVANCED_FACE('',(#200),#128,.T.);
#1475=ADVANCED_FACE('',(#201),#1416,.F.);
#1476=ADVANCED_FACE('',(#202),#129,.T.);
#1477=ADVANCED_FACE('',(#203),#1417,.F.);
#1478=ADVANCED_FACE('',(#204),#130,.T.);
#1479=ADVANCED_FACE('',(#205),#1418,.F.);
#1480=ADVANCED_FACE('',(#206,#103),#131,.T.);
#1481=ADVANCED_FACE('',(#207),#132,.F.);
#1482=ADVANCED_FACE('',(#208),#133,.F.);
#1483=ADVANCED_FACE('',(#209),#134,.F.);
#1484=ADVANCED_FACE('',(#210),#135,.F.);
#1485=ADVANCED_FACE('',(#211),#1419,.F.);
#1486=ADVANCED_FACE('',(#212),#136,.F.);
#1487=ADVANCED_FACE('',(#213),#137,.T.);
#1488=ADVANCED_FACE('',(#214),#138,.T.);
#1489=ADVANCED_FACE('',(#215),#139,.T.);
#1490=ADVANCED_FACE('',(#216),#1420,.T.);
#1491=ADVANCED_FACE('',(#217),#140,.T.);
#1492=ADVANCED_FACE('',(#218),#1421,.F.);
#1493=ADVANCED_FACE('',(#219),#1422,.T.);
#1494=ADVANCED_FACE('',(#220),#141,.F.);
#1495=ADVANCED_FACE('',(#221),#1423,.F.);
#1496=ADVANCED_FACE('',(#222),#13,.F.);
#1497=ADVANCED_FACE('',(#223),#94,.T.);
#1498=ADVANCED_FACE('',(#224,#104),#142,.F.);
#1499=ADVANCED_FACE('',(#225),#95,.T.);
#1500=ADVANCED_FACE('',(#226),#143,.F.);
#1501=ADVANCED_FACE('',(#227),#144,.F.);
#1502=ADVANCED_FACE('',(#228),#1424,.T.);
#1503=ADVANCED_FACE('',(#229),#145,.F.);
#1504=ADVANCED_FACE('',(#230),#146,.F.);
#1505=ADVANCED_FACE('',(#231),#147,.T.);
#1506=ADVANCED_FACE('',(#232),#96,.T.);
#1507=ADVANCED_FACE('',(#233),#148,.F.);
#1508=ADVANCED_FACE('',(#234),#97,.T.);
#1509=ADVANCED_FACE('',(#235),#149,.T.);
#1510=ADVANCED_FACE('',(#236),#98,.T.);
#1511=ADVANCED_FACE('',(#237),#150,.T.);
#1512=CLOSED_SHELL('',(#1425,#1426,#1427,#1428,#1429,#1430,#1431,#1432,
#1433,#1434,#1435,#1436,#1437,#1438,#1439,#1440,#1441,#1442,#1443,#1444,
#1445,#1446,#1447,#1448,#1449,#1450,#1451,#1452,#1453,#1454,#1455,#1456,
#1457,#1458,#1459,#1460,#1461,#1462,#1463,#1464,#1465,#1466,#1467,#1468,
#1469,#1470,#1471,#1472,#1473,#1474,#1475,#1476,#1477,#1478,#1479,#1480,
#1481,#1482,#1483,#1484,#1485,#1486,#1487));
#1513=CLOSED_SHELL('',(#1488,#1489,#1490));
#1514=CLOSED_SHELL('',(#1491,#1492,#1493,#1494));
#1515=CLOSED_SHELL('',(#1495,#1496,#1497,#1498,#1499,#1500,#1501,#1502,
#1503,#1504,#1505,#1506,#1507));
#1516=CLOSED_SHELL('',(#1508,#1509,#1510,#1511));
#1517=DERIVED_UNIT_ELEMENT(#1519,1.);
#1518=DERIVED_UNIT_ELEMENT(#3664,-3.);
#1519=(
MASS_UNIT()
NAMED_UNIT(*)
SI_UNIT(.KILO.,.GRAM.)
);
#1520=DERIVED_UNIT((#1517,#1518));
#1521=MEASURE_REPRESENTATION_ITEM('density measure',
POSITIVE_RATIO_MEASURE(7850.),#1520);
#1522=PROPERTY_DEFINITION_REPRESENTATION(#1527,#1524);
#1523=PROPERTY_DEFINITION_REPRESENTATION(#1528,#1525);
#1524=REPRESENTATION('material name',(#1526),#3661);
#1525=REPRESENTATION('density',(#1521),#3661);
#1526=DESCRIPTIVE_REPRESENTATION_ITEM('\X2\92FC\X0\','\X2\92FC\X0\');
#1527=PROPERTY_DEFINITION('material property','material name',#3671);
#1528=PROPERTY_DEFINITION('material property','density of part',#3671);
#1529=AXIS2_PLACEMENT_3D('',#2055,#1670,#1671);
#1530=AXIS2_PLACEMENT_3D('',#2056,#1672,#1673);
#1531=AXIS2_PLACEMENT_3D('',#2058,#1674,#1675);
#1532=AXIS2_PLACEMENT_3D('',#2061,#1677,#1678);
#1533=AXIS2_PLACEMENT_3D('',#2062,#1679,#1680);
#1534=AXIS2_PLACEMENT_3D('',#2063,#1681,#1682);
#1535=AXIS2_PLACEMENT_3D('',#2065,#1683,#1684);
#1536=AXIS2_PLACEMENT_3D('',#2068,#1686,#1687);
#1537=AXIS2_PLACEMENT_3D('',#2069,#1688,#1689);
#1538=AXIS2_PLACEMENT_3D('',#2169,#1690,#1691);
#1539=AXIS2_PLACEMENT_3D('',#2180,#1692,#1693);
#1540=AXIS2_PLACEMENT_3D('',#2272,#1697,#1698);
#1541=AXIS2_PLACEMENT_3D('',#2286,#1701,#1702);
#1542=AXIS2_PLACEMENT_3D('',#2288,#1703,#1704);
#1543=AXIS2_PLACEMENT_3D('',#2290,#1705,#1706);
#1544=AXIS2_PLACEMENT_3D('',#2292,#1708,#1709);
#1545=AXIS2_PLACEMENT_3D('',#2297,#1711,#1712);
#1546=AXIS2_PLACEMENT_3D('',#2361,#1715,#1716);
#1547=AXIS2_PLACEMENT_3D('',#2362,#1717,#1718);
#1548=AXIS2_PLACEMENT_3D('',#2363,#1719,#1720);
#1549=AXIS2_PLACEMENT_3D('',#2365,#1722,#1723);
#1550=AXIS2_PLACEMENT_3D('',#2367,#1724,#1725);
#1551=AXIS2_PLACEMENT_3D('',#2370,#1727,#1728);
#1552=AXIS2_PLACEMENT_3D('',#2371,#1729,#1730);
#1553=AXIS2_PLACEMENT_3D('',#2374,#1731,#1732);
#1554=AXIS2_PLACEMENT_3D('',#2378,#1734,#1735);
#1555=AXIS2_PLACEMENT_3D('',#2380,#1737,#1738);
#1556=AXIS2_PLACEMENT_3D('',#2386,#1742,#1743);
#1557=AXIS2_PLACEMENT_3D('',#2389,#1746,#1747);
#1558=AXIS2_PLACEMENT_3D('',#2403,#1755,#1756);
#1559=AXIS2_PLACEMENT_3D('',#2407,#1758,#1759);
#1560=AXIS2_PLACEMENT_3D('',#2411,#1761,#1762);
#1561=AXIS2_PLACEMENT_3D('',#2415,#1764,#1765);
#1562=AXIS2_PLACEMENT_3D('',#2419,#1767,#1768);
#1563=AXIS2_PLACEMENT_3D('',#2436,#1770,#1771);
#1564=AXIS2_PLACEMENT_3D('',#2440,#1773,#1774);
#1565=AXIS2_PLACEMENT_3D('',#2457,#1776,#1777);
#1566=AXIS2_PLACEMENT_3D('',#2461,#1779,#1780);
#1567=AXIS2_PLACEMENT_3D('',#2477,#1782,#1783);
#1568=AXIS2_PLACEMENT_3D('',#2479,#1784,#1785);
#1569=AXIS2_PLACEMENT_3D('',#2482,#1787,#1788);
#1570=AXIS2_PLACEMENT_3D('',#2483,#1789,#1790);
#1571=AXIS2_PLACEMENT_3D('',#2484,#1791,#1792);
#1572=AXIS2_PLACEMENT_3D('',#2486,#1793,#1794);
#1573=AXIS2_PLACEMENT_3D('',#2491,#1797,#1798);
#1574=AXIS2_PLACEMENT_3D('',#2493,#1800,#1801);
#1575=AXIS2_PLACEMENT_3D('',#2495,#1802,#1803);
#1576=AXIS2_PLACEMENT_3D('',#2502,#1807,#1808);
#1577=AXIS2_PLACEMENT_3D('',#2504,#1809,#1810);
#1578=AXIS2_PLACEMENT_3D('',#2511,#1814,#1815);
#1579=AXIS2_PLACEMENT_3D('',#2516,#1818,#1819);
#1580=AXIS2_PLACEMENT_3D('',#2523,#1823,#1824);
#1581=AXIS2_PLACEMENT_3D('',#2525,#1825,#1826);
#1582=AXIS2_PLACEMENT_3D('',#2526,#1827,#1828);
#1583=AXIS2_PLACEMENT_3D('',#2530,#1830,#1831);
#1584=AXIS2_PLACEMENT_3D('',#2534,#1834,#1835);
#1585=AXIS2_PLACEMENT_3D('',#2535,#1836,#1837);
#1586=AXIS2_PLACEMENT_3D('',#2537,#1839,#1840);
#1587=AXIS2_PLACEMENT_3D('',#2539,#1842,#1843);
#1588=AXIS2_PLACEMENT_3D('',#2541,#1845,#1846);
#1589=AXIS2_PLACEMENT_3D('',#2543,#1848,#1849);
#1590=AXIS2_PLACEMENT_3D('',#2585,#1850,#1851);
#1591=AXIS2_PLACEMENT_3D('',#2732,#1852,#1853);
#1592=AXIS2_PLACEMENT_3D('',#2734,#1854,#1855);
#1593=AXIS2_PLACEMENT_3D('',#2735,#1856,#1857);
#1594=AXIS2_PLACEMENT_3D('',#2736,#1858,#1859);
#1595=AXIS2_PLACEMENT_3D('',#2758,#1861,#1862);
#1596=AXIS2_PLACEMENT_3D('',#2759,#1863,#1864);
#1597=AXIS2_PLACEMENT_3D('',#2762,#1865,#1866);
#1598=AXIS2_PLACEMENT_3D('',#2765,#1869,#1870);
#1599=AXIS2_PLACEMENT_3D('',#2768,#1873,#1874);
#1600=AXIS2_PLACEMENT_3D('',#2818,#1879,#1880);
#1601=AXIS2_PLACEMENT_3D('',#2921,#1881,#1882);
#1602=AXIS2_PLACEMENT_3D('',#2923,#1883,#1884);
#1603=AXIS2_PLACEMENT_3D('',#2924,#1885,#1886);
#1604=AXIS2_PLACEMENT_3D('',#2925,#1887,#1888);
#1605=AXIS2_PLACEMENT_3D('',#2968,#1890,#1891);
#1606=AXIS2_PLACEMENT_3D('',#3071,#1892,#1893);
#1607=AXIS2_PLACEMENT_3D('',#3073,#1894,#1895);
#1608=AXIS2_PLACEMENT_3D('',#3074,#1896,#1897);
#1609=AXIS2_PLACEMENT_3D('',#3075,#1898,#1899);
#1610=AXIS2_PLACEMENT_3D('',#3097,#1901,#1902);
#1611=AXIS2_PLACEMENT_3D('',#3098,#1903,#1904);
#1612=AXIS2_PLACEMENT_3D('',#3101,#1905,#1906);
#1613=AXIS2_PLACEMENT_3D('',#3104,#1909,#1910);
#1614=AXIS2_PLACEMENT_3D('',#3107,#1913,#1914);
#1615=AXIS2_PLACEMENT_3D('',#3128,#1915,#1916);
#1616=AXIS2_PLACEMENT_3D('',#3129,#1917,#1918);
#1617=AXIS2_PLACEMENT_3D('',#3132,#1919,#1920);
#1618=AXIS2_PLACEMENT_3D('',#3135,#1923,#1924);
#1619=AXIS2_PLACEMENT_3D('',#3138,#1927,#1928);
#1620=AXIS2_PLACEMENT_3D('',#3139,#1929,#1930);
#1621=AXIS2_PLACEMENT_3D('',#3141,#1932,#1933);
#1622=AXIS2_PLACEMENT_3D('',#3142,#1934,#1935);
#1623=AXIS2_PLACEMENT_3D('',#3144,#1937,#1938);
#1624=AXIS2_PLACEMENT_3D('',#3145,#1939,#1940);
#1625=AXIS2_PLACEMENT_3D('',#3147,#1942,#1943);
#1626=AXIS2_PLACEMENT_3D('',#3156,#1948,#1949);
#1627=AXIS2_PLACEMENT_3D('',#3159,#1952,#1953);
#1628=AXIS2_PLACEMENT_3D('',#3161,#1955,#1956);
#1629=AXIS2_PLACEMENT_3D('',#3163,#1958,#1959);
#1630=AXIS2_PLACEMENT_3D('',#3164,#1960,#1961);
#1631=AXIS2_PLACEMENT_3D('',#3166,#1963,#1964);
#1632=AXIS2_PLACEMENT_3D('',#3167,#1965,#1966);
#1633=AXIS2_PLACEMENT_3D('',#3168,#1967,#1968);
#1634=AXIS2_PLACEMENT_3D('',#3169,#1969,#1970);
#1635=AXIS2_PLACEMENT_3D('',#3171,#1971,#1972);
#1636=AXIS2_PLACEMENT_3D('',#3172,#1973,#1974);
#1637=AXIS2_PLACEMENT_3D('',#3174,#1975,#1976);
#1638=AXIS2_PLACEMENT_3D('',#3175,#1977,#1978);
#1639=AXIS2_PLACEMENT_3D('',#3177,#1980,#1981);
#1640=AXIS2_PLACEMENT_3D('',#3180,#1982,#1983);
#1641=AXIS2_PLACEMENT_3D('',#3181,#1984,#1985);
#1642=AXIS2_PLACEMENT_3D('',#3182,#1986,#1987);
#1643=AXIS2_PLACEMENT_3D('',#3209,#1988,#1989);
#1644=AXIS2_PLACEMENT_3D('',#3212,#1991,#1992);
#1645=AXIS2_PLACEMENT_3D('',#3213,#1993,#1994);
#1646=AXIS2_PLACEMENT_3D('',#3214,#1995,#1996);
#1647=AXIS2_PLACEMENT_3D('',#3216,#1997,#1998);
#1648=AXIS2_PLACEMENT_3D('',#3219,#2000,#2001);
#1649=AXIS2_PLACEMENT_3D('',#3220,#2002,#2003);
#1650=AXIS2_PLACEMENT_3D('',#3224,#2005,#2006);
#1651=AXIS2_PLACEMENT_3D('',#3225,#2007,#2008);
#1652=AXIS2_PLACEMENT_3D('',#3268,#2009,#2010);
#1653=AXIS2_PLACEMENT_3D('',#3273,#2011,#2012);
#1654=AXIS2_PLACEMENT_3D('',#3359,#2015,#2016);
#1655=AXIS2_PLACEMENT_3D('',#3378,#2017,#2018);
#1656=AXIS2_PLACEMENT_3D('',#3388,#2019,#2020);
#1657=AXIS2_PLACEMENT_3D('',#3401,#2022,#2023);
#1658=AXIS2_PLACEMENT_3D('',#3407,#2027,#2028);
#1659=AXIS2_PLACEMENT_3D('',#3409,#2029,#2030);
#1660=AXIS2_PLACEMENT_3D('',#3412,#2032,#2033);
#1661=AXIS2_PLACEMENT_3D('',#3413,#2034,#2035);
#1662=AXIS2_PLACEMENT_3D('',#3416,#2038,#2039);
#1663=AXIS2_PLACEMENT_3D('',#3417,#2040,#2041);
#1664=AXIS2_PLACEMENT_3D('',#3419,#2042,#2043);
#1665=AXIS2_PLACEMENT_3D('',#3496,#2045,#2046);
#1666=AXIS2_PLACEMENT_3D('',#3578,#2047,#2048);
#1667=AXIS2_PLACEMENT_3D('',#3586,#2049,#2050);
#1668=AXIS2_PLACEMENT_3D('',#3657,#2051,#2052);
#1669=AXIS2_PLACEMENT_3D('',#3658,#2053,#2054);
#1670=DIRECTION('axis',(0.,0.,1.));
#1671=DIRECTION('refdir',(1.,0.,0.));
#1672=DIRECTION('center_axis',(0.,1.,0.));
#1673=DIRECTION('ref_axis',(1.,0.,0.));
#1674=DIRECTION('center_axis',(0.,1.,0.));
#1675=DIRECTION('ref_axis',(1.,0.,0.));
#1676=DIRECTION('',(0.,1.,0.));
#1677=DIRECTION('center_axis',(0.,1.,0.));
#1678=DIRECTION('ref_axis',(1.,0.,0.));
#1679=DIRECTION('center_axis',(0.,-1.,0.));
#1680=DIRECTION('ref_axis',(1.,0.,0.));
#1681=DIRECTION('center_axis',(0.,-1.,0.));
#1682=DIRECTION('ref_axis',(1.,0.,0.));
#1683=DIRECTION('center_axis',(0.,-1.,0.));
#1684=DIRECTION('ref_axis',(1.,0.,0.));
#1685=DIRECTION('',(0.,1.,0.));
#1686=DIRECTION('center_axis',(0.,-1.,0.));
#1687=DIRECTION('ref_axis',(1.,0.,0.));
#1688=DIRECTION('center_axis',(0.,-1.,0.));
#1689=DIRECTION('ref_axis',(0.,0.,-1.));
#1690=DIRECTION('center_axis',(0.,1.,0.));
#1691=DIRECTION('ref_axis',(1.,0.,-1.3880642609364E-16));
#1692=DIRECTION('center_axis',(0.,-1.,0.));
#1693=DIRECTION('ref_axis',(1.,0.,0.));
#1694=DIRECTION('',(-1.,0.,0.));
#1695=DIRECTION('',(-1.,0.,0.));
#1696=DIRECTION('',(-1.,0.,0.));
#1697=DIRECTION('center_axis',(0.,0.,1.));
#1698=DIRECTION('ref_axis',(1.,0.,0.));
#1699=DIRECTION('',(-1.,0.,0.));
#1700=DIRECTION('',(1.,0.,1.22464679914735E-16));
#1701=DIRECTION('center_axis',(-1.23259516440783E-33,-1.,0.));
#1702=DIRECTION('ref_axis',(0.,0.,-1.));
#1703=DIRECTION('center_axis',(0.,-1.,0.));
#1704=DIRECTION('ref_axis',(-2.22044604925031E-16,0.,1.));
#1705=DIRECTION('center_axis',(0.,-1.,0.));
#1706=DIRECTION('ref_axis',(-2.22044604925031E-16,0.,1.));
#1707=DIRECTION('',(1.,0.,0.));
#1708=DIRECTION('center_axis',(-1.23259516440783E-33,-1.,0.));
#1709=DIRECTION('ref_axis',(0.,0.,-1.));
#1710=DIRECTION('',(0.,0.,-1.));
#1711=DIRECTION('center_axis',(0.,1.,0.));
#1712=DIRECTION('ref_axis',(1.,0.,-2.22044601616309E-16));
#1713=DIRECTION('',(0.,0.,1.));
#1714=DIRECTION('',(-1.,0.,-2.22044604925031E-16));
#1715=DIRECTION('center_axis',(0.,1.,0.));
#1716=DIRECTION('ref_axis',(-2.22044604925031E-16,0.,1.));
#1717=DIRECTION('center_axis',(0.,1.,0.));
#1718=DIRECTION('ref_axis',(-2.22044604925031E-16,0.,1.));
#1719=DIRECTION('center_axis',(0.,0.,1.));
#1720=DIRECTION('ref_axis',(1.,0.,0.));
#1721=DIRECTION('',(-1.,0.,0.));
#1722=DIRECTION('center_axis',(0.,-1.,0.));
#1723=DIRECTION('ref_axis',(-1.,0.,-2.22044604925031E-16));
#1724=DIRECTION('center_axis',(0.,-1.,0.));
#1725=DIRECTION('ref_axis',(-2.22044604925031E-16,0.,1.));
#1726=DIRECTION('',(-2.22044604925031E-16,0.,1.));
#1727=DIRECTION('center_axis',(0.,1.,0.));
#1728=DIRECTION('ref_axis',(-2.22044604925031E-16,0.,1.));
#1729=DIRECTION('center_axis',(0.,1.,0.));
#1730=DIRECTION('ref_axis',(2.22044604925031E-16,0.,-1.));
#1731=DIRECTION('center_axis',(0.,1.,0.));
#1732=DIRECTION('ref_axis',(-2.22044604925031E-16,0.,1.));
#1733=DIRECTION('',(2.22044604925031E-16,0.,-1.));
#1734=DIRECTION('center_axis',(0.,-1.,0.));
#1735=DIRECTION('ref_axis',(-1.,0.,-2.22044604925031E-16));
#1736=DIRECTION('',(-2.22044604925031E-16,0.,1.));
#1737=DIRECTION('center_axis',(-1.,0.,-2.22044604925031E-16));
#1738=DIRECTION('ref_axis',(-2.22044604925031E-16,0.,1.));
#1739=DIRECTION('',(0.,1.,0.));
#1740=DIRECTION('',(0.,1.,0.));
#1741=DIRECTION('',(2.22044604925031E-16,0.,-1.));
#1742=DIRECTION('center_axis',(1.,0.,2.22044604925031E-16));
#1743=DIRECTION('ref_axis',(2.22044604925031E-16,0.,-1.));
#1744=DIRECTION('',(0.,-1.,0.));
#1745=DIRECTION('',(0.,-1.,0.));
#1746=DIRECTION('center_axis',(-1.,0.,0.));
#1747=DIRECTION('ref_axis',(0.,0.,-1.));
#1748=DIRECTION('',(0.,1.,0.));
#1749=DIRECTION('',(0.,0.,-1.));
#1750=DIRECTION('',(0.,-1.,0.));
#1751=DIRECTION('',(0.,0.,-1.));
#1752=DIRECTION('',(0.,1.,0.));
#1753=DIRECTION('',(-2.22044604925031E-16,0.,1.));
#1754=DIRECTION('',(0.,-1.,0.));
#1755=DIRECTION('center_axis',(0.,-1.,0.));
#1756=DIRECTION('ref_axis',(-2.22044604925031E-16,0.,1.));
#1757=DIRECTION('',(0.,-1.,0.));
#1758=DIRECTION('center_axis',(0.,1.,0.));
#1759=DIRECTION('ref_axis',(-2.22044604925031E-16,0.,1.));
#1760=DIRECTION('',(0.,-1.,0.));
#1761=DIRECTION('center_axis',(0.,-1.,0.));
#1762=DIRECTION('ref_axis',(-2.22044604925031E-16,0.,1.));
#1763=DIRECTION('',(0.,1.,0.));
#1764=DIRECTION('center_axis',(0.,-1.,0.));
#1765=DIRECTION('ref_axis',(-2.22044604925031E-16,0.,1.));
#1766=DIRECTION('',(0.,-1.,0.));
#1767=DIRECTION('center_axis',(0.,1.,0.));
#1768=DIRECTION('ref_axis',(-2.22044604925031E-16,0.,1.));
#1769=DIRECTION('',(0.,1.,0.));
#1770=DIRECTION('center_axis',(0.,-1.,0.));
#1771=DIRECTION('ref_axis',(-2.22044604925031E-16,0.,1.));
#1772=DIRECTION('',(0.,-1.,0.));
#1773=DIRECTION('center_axis',(0.,1.,0.));
#1774=DIRECTION('ref_axis',(-2.22044604925031E-16,0.,1.));
#1775=DIRECTION('',(0.,1.,0.));
#1776=DIRECTION('center_axis',(0.,-1.,0.));
#1777=DIRECTION('ref_axis',(-2.22044604925031E-16,0.,1.));
#1778=DIRECTION('',(0.,-1.,0.));
#1779=DIRECTION('center_axis',(0.,1.,0.));
#1780=DIRECTION('ref_axis',(-2.22044604925031E-16,0.,1.));
#1781=DIRECTION('',(0.,1.,0.));
#1782=DIRECTION('center_axis',(0.,-1.,0.));
#1783=DIRECTION('ref_axis',(-2.22044604925031E-16,0.,1.));
#1784=DIRECTION('center_axis',(0.,1.,0.));
#1785=DIRECTION('ref_axis',(-2.22044604925031E-16,0.,1.));
#1786=DIRECTION('',(0.,1.,0.));
#1787=DIRECTION('center_axis',(0.,-1.,0.));
#1788=DIRECTION('ref_axis',(-2.22044604925031E-16,0.,1.));
#1789=DIRECTION('center_axis',(0.,1.,0.));
#1790=DIRECTION('ref_axis',(-2.22044604925031E-16,0.,1.));
#1791=DIRECTION('center_axis',(0.,1.,0.));
#1792=DIRECTION('ref_axis',(-1.,0.,0.));
#1793=DIRECTION('center_axis',(0.,1.,0.));
#1794=DIRECTION('ref_axis',(-1.,0.,0.));
#1795=DIRECTION('',(0.,0.,1.));
#1796=DIRECTION('',(0.,0.,-1.));
#1797=DIRECTION('center_axis',(0.,-1.,0.));
#1798=DIRECTION('ref_axis',(-1.,0.,0.));
#1799=DIRECTION('',(0.,0.,1.));
#1800=DIRECTION('center_axis',(0.,-1.,0.));
#1801=DIRECTION('ref_axis',(1.,0.,2.22044604925031E-16));
#1802=DIRECTION('center_axis',(0.,-1.,0.));
#1803=DIRECTION('ref_axis',(-0.869266932535685,0.,-0.49434299833213));
#1804=DIRECTION('',(2.22044604925031E-16,0.,-1.));
#1805=DIRECTION('',(-1.,0.,-2.22044604925031E-16));
#1806=DIRECTION('',(-2.22044604925031E-16,0.,1.));
#1807=DIRECTION('center_axis',(0.,-1.,0.));
#1808=DIRECTION('ref_axis',(0.869266932535685,0.,-0.49434299833213));
#1809=DIRECTION('center_axis',(0.,-1.,0.));
#1810=DIRECTION('ref_axis',(0.49434299833213,0.,-0.869266932535685));
#1811=DIRECTION('',(1.,0.,2.22044604925031E-16));
#1812=DIRECTION('',(-2.22044604925031E-16,0.,1.));
#1813=DIRECTION('',(-1.,0.,-2.22044604925031E-16));
#1814=DIRECTION('center_axis',(0.,-1.,0.));
#1815=DIRECTION('ref_axis',(0.494342998332129,0.,0.869266932535686));
#1816=DIRECTION('',(2.22044604925031E-16,0.,-1.));
#1817=DIRECTION('',(1.,0.,2.22044604925031E-16));
#1818=DIRECTION('center_axis',(0.,-1.,0.));
#1819=DIRECTION('ref_axis',(-0.49434299833213,0.,0.869266932535685));
#1820=DIRECTION('',(-1.,0.,-2.22044604925031E-16));
#1821=DIRECTION('',(-2.22044604925031E-16,0.,1.));
#1822=DIRECTION('',(1.,0.,2.22044604925031E-16));
#1823=DIRECTION('center_axis',(0.,-1.,0.));
#1824=DIRECTION('ref_axis',(-0.49434299833213,0.,-0.869266932535685));
#1825=DIRECTION('center_axis',(0.,-1.,0.));
#1826=DIRECTION('ref_axis',(-2.22044604925031E-16,0.,1.));
#1827=DIRECTION('center_axis',(0.,1.,0.));
#1828=DIRECTION('ref_axis',(-1.,0.,0.));
#1829=DIRECTION('',(0.,0.,1.));
#1830=DIRECTION('center_axis',(0.,1.,0.));
#1831=DIRECTION('ref_axis',(-1.,0.,0.));
#1832=DIRECTION('',(0.,0.,1.));
#1833=DIRECTION('',(0.,0.,1.));
#1834=DIRECTION('center_axis',(0.,1.,0.));
#1835=DIRECTION('ref_axis',(-1.,0.,0.));
#1836=DIRECTION('center_axis',(-2.22044604925031E-16,0.,1.));
#1837=DIRECTION('ref_axis',(-1.,0.,-2.22044604925031E-16));
#1838=DIRECTION('',(0.,1.,0.));
#1839=DIRECTION('center_axis',(1.,0.,0.));
#1840=DIRECTION('ref_axis',(0.,0.,1.));
#1841=DIRECTION('',(0.,-1.,0.));
#1842=DIRECTION('center_axis',(-1.,0.,0.));
#1843=DIRECTION('ref_axis',(0.,0.,-1.));
#1844=DIRECTION('',(0.,-1.,0.));
#1845=DIRECTION('center_axis',(0.,-1.,0.));
#1846=DIRECTION('ref_axis',(-1.,0.,0.));
#1847=DIRECTION('',(0.,-1.,0.));
#1848=DIRECTION('center_axis',(0.,-1.,0.));
#1849=DIRECTION('ref_axis',(-1.,0.,0.));
#1850=DIRECTION('center_axis',(-0.601459475887894,0.514671295328427,-0.611031878570684));
#1851=DIRECTION('ref_axis',(-0.712667053646104,0.,0.701502438090831));
#1852=DIRECTION('center_axis',(1.98602732259782E-16,0.447213595499958,-0.894427190999916));
#1853=DIRECTION('ref_axis',(-9.93013661298909E-17,0.894427190999916,0.447213595499958));
#1854=DIRECTION('center_axis',(1.27334219693537E-16,-0.819231920519041,
-0.573462344363328));
#1855=DIRECTION('ref_axis',(1.81906028133625E-16,0.573462344363328,-0.81923192051904));
#1856=DIRECTION('center_axis',(0.470769969832695,0.394556874354947,-0.789113748709891));
#1857=DIRECTION('ref_axis',(-9.31968634598759E-16,0.894427190999915,0.447213595499959));
#1858=DIRECTION('center_axis',(0.,1.,0.));
#1859=DIRECTION('ref_axis',(0.869266932535685,0.,-0.49434299833213));
#1860=DIRECTION('',(0.,1.,0.));
#1861=DIRECTION('center_axis',(1.27334219693537E-16,-0.819231920519041,
-0.573462344363328));
#1862=DIRECTION('ref_axis',(1.81906028133625E-16,0.573462344363328,-0.81923192051904));
#1863=DIRECTION('center_axis',(-1.98602732259782E-16,-0.447213595499958,
0.894427190999916));
#1864=DIRECTION('ref_axis',(0.707106781186547,0.632455532033676,0.316227766016838));
#1865=DIRECTION('center_axis',(2.22044604925031E-16,0.,-1.));
#1866=DIRECTION('ref_axis',(-8.06823599805364E-16,1.,-1.79150827462973E-31));
#1867=DIRECTION('',(1.98602732259782E-16,0.447213595499958,-0.894427190999916));
#1868=DIRECTION('',(-1.98602732259782E-16,-0.447213595499958,0.894427190999916));
#1869=DIRECTION('center_axis',(-2.22044604925031E-16,0.,1.));
#1870=DIRECTION('ref_axis',(0.,1.,0.));
#1871=DIRECTION('',(0.,1.,0.));
#1872=DIRECTION('',(0.,-1.,0.));
#1873=DIRECTION('center_axis',(-1.,0.,-2.22044604925031E-16));
#1874=DIRECTION('ref_axis',(-2.22044604925031E-16,0.,1.));
#1875=DIRECTION('',(0.,1.,0.));
#1876=DIRECTION('',(-2.22044604925031E-16,0.,1.));
#1877=DIRECTION('',(0.,-1.,0.));
#1878=DIRECTION('',(2.22044604925031E-16,0.,-1.));
#1879=DIRECTION('center_axis',(0.6328755121437,0.487474384571775,-0.601529143529404));
#1880=DIRECTION('ref_axis',(-0.688928478401031,0.,-0.724829325874747));
#1881=DIRECTION('center_axis',(0.835705478628196,0.549177888293782,1.43149288499372E-15));
#1882=DIRECTION('ref_axis',(-0.549177888293782,0.835705478628196,-1.21941987239756E-16));
#1883=DIRECTION('center_axis',(0.677056532382057,-0.73593101032555,-1.50336750244686E-16));
#1884=DIRECTION('ref_axis',(0.73593101032555,0.677056532382057,0.));
#1885=DIRECTION('center_axis',(0.741964557016004,0.487576710972075,0.460171214929507));
#1886=DIRECTION('ref_axis',(-0.549177888293781,0.835705478628197,9.18892098346328E-16));
#1887=DIRECTION('center_axis',(0.,1.,0.));
#1888=DIRECTION('ref_axis',(0.494342998332129,0.,0.869266932535686));
#1889=DIRECTION('',(0.,1.,0.));
#1890=DIRECTION('center_axis',(-0.632875512143689,0.487474384571789,0.601529143529404));
#1891=DIRECTION('ref_axis',(0.688928478401037,0.,0.724829325874741));
#1892=DIRECTION('center_axis',(-0.835705478628196,0.549177888293782,-1.5772930891033E-15));
#1893=DIRECTION('ref_axis',(0.549177888293782,0.835705478628196,1.21941987239756E-16));
#1894=DIRECTION('center_axis',(-0.677056532382057,-0.73593101032555,7.39557098644699E-32));
#1895=DIRECTION('ref_axis',(-0.73593101032555,0.677056532382057,3.62842001866017E-32));
#1896=DIRECTION('center_axis',(-0.741964557016004,0.487576710972074,-0.460171214929508));
#1897=DIRECTION('ref_axis',(0.549177888293781,0.835705478628197,-8.49503159307255E-16));
#1898=DIRECTION('center_axis',(0.,1.,0.));
#1899=DIRECTION('ref_axis',(-0.49434299833213,0.,-0.869266932535685));
#1900=DIRECTION('',(0.,1.,0.));
#1901=DIRECTION('center_axis',(-0.677056532382057,-0.73593101032555,7.39557098644699E-32));
#1902=DIRECTION('ref_axis',(-0.73593101032555,0.677056532382057,3.62842001866017E-32));
#1903=DIRECTION('center_axis',(0.835705478628196,-0.549177888293782,1.85563892835682E-16));
#1904=DIRECTION('ref_axis',(0.388327408890242,0.590933011012747,-0.707106781186548));
#1905=DIRECTION('center_axis',(-1.,0.,-2.22044604925031E-16));
#1906=DIRECTION('ref_axis',(2.57521632956561E-32,1.,-1.15977433022301E-16));
#1907=DIRECTION('',(-0.835705478628196,0.549177888293782,-1.85563892835682E-16));
#1908=DIRECTION('',(0.835705478628196,-0.549177888293782,1.85563892835682E-16));
#1909=DIRECTION('center_axis',(1.,0.,2.22044604925031E-16));
#1910=DIRECTION('ref_axis',(0.,1.,0.));
#1911=DIRECTION('',(0.,1.,0.));
#1912=DIRECTION('',(0.,-1.,0.));
#1913=DIRECTION('center_axis',(-2.22044604925031E-16,0.,1.));
#1914=DIRECTION('ref_axis',(1.,0.,2.22044604925031E-16));
#1915=DIRECTION('center_axis',(0.677056532382057,-0.73593101032555,-1.50336750244686E-16));
#1916=DIRECTION('ref_axis',(0.73593101032555,0.677056532382057,0.));
#1917=DIRECTION('center_axis',(-0.835705478628196,-0.549177888293782,-1.85563892835682E-16));
#1918=DIRECTION('ref_axis',(-0.388327408890242,0.590933011012747,0.707106781186547));
#1919=DIRECTION('center_axis',(1.,0.,2.22044604925031E-16));
#1920=DIRECTION('ref_axis',(1.28760816478281E-32,1.,-5.79887165111506E-17));
#1921=DIRECTION('',(0.835705478628196,0.549177888293782,1.85563892835682E-16));
#1922=DIRECTION('',(-0.835705478628196,-0.549177888293782,-1.85563892835682E-16));
#1923=DIRECTION('center_axis',(-1.,0.,-2.22044604925031E-16));
#1924=DIRECTION('ref_axis',(0.,-1.,0.));
#1925=DIRECTION('',(0.,1.,0.));
#1926=DIRECTION('',(0.,-1.,0.));
#1927=DIRECTION('center_axis',(2.22044604925031E-16,0.,-1.));
#1928=DIRECTION('ref_axis',(-1.,0.,-2.22044604925031E-16));
#1929=DIRECTION('center_axis',(0.,-1.,0.));
#1930=DIRECTION('ref_axis',(-0.49434299833213,0.,0.869266932535685));
#1931=DIRECTION('',(0.,-1.,0.));
#1932=DIRECTION('center_axis',(2.22044604925031E-16,0.,-1.));
#1933=DIRECTION('ref_axis',(-1.,0.,-2.22044604925031E-16));
#1934=DIRECTION('center_axis',(0.,-1.,0.));
#1935=DIRECTION('ref_axis',(0.49434299833213,0.,-0.869266932535685));
#1936=DIRECTION('',(0.,-1.,0.));
#1937=DIRECTION('center_axis',(-2.22044604925031E-16,0.,1.));
#1938=DIRECTION('ref_axis',(1.,0.,2.22044604925031E-16));
#1939=DIRECTION('center_axis',(0.,-1.,0.));
#1940=DIRECTION('ref_axis',(-0.869266932535685,0.,-0.49434299833213));
#1941=DIRECTION('',(0.,-1.,0.));
#1942=DIRECTION('center_axis',(1.,0.,2.22044604925031E-16));
#1943=DIRECTION('ref_axis',(2.22044604925031E-16,0.,-1.));
#1944=DIRECTION('',(0.,-1.,0.));
#1945=DIRECTION('',(-2.22044604925031E-16,0.,1.));
#1946=DIRECTION('',(0.,1.,0.));
#1947=DIRECTION('',(2.22044604925031E-16,0.,-1.));
#1948=DIRECTION('center_axis',(-2.22044604925031E-16,0.,1.));
#1949=DIRECTION('ref_axis',(0.,-1.,0.));
#1950=DIRECTION('',(1.,0.,2.22044604925031E-16));
#1951=DIRECTION('',(1.,0.,2.22044604925031E-16));
#1952=DIRECTION('center_axis',(0.,1.,0.));
#1953=DIRECTION('ref_axis',(-2.22044604925031E-16,0.,1.));
#1954=DIRECTION('',(1.,0.,2.22044604925031E-16));
#1955=DIRECTION('center_axis',(2.22044604925031E-16,0.,-1.));
#1956=DIRECTION('ref_axis',(0.,1.,0.));
#1957=DIRECTION('',(1.,0.,2.22044604925031E-16));
#1958=DIRECTION('center_axis',(0.,-1.,0.));
#1959=DIRECTION('ref_axis',(2.22044604925031E-16,0.,-1.));
#1960=DIRECTION('center_axis',(0.,-1.,0.));
#1961=DIRECTION('ref_axis',(-2.22044604925031E-16,0.,1.));
#1962=DIRECTION('',(0.,1.,0.));
#1963=DIRECTION('center_axis',(0.,-1.,0.));
#1964=DIRECTION('ref_axis',(-2.22044604925031E-16,0.,1.));
#1965=DIRECTION('center_axis',(0.,-1.,0.));
#1966=DIRECTION('ref_axis',(-1.,0.,-2.22044604925031E-16));
#1967=DIRECTION('center_axis',(1.,0.,0.));
#1968=DIRECTION('ref_axis',(0.,0.,1.));
#1969=DIRECTION('center_axis',(0.,-1.,0.));
#1970=DIRECTION('ref_axis',(1.,0.,2.22044604925031E-16));
#1971=DIRECTION('center_axis',(0.,-1.,0.));
#1972=DIRECTION('ref_axis',(-2.22044604925031E-16,0.,1.));
#1973=DIRECTION('center_axis',(0.,1.,0.));
#1974=DIRECTION('ref_axis',(-1.,0.,-2.22044604925031E-16));
#1975=DIRECTION('center_axis',(0.,-1.,0.));
#1976=DIRECTION('ref_axis',(-2.22044604925031E-16,0.,1.));
#1977=DIRECTION('center_axis',(0.,-1.,0.));
#1978=DIRECTION('ref_axis',(-2.22044604925031E-16,0.,1.));
#1979=DIRECTION('',(0.,1.,0.));
#1980=DIRECTION('center_axis',(0.,1.,0.));
#1981=DIRECTION('ref_axis',(2.22044604925031E-16,0.,-1.));
#1982=DIRECTION('center_axis',(0.,-1.,0.));
#1983=DIRECTION('ref_axis',(2.22044604925031E-16,0.,-1.));
#1984=DIRECTION('center_axis',(0.,-1.,0.));
#1985=DIRECTION('ref_axis',(-2.22044604925031E-16,0.,1.));
#1986=DIRECTION('center_axis',(0.,-1.,0.));
#1987=DIRECTION('ref_axis',(-2.22044604925031E-16,0.,1.));
#1988=DIRECTION('center_axis',(8.46174503681836E-17,0.92454078180232,-0.381083117947193));
#1989=DIRECTION('ref_axis',(2.05289292632376E-16,-0.381083117947193,-0.92454078180232));
#1990=DIRECTION('',(-8.46174503681836E-17,-0.92454078180232,0.381083117947193));
#1991=DIRECTION('center_axis',(8.46174503681836E-17,0.92454078180232,-0.381083117947193));
#1992=DIRECTION('ref_axis',(2.05289292632376E-16,-0.381083117947193,-0.924540781802321));
#1993=DIRECTION('center_axis',(8.46174503681836E-17,0.92454078180232,-0.381083117947193));
#1994=DIRECTION('ref_axis',(-1.,0.,-2.22044604925031E-16));
#1995=DIRECTION('center_axis',(0.,1.,0.));
#1996=DIRECTION('ref_axis',(1.,0.,0.));
#1997=DIRECTION('center_axis',(0.,1.,0.));
#1998=DIRECTION('ref_axis',(1.,0.,0.));
#1999=DIRECTION('',(0.,-1.,0.));
#2000=DIRECTION('center_axis',(0.,1.,0.));
#2001=DIRECTION('ref_axis',(1.,0.,0.));
#2002=DIRECTION('center_axis',(0.,-1.,0.));
#2003=DIRECTION('ref_axis',(1.,0.,0.));
#2004=DIRECTION('',(-0.499991896305592,-0.866030082404034,6.12313475410259E-17));
#2005=DIRECTION('center_axis',(0.,1.,0.));
#2006=DIRECTION('ref_axis',(1.,0.,0.));
#2007=DIRECTION('center_axis',(0.,1.,0.));
#2008=DIRECTION('ref_axis',(1.,0.,0.));
#2009=DIRECTION('center_axis',(0.,1.,0.));
#2010=DIRECTION('ref_axis',(1.,0.,0.));
#2011=DIRECTION('center_axis',(0.,-1.,0.));
#2012=DIRECTION('ref_axis',(1.,0.,0.));
#2013=DIRECTION('',(1.,0.,0.));
#2014=DIRECTION('',(1.,0.,0.));
#2015=DIRECTION('center_axis',(0.,-1.,0.));
#2016=DIRECTION('ref_axis',(1.,0.,2.22044601616309E-16));
#2017=DIRECTION('center_axis',(0.,-1.,0.));
#2018=DIRECTION('ref_axis',(1.,0.,2.22044601616309E-16));
#2019=DIRECTION('center_axis',(0.,0.,1.));
#2020=DIRECTION('ref_axis',(1.,0.,0.));
#2021=DIRECTION('',(-1.,0.,1.22464679914735E-16));
#2022=DIRECTION('center_axis',(1.,0.,2.22044604925031E-16));
#2023=DIRECTION('ref_axis',(-2.22044604925031E-16,0.,1.));
#2024=DIRECTION('',(2.22044604925031E-16,0.,-1.));
#2025=DIRECTION('',(0.,-1.,0.));
#2026=DIRECTION('',(2.22044604925031E-16,-2.73691106313441E-49,-1.));
#2027=DIRECTION('center_axis',(0.,-1.,0.));
#2028=DIRECTION('ref_axis',(-1.,0.,-2.22044604925031E-16));
#2029=DIRECTION('center_axis',(0.,-1.,0.));
#2030=DIRECTION('ref_axis',(-1.,0.,-2.22044604925031E-16));
#2031=DIRECTION('',(0.,-1.,0.));
#2032=DIRECTION('center_axis',(-1.23259516440783E-33,-1.,0.));
#2033=DIRECTION('ref_axis',(-1.,0.,-2.22044604925031E-16));
#2034=DIRECTION('center_axis',(-1.,0.,-2.22044604925031E-16));
#2035=DIRECTION('ref_axis',(2.22044604925031E-16,0.,-1.));
#2036=DIRECTION('',(-2.22044604925031E-16,2.73691106313441E-49,1.));
#2037=DIRECTION('',(-2.22044604925031E-16,0.,1.));
#2038=DIRECTION('center_axis',(0.,1.,0.));
#2039=DIRECTION('ref_axis',(2.22044604925031E-16,0.,-1.));
#2040=DIRECTION('center_axis',(-1.23259516440783E-33,-1.,0.));
#2041=DIRECTION('ref_axis',(0.,0.,-1.));
#2042=DIRECTION('center_axis',(0.,-1.,0.));
#2043=DIRECTION('ref_axis',(1.,0.,1.3880642609364E-16));
#2044=DIRECTION('',(1.,0.,0.));
#2045=DIRECTION('center_axis',(0.,0.,1.));
#2046=DIRECTION('ref_axis',(1.,0.,0.));
#2047=DIRECTION('center_axis',(0.,-1.,0.));
#2048=DIRECTION('ref_axis',(-1.,0.,4.3978315589296E-16));
#2049=DIRECTION('center_axis',(0.,1.,0.));
#2050=DIRECTION('ref_axis',(-1.,0.,0.));
#2051=DIRECTION('center_axis',(0.,-1.,0.));
#2052=DIRECTION('ref_axis',(1.,0.,-3.17318475978225E-16));
#2053=DIRECTION('center_axis',(-1.23259516440783E-33,-1.,0.));
#2054=DIRECTION('ref_axis',(0.,0.,-1.));
#2055=CARTESIAN_POINT('',(0.,0.,0.));
#2056=CARTESIAN_POINT('Origin',(0.,175.000002682209,0.));
#2057=CARTESIAN_POINT('',(-0.500000007450581,175.000002682209,-6.12323408698006E-17));
#2058=CARTESIAN_POINT('Origin',(0.,175.000002682209,0.));
#2059=CARTESIAN_POINT('',(-0.500000007450581,185.000002682209,-6.12323408698006E-17));
#2060=CARTESIAN_POINT('',(-0.500000007450581,175.000002682209,6.12323408698006E-17));
#2061=CARTESIAN_POINT('Origin',(0.,185.000002682209,0.));
#2062=CARTESIAN_POINT('Origin',(0.,185.000002682209,0.));
#2063=CARTESIAN_POINT('Origin',(0.,177.500002682209,0.));
#2064=CARTESIAN_POINT('',(-1.5,175.000002682209,-1.83697019872103E-16));
#2065=CARTESIAN_POINT('Origin',(0.,175.000002682209,0.));
#2066=CARTESIAN_POINT('',(-1.5,180.000002682209,-1.83697019872103E-16));
#2067=CARTESIAN_POINT('',(-1.5,177.500002682209,-1.83697019872103E-16));
#2068=CARTESIAN_POINT('Origin',(0.,180.000002682209,0.));
#2069=CARTESIAN_POINT('Origin',(0.,175.000002682209,0.));
#2070=CARTESIAN_POINT('Ctrl Pts',(7.99835465741472,70.0000010430813,0.));
#2071=CARTESIAN_POINT('Ctrl Pts',(7.99835465741471,70.0000010430813,-7.99835465741471));
#2072=CARTESIAN_POINT('Ctrl Pts',(8.62816627942451E-32,70.0000010430813,
-7.99835465741472));
#2073=CARTESIAN_POINT('Ctrl Pts',(-7.99835465741471,70.0000010430813,-7.99835465741471));
#2074=CARTESIAN_POINT('Ctrl Pts',(-7.99835465741472,70.0000010430813,0.));
#2075=CARTESIAN_POINT('Ctrl Pts',(7.81212056604943,74.5894403457955,0.));
#2076=CARTESIAN_POINT('Ctrl Pts',(7.81212056604942,74.5894403457955,-7.81212056604942));
#2077=CARTESIAN_POINT('Ctrl Pts',(9.1938583486114E-32,74.5894403457955,
-7.81212056604943));
#2078=CARTESIAN_POINT('Ctrl Pts',(-7.81212056604942,74.5894403457955,-7.81212056604942));
#2079=CARTESIAN_POINT('Ctrl Pts',(-7.81212056604943,74.5894403457955,0.));
#2080=CARTESIAN_POINT('Ctrl Pts',(7.62589039403709,79.066792245522,0.));
#2081=CARTESIAN_POINT('Ctrl Pts',(7.62589039403708,79.066792245522,-7.62589039403708));
#2082=CARTESIAN_POINT('Ctrl Pts',(9.7457345787069E-32,79.066792245522,-7.62589039403709));
#2083=CARTESIAN_POINT('Ctrl Pts',(-7.62589039403708,79.066792245522,-7.62589039403708));
#2084=CARTESIAN_POINT('Ctrl Pts',(-7.62589039403709,79.066792245522,0.));
#2085=CARTESIAN_POINT('Ctrl Pts',(7.43966509057448,83.431828606914,0.));
#2086=CARTESIAN_POINT('Ctrl Pts',(7.43966509057448,83.431828606914,-7.43966509057448));
#2087=CARTESIAN_POINT('Ctrl Pts',(1.02837668498585E-31,83.431828606914,
-7.43966509057448));
#2088=CARTESIAN_POINT('Ctrl Pts',(-7.43966509057448,83.431828606914,-7.43966509057448));
#2089=CARTESIAN_POINT('Ctrl Pts',(-7.43966509057448,83.431828606914,0.));
#2090=CARTESIAN_POINT('Ctrl Pts',(6.30788067442786,109.960340242439,0.));
#2091=CARTESIAN_POINT('Ctrl Pts',(6.30788067442786,109.960340242439,-6.30788067442786));
#2092=CARTESIAN_POINT('Ctrl Pts',(1.3553658365947E-31,109.960340242439,
-6.30788067442786));
#2093=CARTESIAN_POINT('Ctrl Pts',(-6.30788067442786,109.960340242439,-6.30788067442786));
#2094=CARTESIAN_POINT('Ctrl Pts',(-6.30788067442786,109.960340242439,0.));
#2095=CARTESIAN_POINT('Ctrl Pts',(5.17616149902331,132.382885886953,0.));
#2096=CARTESIAN_POINT('Ctrl Pts',(5.1761614990233,132.382885886953,-5.1761614990233));
#2097=CARTESIAN_POINT('Ctrl Pts',(1.63174504994612E-31,132.382885886953,
-5.17616149902331));
#2098=CARTESIAN_POINT('Ctrl Pts',(-5.1761614990233,132.382885886953,-5.1761614990233));
#2099=CARTESIAN_POINT('Ctrl Pts',(-5.17616149902331,132.382885886953,0.));
#2100=CARTESIAN_POINT('Ctrl Pts',(4.04531865591869,150.328558390469,0.));
#2101=CARTESIAN_POINT('Ctrl Pts',(4.04531865591869,150.328558390469,-4.04531865591869));
#2102=CARTESIAN_POINT('Ctrl Pts',(1.85294254144492E-31,150.328558390469,
-4.04531865591869));
#2103=CARTESIAN_POINT('Ctrl Pts',(-4.04531865591869,150.328558390469,-4.04531865591869));
#2104=CARTESIAN_POINT('Ctrl Pts',(-4.04531865591869,150.328558390469,0.));
#2105=CARTESIAN_POINT('Ctrl Pts',(2.87074540983369,168.968201320661,0.));
#2106=CARTESIAN_POINT('Ctrl Pts',(2.87074540983369,168.968201320661,-2.87074540983369));
#2107=CARTESIAN_POINT('Ctrl Pts',(2.08269387886536E-31,168.968201320661,
-2.87074540983369));
#2108=CARTESIAN_POINT('Ctrl Pts',(-2.87074540983369,168.968201320661,-2.87074540983369));
#2109=CARTESIAN_POINT('Ctrl Pts',(-2.87074540983369,168.968201320661,0.));
#2110=CARTESIAN_POINT('Ctrl Pts',(1.69163203504763,182.768271736451,0.));
#2111=CARTESIAN_POINT('Ctrl Pts',(1.69163203504763,182.768271736451,-1.69163203504763));
#2112=CARTESIAN_POINT('Ctrl Pts',(2.25279287949526E-31,182.768271736451,
-1.69163203504763));
#2113=CARTESIAN_POINT('Ctrl Pts',(-1.69163203504763,182.768271736451,-1.69163203504763));
#2114=CARTESIAN_POINT('Ctrl Pts',(-1.69163203504763,182.768271736451,0.));
#2115=CARTESIAN_POINT('Ctrl Pts',(0.533694261570582,190.860388659376,0.));
#2116=CARTESIAN_POINT('Ctrl Pts',(0.533694261570582,190.860388659376,-0.533694261570582));
#2117=CARTESIAN_POINT('Ctrl Pts',(2.35253592138545E-31,190.860388659376,
-0.533694261570582));
#2118=CARTESIAN_POINT('Ctrl Pts',(-0.533694261570582,190.860388659376,-0.533694261570582));
#2119=CARTESIAN_POINT('Ctrl Pts',(-0.533694261570582,190.860388659376,0.));
#2120=CARTESIAN_POINT('Ctrl Pts',(0.354570979773153,192.112171417589,0.));
#2121=CARTESIAN_POINT('Ctrl Pts',(0.354570979773153,192.112171417589,-0.354570979773153));
#2122=CARTESIAN_POINT('Ctrl Pts',(2.36796533513209E-31,192.112171417589,
-0.354570979773153));
#2123=CARTESIAN_POINT('Ctrl Pts',(-0.354570979773153,192.112171417589,-0.354570979773153));
#2124=CARTESIAN_POINT('Ctrl Pts',(-0.354570979773153,192.112171417589,0.));
#2125=CARTESIAN_POINT('Ctrl Pts',(0.176587345921227,193.224324417498,0.));
#2126=CARTESIAN_POINT('Ctrl Pts',(0.176587345921227,193.224324417498,-0.176587345921227));
#2127=CARTESIAN_POINT('Ctrl Pts',(2.38167367922979E-31,193.224324417498,
-0.176587345921227));
#2128=CARTESIAN_POINT('Ctrl Pts',(-0.176587345921227,193.224324417498,-0.176587345921227));
#2129=CARTESIAN_POINT('Ctrl Pts',(-0.176587345921227,193.224324417498,0.));
#2130=CARTESIAN_POINT('Ctrl Pts',(6.51950715635508E-12,194.196504167553,
0.));
#2131=CARTESIAN_POINT('Ctrl Pts',(6.51950715635507E-12,194.196504167553,
-6.51950715635507E-12));
#2132=CARTESIAN_POINT('Ctrl Pts',(2.39365671981831E-31,194.196504167553,
-6.51950715635508E-12));
#2133=CARTESIAN_POINT('Ctrl Pts',(-6.51950715635507E-12,194.196504167553,
-6.51950715635507E-12));
#2134=CARTESIAN_POINT('Ctrl Pts',(-6.51950715635508E-12,194.196504167553,
0.));
#2135=CARTESIAN_POINT('',(1.78663742510848,179.99999999995,0.));
#2136=CARTESIAN_POINT('',(-1.78663742510848,179.99999999995,-2.18799980389597E-16));
#2137=CARTESIAN_POINT('Ctrl Pts',(1.78663716507714,180.000002682209,1.38777878078145E-16));
#2138=CARTESIAN_POINT('Ctrl Pts',(1.78663716507714,180.000002682209,-0.12388481047514));
#2139=CARTESIAN_POINT('Ctrl Pts',(1.77375196944275,180.000002682209,-0.247434348462999));
#2140=CARTESIAN_POINT('Ctrl Pts',(1.7226273923657,180.000002682209,-0.489872098585659));
#2141=CARTESIAN_POINT('Ctrl Pts',(1.6845263706142,180.000002682209,-0.608104195518099));
#2142=CARTESIAN_POINT('Ctrl Pts',(1.54055978392079,180.000002682209,-0.934276390128062));
#2143=CARTESIAN_POINT('Ctrl Pts',(1.40594405988629,180.000002682209,-1.12672894764235));
#2144=CARTESIAN_POINT('Ctrl Pts',(1.07051976144805,180.000002682209,-1.44920124942466));
#2145=CARTESIAN_POINT('Ctrl Pts',(0.87291802615774,180.000002682209,-1.57613798272666));
#2146=CARTESIAN_POINT('Ctrl Pts',(0.440180201747588,180.000002682209,-1.74712283797512));
#2147=CARTESIAN_POINT('Ctrl Pts',(0.209181322089442,180.000002682209,-1.78953625151146));
#2148=CARTESIAN_POINT('Ctrl Pts',(-0.256071903594718,180.000002682209,-1.78343040267182));
#2149=CARTESIAN_POINT('Ctrl Pts',(-0.485878175200592,180.000002682209,-1.73496951553868));
#2150=CARTESIAN_POINT('Ctrl Pts',(-0.913979824063939,180.000002682209,-1.55268725189229));
#2151=CARTESIAN_POINT('Ctrl Pts',(-1.10818231622485,180.000002682209,-1.42060859317101));
#2152=CARTESIAN_POINT('Ctrl Pts',(-1.43502848409808,180.000002682209,-1.08944484523631));
#2153=CARTESIAN_POINT('Ctrl Pts',(-1.56454733230059,180.000002682209,-0.893525861951339));
#2154=CARTESIAN_POINT('Ctrl Pts',(-1.74119610205004,180.000002682209,-0.46306906092994));
#2155=CARTESIAN_POINT('Ctrl Pts',(-1.78663716507714,180.000002682209,-0.232646644828358));
#2156=CARTESIAN_POINT('Ctrl Pts',(-1.78663716507714,180.000002682209,-1.38777878078145E-16));
#2157=CARTESIAN_POINT('',(-7.99835465741472,70.0000010430813,-9.79515942964826E-16));
#2158=CARTESIAN_POINT('Ctrl Pts',(-7.99835465741472,70.0000010430813,-9.79515942964826E-16));
#2159=CARTESIAN_POINT('Ctrl Pts',(-7.81212056604943,74.5894403457955,-9.56708844576564E-16));
#2160=CARTESIAN_POINT('Ctrl Pts',(-7.62589039403709,79.066792245522,-9.33902226170607E-16));
#2161=CARTESIAN_POINT('Ctrl Pts',(-7.43966509057448,83.431828606914,-9.11096203990034E-16));
#2162=CARTESIAN_POINT('Ctrl Pts',(-6.30788067442786,109.960340242439,-7.72492587734153E-16));
#2163=CARTESIAN_POINT('Ctrl Pts',(-5.17616149902331,132.382885886953,-6.33896961164866E-16));
#2164=CARTESIAN_POINT('Ctrl Pts',(-4.04531865591869,150.328558390469,-4.9540865435019E-16));
#2165=CARTESIAN_POINT('Ctrl Pts',(-3.29151360616078,162.290908983159,-4.03094160213476E-16));
#2166=CARTESIAN_POINT('Ctrl Pts',(-2.53758472633981,172.253731309825,-3.10764501267726E-16));
#2167=CARTESIAN_POINT('Ctrl Pts',(-1.7866374251037,179.99999999995,-2.18799980389011E-16));
#2168=CARTESIAN_POINT('',(7.99835465741472,70.0000010430813,0.));
#2169=CARTESIAN_POINT('Origin',(1.16794207978639E-15,70.0000010430813,1.11022302462516E-15));
#2170=CARTESIAN_POINT('Ctrl Pts',(1.7866374251037,179.99999999995,0.));
#2171=CARTESIAN_POINT('Ctrl Pts',(2.53758472633981,172.253731309825,0.));
#2172=CARTESIAN_POINT('Ctrl Pts',(3.29151360616078,162.290908983159,0.));
#2173=CARTESIAN_POINT('Ctrl Pts',(4.04531865591869,150.328558390469,0.));
#2174=CARTESIAN_POINT('Ctrl Pts',(5.17616149902331,132.382885886953,0.));
#2175=CARTESIAN_POINT('Ctrl Pts',(6.30788067442786,109.960340242439,0.));
#2176=CARTESIAN_POINT('Ctrl Pts',(7.43966509057448,83.431828606914,0.));
#2177=CARTESIAN_POINT('Ctrl Pts',(7.62589039403709,79.066792245522,0.));
#2178=CARTESIAN_POINT('Ctrl Pts',(7.81212056604943,74.5894403457955,0.));
#2179=CARTESIAN_POINT('Ctrl Pts',(7.99835465741472,70.0000010430813,0.));
#2180=CARTESIAN_POINT('Origin',(-5.,180.,0.));
#2181=CARTESIAN_POINT('',(3.79597004748008,180.,0.));
#2182=CARTESIAN_POINT('',(2.5000000372529,180.000002682209,0.));
#2183=CARTESIAN_POINT('',(-0.00248054048732294,180.,0.));
#2184=CARTESIAN_POINT('',(-3.79597004748008,180.,-4.64872256830571E-16));
#2185=CARTESIAN_POINT('Ctrl Pts',(3.79597004748008,180.,0.));
#2186=CARTESIAN_POINT('Ctrl Pts',(3.79597004748008,180.,0.26321126588737));
#2187=CARTESIAN_POINT('Ctrl Pts',(3.76859357863675,180.,0.525710196699473));
#2188=CARTESIAN_POINT('Ctrl Pts',(3.65997199219045,180.,1.04080439480116));
#2189=CARTESIAN_POINT('Ctrl Pts',(3.57902083983892,180.,1.29200565008621));
#2190=CARTESIAN_POINT('Ctrl Pts',(3.27314292483286,180.,1.98500583236261));
#2191=CARTESIAN_POINT('Ctrl Pts',(2.98713227513683,180.,2.39389923174158));
#2192=CARTESIAN_POINT('Ctrl Pts',(2.27447465502423,180.,3.07903845454217));
#2193=CARTESIAN_POINT('Ctrl Pts',(1.85464107988437,180.,3.3487339735641));
#2194=CARTESIAN_POINT('Ctrl Pts',(0.935226745524146,180.,3.71201612272271));
#2195=CARTESIAN_POINT('Ctrl Pts',(0.444436088459808,180.,3.80212957750937));
#2196=CARTESIAN_POINT('Ctrl Pts',(-0.544061936607473,180.,3.78915681518091));
#2197=CARTESIAN_POINT('Ctrl Pts',(-1.03231872471772,180.,3.68619462474436));
#2198=CARTESIAN_POINT('Ctrl Pts',(-1.94188283103247,180.,3.29890949124682));
#2199=CARTESIAN_POINT('Ctrl Pts',(-2.35449422062985,180.,3.01828920514878));
#2200=CARTESIAN_POINT('Ctrl Pts',(-3.04892635695387,180.,2.31468374314269));
#2201=CARTESIAN_POINT('Ctrl Pts',(-3.32410795396249,180.,1.89842541894602));
#2202=CARTESIAN_POINT('Ctrl Pts',(-3.69942391178549,180.,0.98385744994221));
#2203=CARTESIAN_POINT('Ctrl Pts',(-3.79597004748008,180.,0.494291573396803));
#2204=CARTESIAN_POINT('Ctrl Pts',(-3.79597004748008,180.,2.77555756156289E-16));
#2205=CARTESIAN_POINT('',(-0.00248054048732294,180.,0.));
#2206=CARTESIAN_POINT('',(-0.00248054048732294,180.,0.));
#2207=CARTESIAN_POINT('Ctrl Pts',(10.0000001490116,70.0000010430813,0.));
#2208=CARTESIAN_POINT('Ctrl Pts',(10.0000001490116,70.0000010430813,10.0000001490116));
#2209=CARTESIAN_POINT('Ctrl Pts',(8.62816627942451E-32,70.0000010430813,
10.0000001490116));
#2210=CARTESIAN_POINT('Ctrl Pts',(-10.0000001490116,70.0000010430813,10.0000001490116));
#2211=CARTESIAN_POINT('Ctrl Pts',(-10.0000001490116,70.0000010430813,0.));
#2212=CARTESIAN_POINT('Ctrl Pts',(9.60000014305182,79.8601901592875,0.));
#2213=CARTESIAN_POINT('Ctrl Pts',(9.60000014305182,79.8601901592875,9.60000014305182));
#2214=CARTESIAN_POINT('Ctrl Pts',(9.84352842190276E-32,79.8601901592875,
9.60000014305182));
#2215=CARTESIAN_POINT('Ctrl Pts',(-9.60000014305182,79.8601901592875,9.60000014305182));
#2216=CARTESIAN_POINT('Ctrl Pts',(-9.60000014305182,79.8601901592875,0.));
#2217=CARTESIAN_POINT('Ctrl Pts',(8.80000013113205,98.7194827748783,0.));
#2218=CARTESIAN_POINT('Ctrl Pts',(8.80000013113205,98.7194827748783,8.80000013113205));
#2219=CARTESIAN_POINT('Ctrl Pts',(1.21681157101157E-31,98.7194827748783,
8.80000013113205));
#2220=CARTESIAN_POINT('Ctrl Pts',(-8.80000013113205,98.7194827748783,8.80000013113205));
#2221=CARTESIAN_POINT('Ctrl Pts',(-8.80000013113205,98.7194827748783,0.));
#2222=CARTESIAN_POINT('Ctrl Pts',(7.60000011325181,124.42524401447,0.));
#2223=CARTESIAN_POINT('Ctrl Pts',(7.60000011325181,124.42524401447,7.60000011325181));
#2224=CARTESIAN_POINT('Ctrl Pts',(1.533659541025E-31,124.42524401447,7.60000011325181));
#2225=CARTESIAN_POINT('Ctrl Pts',(-7.60000011325181,124.42524401447,7.60000011325181));
#2226=CARTESIAN_POINT('Ctrl Pts',(-7.60000011325181,124.42524401447,0.));
#2227=CARTESIAN_POINT('Ctrl Pts',(6.0000000894104,153.447556282404,0.));
#2228=CARTESIAN_POINT('Ctrl Pts',(6.0000000894104,153.447556282404,6.0000000894104));
#2229=CARTESIAN_POINT('Ctrl Pts',(1.89138715863889E-31,153.447556282404,
6.0000000894104));
#2230=CARTESIAN_POINT('Ctrl Pts',(-6.0000000894104,153.447556282404,6.0000000894104));
#2231=CARTESIAN_POINT('Ctrl Pts',(-6.0000000894104,153.447556282404,0.));
#2232=CARTESIAN_POINT('Ctrl Pts',(4.00000005960733,180.377980785939,0.));
#2233=CARTESIAN_POINT('Ctrl Pts',(4.00000005960733,180.377980785939,4.00000005960733));
#2234=CARTESIAN_POINT('Ctrl Pts',(2.22333026882397E-31,180.377980785939,
4.00000005960733));
#2235=CARTESIAN_POINT('Ctrl Pts',(-4.00000005960733,180.377980785939,4.00000005960733));
#2236=CARTESIAN_POINT('Ctrl Pts',(-4.00000005960733,180.377980785939,0.));
#2237=CARTESIAN_POINT('Ctrl Pts',(2.40000003576436,193.776048425409,0.));
#2238=CARTESIAN_POINT('Ctrl Pts',(2.40000003576436,193.776048425409,2.40000003576436));
#2239=CARTESIAN_POINT('Ctrl Pts',(2.38847420267217E-31,193.776048425409,
2.40000003576436));
#2240=CARTESIAN_POINT('Ctrl Pts',(-2.40000003576436,193.776048425409,2.40000003576436));
#2241=CARTESIAN_POINT('Ctrl Pts',(-2.40000003576436,193.776048425409,0.));
#2242=CARTESIAN_POINT('Ctrl Pts',(1.20000001788213,198.868372440998,0.));
#2243=CARTESIAN_POINT('Ctrl Pts',(1.20000001788213,198.868372440998,1.20000001788213));
#2244=CARTESIAN_POINT('Ctrl Pts',(2.45124194224429E-31,198.868372440998,
1.20000001788213));
#2245=CARTESIAN_POINT('Ctrl Pts',(-1.20000001788213,198.868372440998,1.20000001788213));
#2246=CARTESIAN_POINT('Ctrl Pts',(-1.20000001788213,198.868372440998,0.));
#2247=CARTESIAN_POINT('Ctrl Pts',(0.400000005960697,200.000000000007,0.));
#2248=CARTESIAN_POINT('Ctrl Pts',(0.400000005960697,200.000000000007,0.400000005960697));
#2249=CARTESIAN_POINT('Ctrl Pts',(2.46519032881575E-31,200.000000000007,
0.400000005960697));
#2250=CARTESIAN_POINT('Ctrl Pts',(-0.400000005960697,200.000000000007,0.400000005960697));
#2251=CARTESIAN_POINT('Ctrl Pts',(-0.400000005960697,200.000000000007,0.));
#2252=CARTESIAN_POINT('Ctrl Pts',(1.38777878078145E-16,200.,0.));
#2253=CARTESIAN_POINT('Ctrl Pts',(1.38777878078145E-16,200.,1.38777878078144E-16));
#2254=CARTESIAN_POINT('Ctrl Pts',(2.46519032881566E-31,200.,1.38777878078144E-16));
#2255=CARTESIAN_POINT('Ctrl Pts',(-1.38777878078144E-16,200.,1.38777878078144E-16));
#2256=CARTESIAN_POINT('Ctrl Pts',(-1.38777878078144E-16,200.,0.));
#2257=CARTESIAN_POINT('',(1.04083408558608E-16,200.,0.));
#2258=CARTESIAN_POINT('Ctrl Pts',(8.32667268468867E-17,200.,0.));
#2259=CARTESIAN_POINT('Ctrl Pts',(0.400000005960697,200.000000000007,0.));
#2260=CARTESIAN_POINT('Ctrl Pts',(1.15919401545671,198.926093936285,0.));
#2261=CARTESIAN_POINT('Ctrl Pts',(1.91838802495277,195.813930277059,0.));
#2262=CARTESIAN_POINT('Ctrl Pts',(2.67758203444883,190.715204831055,0.));
#2263=CARTESIAN_POINT('Ctrl Pts',(3.43677604394482,183.722419229977,0.));
#2264=CARTESIAN_POINT('Ctrl Pts',(3.79597004748008,180.,0.));
#2265=CARTESIAN_POINT('Ctrl Pts',(-3.79597004748008,180.,4.64872256830571E-16));
#2266=CARTESIAN_POINT('Ctrl Pts',(-3.43677604394482,183.722419229977,4.20883678160333E-16));
#2267=CARTESIAN_POINT('Ctrl Pts',(-2.67758203444883,190.715204831055,3.27909226794222E-16));
#2268=CARTESIAN_POINT('Ctrl Pts',(-1.91838802495277,195.813930277059,2.34934775428102E-16));
#2269=CARTESIAN_POINT('Ctrl Pts',(-1.15919401545671,198.926093936285,1.41960324061982E-16));
#2270=CARTESIAN_POINT('Ctrl Pts',(-0.400000005960697,200.000000000007,4.89858726958689E-17));
#2271=CARTESIAN_POINT('Ctrl Pts',(-8.32667268468867E-17,200.,6.16297582203915E-33));
#2272=CARTESIAN_POINT('Origin',(4.99503891902535,134.995039366061,0.));
#2273=CARTESIAN_POINT('',(-10.0000001490116,70.0000010430813,-1.22464681739601E-15));
#2274=CARTESIAN_POINT('Ctrl Pts',(-3.79597004748008,180.,-4.64872256830571E-16));
#2275=CARTESIAN_POINT('Ctrl Pts',(-3.8367760499055,179.577116971242,-4.698695508562E-16));
#2276=CARTESIAN_POINT('Ctrl Pts',(-4.27758205829159,174.95121970877,-5.23852717577695E-16));
#2277=CARTESIAN_POINT('Ctrl Pts',(-5.11838807263829,164.941769937981,-6.26821756995048E-16));
#2278=CARTESIAN_POINT('Ctrl Pts',(-6.35919409294537,146.932156044888,-7.7877666910823E-16));
#2279=CARTESIAN_POINT('Ctrl Pts',(-7.60000011325181,124.42524401447,-9.30731581221336E-16));
#2280=CARTESIAN_POINT('Ctrl Pts',(-8.80000013113205,98.7194827748783,-1.07768919930872E-15));
#2281=CARTESIAN_POINT('Ctrl Pts',(-9.60000014305182,79.8601901592875,-1.17566094470025E-15));
#2282=CARTESIAN_POINT('Ctrl Pts',(-10.0000001490116,70.0000010430813,-1.22464681739601E-15));
#2283=CARTESIAN_POINT('',(-9.,70.0000010430813,-1.10218211923262E-15));
#2284=CARTESIAN_POINT('',(3.49751947441384,70.0000010430813,0.));
#2285=CARTESIAN_POINT('',(0.,70.0000010430813,0.));
#2286=CARTESIAN_POINT('Origin',(10.0000001490116,70.0000010430813,0.));
#2287=CARTESIAN_POINT('',(3.1005835635579E-15,70.0000010430813,-9.));
#2288=CARTESIAN_POINT('Origin',(0.,70.0000010430813,0.));
#2289=CARTESIAN_POINT('',(9.,70.0000010430813,0.));
#2290=CARTESIAN_POINT('Origin',(0.,70.0000010430813,0.));
#2291=CARTESIAN_POINT('',(0.,70.0000010430813,0.));
#2292=CARTESIAN_POINT('Origin',(10.0000001490116,70.0000010430813,0.));
#2293=CARTESIAN_POINT('',(-1.50000002980232,70.0000010430813,-9.39999978989363));
#2294=CARTESIAN_POINT('',(-1.49999996647239,70.0000010430813,-9.88685997172929));
#2295=CARTESIAN_POINT('',(-1.49999996647239,70.0000010430813,0.875000192783771));
#2296=CARTESIAN_POINT('',(1.49999996647239,70.0000010430813,-9.88685997172929));
#2297=CARTESIAN_POINT('Origin',(1.72254636714872E-15,70.0000010430813,2.22044604925031E-15));
#2298=CARTESIAN_POINT('',(1.50000002980232,70.0000010430813,-9.39999978989363));
#2299=CARTESIAN_POINT('',(1.49999996647239,70.0000010430813,1.92500016931444));
#2300=CARTESIAN_POINT('',(2.00000002980232,70.0000010430813,-9.39999978989363));
#2301=CARTESIAN_POINT('Ctrl Pts',(1.04083408558608E-16,200.,0.));
#2302=CARTESIAN_POINT('Ctrl Pts',(1.04083408558608E-16,200.,-1.04083408558608E-16));
#2303=CARTESIAN_POINT('Ctrl Pts',(2.46519032881566E-31,200.,-1.04083408558608E-16));
#2304=CARTESIAN_POINT('Ctrl Pts',(-1.04083408558608E-16,200.,-1.04083408558608E-16));
#2305=CARTESIAN_POINT('Ctrl Pts',(-1.04083408558608E-16,200.,0.));
#2306=CARTESIAN_POINT('Ctrl Pts',(0.400000005960697,200.000000000007,0.));
#2307=CARTESIAN_POINT('Ctrl Pts',(0.400000005960697,200.000000000007,-0.400000005960697));
#2308=CARTESIAN_POINT('Ctrl Pts',(2.46519032881575E-31,200.000000000007,
-0.400000005960697));
#2309=CARTESIAN_POINT('Ctrl Pts',(-0.400000005960697,200.000000000007,-0.400000005960697));
#2310=CARTESIAN_POINT('Ctrl Pts',(-0.400000005960697,200.000000000007,0.));
#2311=CARTESIAN_POINT('Ctrl Pts',(1.20000001788213,198.868372440998,0.));
#2312=CARTESIAN_POINT('Ctrl Pts',(1.20000001788213,198.868372440998,-1.20000001788213));
#2313=CARTESIAN_POINT('Ctrl Pts',(2.45124194224429E-31,198.868372440998,
-1.20000001788213));
#2314=CARTESIAN_POINT('Ctrl Pts',(-1.20000001788213,198.868372440998,-1.20000001788213));
#2315=CARTESIAN_POINT('Ctrl Pts',(-1.20000001788213,198.868372440998,0.));
#2316=CARTESIAN_POINT('Ctrl Pts',(2.40000003576436,193.776048425409,0.));
#2317=CARTESIAN_POINT('Ctrl Pts',(2.40000003576436,193.776048425409,-2.40000003576436));
#2318=CARTESIAN_POINT('Ctrl Pts',(2.38847420267217E-31,193.776048425409,
-2.40000003576436));
#2319=CARTESIAN_POINT('Ctrl Pts',(-2.40000003576436,193.776048425409,-2.40000003576436));
#2320=CARTESIAN_POINT('Ctrl Pts',(-2.40000003576436,193.776048425409,0.));
#2321=CARTESIAN_POINT('Ctrl Pts',(4.00000005960733,180.377980785939,0.));
#2322=CARTESIAN_POINT('Ctrl Pts',(4.00000005960733,180.377980785939,-4.00000005960733));
#2323=CARTESIAN_POINT('Ctrl Pts',(2.22333026882397E-31,180.377980785939,
-4.00000005960733));
#2324=CARTESIAN_POINT('Ctrl Pts',(-4.00000005960733,180.377980785939,-4.00000005960733));
#2325=CARTESIAN_POINT('Ctrl Pts',(-4.00000005960733,180.377980785939,0.));
#2326=CARTESIAN_POINT('Ctrl Pts',(6.0000000894104,153.447556282404,0.));
#2327=CARTESIAN_POINT('Ctrl Pts',(6.0000000894104,153.447556282404,-6.0000000894104));
#2328=CARTESIAN_POINT('Ctrl Pts',(1.89138715863889E-31,153.447556282404,
-6.0000000894104));
#2329=CARTESIAN_POINT('Ctrl Pts',(-6.0000000894104,153.447556282404,-6.0000000894104));
#2330=CARTESIAN_POINT('Ctrl Pts',(-6.0000000894104,153.447556282404,0.));
#2331=CARTESIAN_POINT('Ctrl Pts',(7.60000011325181,124.42524401447,0.));
#2332=CARTESIAN_POINT('Ctrl Pts',(7.60000011325181,124.42524401447,-7.60000011325181));
#2333=CARTESIAN_POINT('Ctrl Pts',(1.533659541025E-31,124.42524401447,-7.60000011325181));
#2334=CARTESIAN_POINT('Ctrl Pts',(-7.60000011325181,124.42524401447,-7.60000011325181));
#2335=CARTESIAN_POINT('Ctrl Pts',(-7.60000011325181,124.42524401447,0.));
#2336=CARTESIAN_POINT('Ctrl Pts',(8.80000013113205,98.7194827748783,0.));
#2337=CARTESIAN_POINT('Ctrl Pts',(8.80000013113205,98.7194827748783,-8.80000013113205));
#2338=CARTESIAN_POINT('Ctrl Pts',(1.21681157101157E-31,98.7194827748783,
-8.80000013113205));
#2339=CARTESIAN_POINT('Ctrl Pts',(-8.80000013113205,98.7194827748783,-8.80000013113205));
#2340=CARTESIAN_POINT('Ctrl Pts',(-8.80000013113205,98.7194827748783,0.));
#2341=CARTESIAN_POINT('Ctrl Pts',(9.60000014305182,79.8601901592875,0.));
#2342=CARTESIAN_POINT('Ctrl Pts',(9.60000014305182,79.8601901592875,-9.60000014305182));
#2343=CARTESIAN_POINT('Ctrl Pts',(9.84352842190276E-32,79.8601901592875,
-9.60000014305182));
#2344=CARTESIAN_POINT('Ctrl Pts',(-9.60000014305182,79.8601901592875,-9.60000014305182));
#2345=CARTESIAN_POINT('Ctrl Pts',(-9.60000014305182,79.8601901592875,0.));
#2346=CARTESIAN_POINT('Ctrl Pts',(10.0000001490116,70.0000010430813,0.));
#2347=CARTESIAN_POINT('Ctrl Pts',(10.0000001490116,70.0000010430813,-10.0000001490116));
#2348=CARTESIAN_POINT('Ctrl Pts',(8.62816627942451E-32,70.0000010430813,
-10.0000001490116));
#2349=CARTESIAN_POINT('Ctrl Pts',(-10.0000001490116,70.0000010430813,-10.0000001490116));
#2350=CARTESIAN_POINT('Ctrl Pts',(-10.0000001490116,70.0000010430813,0.));
#2351=CARTESIAN_POINT('',(10.0000001490116,70.0000010430813,0.));
#2352=CARTESIAN_POINT('Ctrl Pts',(3.79597004748008,180.,0.));
#2353=CARTESIAN_POINT('Ctrl Pts',(3.8367760499055,179.577116971242,0.));
#2354=CARTESIAN_POINT('Ctrl Pts',(4.27758205829159,174.95121970877,0.));
#2355=CARTESIAN_POINT('Ctrl Pts',(5.11838807263829,164.941769937981,0.));
#2356=CARTESIAN_POINT('Ctrl Pts',(6.35919409294537,146.932156044888,0.));
#2357=CARTESIAN_POINT('Ctrl Pts',(7.60000011325181,124.42524401447,0.));
#2358=CARTESIAN_POINT('Ctrl Pts',(8.80000013113205,98.7194827748783,0.));
#2359=CARTESIAN_POINT('Ctrl Pts',(9.60000014305182,79.8601901592875,0.));
#2360=CARTESIAN_POINT('Ctrl Pts',(10.0000001490116,70.0000010430813,0.));
#2361=CARTESIAN_POINT('Origin',(0.,70.0000010430813,0.));
#2362=CARTESIAN_POINT('Origin',(0.,70.0000010430813,0.));
#2363=CARTESIAN_POINT('Origin',(4.99503891902535,134.995039366061,0.));
#2364=CARTESIAN_POINT('',(3.49751947441384,70.0000010430813,0.));
#2365=CARTESIAN_POINT('Origin',(2.00000002980232,70.0000010430813,4.44089216467507E-16));
#2366=CARTESIAN_POINT('',(1.00000002980232,70.0000010430813,8.94427190666716));
#2367=CARTESIAN_POINT('Origin',(0.,70.0000010430813,0.));
#2368=CARTESIAN_POINT('',(1.00000002980232,70.0000010430813,9.94987436807095));
#2369=CARTESIAN_POINT('',(1.00000002980232,70.0000010430813,5.50000008195639));
#2370=CARTESIAN_POINT('Origin',(0.,70.0000010430813,0.));
#2371=CARTESIAN_POINT('Origin',(-1.91790633869008E-15,75.0000010430813,
9.88748227225616));
#2372=CARTESIAN_POINT('',(-2.00000002980232,75.0000010430813,9.79795896504934));
#2373=CARTESIAN_POINT('',(1.00000002980232,75.0000010430813,9.94987436807095));
#2374=CARTESIAN_POINT('Origin',(0.,75.0000010430813,0.));
#2375=CARTESIAN_POINT('',(1.00000002980232,75.0000010430813,8.94427190666716));
#2376=CARTESIAN_POINT('',(1.00000002980232,75.0000010430813,10.2437410176638));
#2377=CARTESIAN_POINT('',(-2.00000002980232,75.0000010430813,8.77496438059954));
#2378=CARTESIAN_POINT('Origin',(0.,75.0000010430813,0.));
#2379=CARTESIAN_POINT('',(-2.00000002980233,75.0000010430813,11.0000001639128));
#2380=CARTESIAN_POINT('Origin',(-2.00000002980232,70.0000010430813,8.77496438059954));
#2381=CARTESIAN_POINT('',(-2.00000002980232,70.0000010430813,9.79795896504934));
#2382=CARTESIAN_POINT('',(-2.00000002980232,35.0000005215406,9.79795896504934));
#2383=CARTESIAN_POINT('',(-2.00000002980232,70.0000010430813,8.77496438059954));
#2384=CARTESIAN_POINT('',(-2.00000002980232,70.0000010430813,8.77496438059954));
#2385=CARTESIAN_POINT('',(-2.00000002980232,70.0000010430813,4.38748219029977));
#2386=CARTESIAN_POINT('Origin',(1.00000002980232,70.0000010430813,11.0000001639128));
#2387=CARTESIAN_POINT('',(1.00000002980232,35.0000005215406,9.94987436807095));
#2388=CARTESIAN_POINT('',(1.00000002980232,35.,8.94427190666716));
#2389=CARTESIAN_POINT('Origin',(1.49999996647239,36.0000010430813,-9.39999978989363));
#2390=CARTESIAN_POINT('',(1.49999996647239,36.0000010430813,-9.88685997172929));
#2391=CARTESIAN_POINT('',(1.49999996647239,35.0000005215406,-9.88685997172929));
#2392=CARTESIAN_POINT('',(1.49999996647239,36.0000010430813,-11.499999742955));
#2393=CARTESIAN_POINT('',(1.49999996647239,36.0000010430813,-9.39999978989363));
#2394=CARTESIAN_POINT('',(1.49999996647239,31.0000010430813,-11.499999742955));
#2395=CARTESIAN_POINT('',(1.49999996647239,36.0000010430813,-11.499999742955));
#2396=CARTESIAN_POINT('',(1.49999996647239,31.0000010430813,-9.88685997172929));
#2397=CARTESIAN_POINT('',(1.49999996647239,31.0000010430813,-9.39999978989363));
#2398=CARTESIAN_POINT('',(1.49999996647239,0.,-9.88685997172929));
#2399=CARTESIAN_POINT('',(1.49999996647239,35.0000005215406,-9.88685997172929));
#2400=CARTESIAN_POINT('',(1.50000002980232,0.,-9.39999978989363));
#2401=CARTESIAN_POINT('',(1.50000002980232,0.,-0.499999999999999));
#2402=CARTESIAN_POINT('',(1.49999996647239,53.0000010430813,-9.39999978989363));
#2403=CARTESIAN_POINT('Origin',(0.,35.0000005215406,0.));
#2404=CARTESIAN_POINT('',(-1.49999996647239,36.0000010430813,-9.88685997172929));
#2405=CARTESIAN_POINT('',(-1.49999996647239,35.0000005215406,-9.88685997172929));
#2406=CARTESIAN_POINT('',(-2.00000002980232,36.0000010430813,-9.79795896504934));
#2407=CARTESIAN_POINT('Origin',(0.,36.0000010430813,0.));
#2408=CARTESIAN_POINT('',(-2.00000002980232,31.0000010430813,-9.79795896504934));
#2409=CARTESIAN_POINT('',(-1.99999995529651,35.0000005215406,-9.79795898025777));
#2410=CARTESIAN_POINT('',(-1.49999996647239,31.0000010430813,-9.88685997172929));
#2411=CARTESIAN_POINT('Origin',(0.,31.0000010430813,0.));
#2412=CARTESIAN_POINT('',(-1.49999996647239,0.,-9.88685997172929));
#2413=CARTESIAN_POINT('',(-1.49999996647239,35.0000005215406,-9.88685997172929));
#2414=CARTESIAN_POINT('',(-8.59432043561328,0.,-5.1125));
#2415=CARTESIAN_POINT('Origin',(0.,0.,0.));
#2416=CARTESIAN_POINT('',(-8.59432043561328,35.,-5.1125));
#2417=CARTESIAN_POINT('',(-8.59432043561328,35.0000005215406,-5.1125));
#2418=CARTESIAN_POINT('',(-9.99947381683515,35.,-0.102583558274168));
#2419=CARTESIAN_POINT('Origin',(0.,35.,0.));
#2420=CARTESIAN_POINT('',(-8.59432043561328,33.3964356841142,5.1125));
#2421=CARTESIAN_POINT('Ctrl Pts',(-9.99947381683515,35.,-0.102583558274167));
#2422=CARTESIAN_POINT('Ctrl Pts',(-10.0017543109627,34.9959175805506,0.119710751858111));
#2423=CARTESIAN_POINT('Ctrl Pts',(-9.99660979993672,34.982273872166,0.34171174737714));
#2424=CARTESIAN_POINT('Ctrl Pts',(-9.9565567826143,34.9108899905249,1.05243166798673));
#2425=CARTESIAN_POINT('Ctrl Pts',(-9.89313928599573,34.8200949219984,1.5344097460175));
#2426=CARTESIAN_POINT('Ctrl Pts',(-9.70280455383204,34.5778566477836,2.4654678307159));
#2427=CARTESIAN_POINT('Ctrl Pts',(-9.57707417760758,34.4275264119315,2.91342227761542));
#2428=CARTESIAN_POINT('Ctrl Pts',(-9.20263410543289,34.0074427562363,3.96882731592415));
#2429=CARTESIAN_POINT('Ctrl Pts',(-8.92407195560941,33.7141375107603,4.55692208937036));
#2430=CARTESIAN_POINT('Ctrl Pts',(-8.59772247041428,33.3997113490658,5.10677779072314));
#2431=CARTESIAN_POINT('Ctrl Pts',(-8.59602209802293,33.3980737913752,5.10963943627936));
#2432=CARTESIAN_POINT('Ctrl Pts',(-8.59432043561437,33.3964356841132,5.11249999999816));
#2433=CARTESIAN_POINT('',(-8.59432043561328,0.,5.1125));
#2434=CARTESIAN_POINT('',(-8.59432043561328,35.0000005215406,5.1125));
#2435=CARTESIAN_POINT('',(-5.1125,0.,8.59432043561328));
#2436=CARTESIAN_POINT('Origin',(0.,0.,0.));
#2437=CARTESIAN_POINT('',(-5.1125,25.,8.59432043561328));
#2438=CARTESIAN_POINT('',(-5.1125,35.0000005215406,8.59432043561328));
#2439=CARTESIAN_POINT('',(-0.335959087555966,25.,9.9943549812626));
#2440=CARTESIAN_POINT('Origin',(0.,25.,0.));
#2441=CARTESIAN_POINT('',(5.1125,22.9495679143164,8.59432043561328));
#2442=CARTESIAN_POINT('Ctrl Pts',(-0.335959087555915,25.,9.9943549812626));
#2443=CARTESIAN_POINT('Ctrl Pts',(-0.0786235443719772,24.9872057222525,
10.0030052858041));
#2444=CARTESIAN_POINT('Ctrl Pts',(0.178099719418796,24.9605012537015,10.0016679643638));
#2445=CARTESIAN_POINT('Ctrl Pts',(0.951159871054829,24.8427815904593,9.96816525304119));
#2446=CARTESIAN_POINT('Ctrl Pts',(1.45836764027669,24.714499231117,9.90567409706408));
#2447=CARTESIAN_POINT('Ctrl Pts',(2.43972892456714,24.387373499934,9.71076919871728));
#2448=CARTESIAN_POINT('Ctrl Pts',(2.91283591890786,24.1884833824734,9.57836253957654));
#2449=CARTESIAN_POINT('Ctrl Pts',(3.98329522953507,23.6638905178991,9.19595937866189));
#2450=CARTESIAN_POINT('Ctrl Pts',(4.56436805871961,23.3168459237069,8.9196538236711));
#2451=CARTESIAN_POINT('Ctrl Pts',(5.10678711658463,22.9533993518515,8.59771692903541));
#2452=CARTESIAN_POINT('Ctrl Pts',(5.10964409471004,22.951483861291,8.59601932686411));
#2453=CARTESIAN_POINT('Ctrl Pts',(5.11249999999816,22.9495679143157,8.59432043561437));
#2454=CARTESIAN_POINT('',(5.1125,0.,8.59432043561328));
#2455=CARTESIAN_POINT('',(5.1125,35.0000005215406,8.59432043561328));
#2456=CARTESIAN_POINT('',(8.59432043561328,0.,5.1125));
#2457=CARTESIAN_POINT('Origin',(0.,0.,0.));
#2458=CARTESIAN_POINT('',(8.59432043561328,35.,5.1125));
#2459=CARTESIAN_POINT('',(8.59432043561328,35.0000005215406,5.1125));
#2460=CARTESIAN_POINT('',(9.99947381683515,35.,0.102583558274269));
#2461=CARTESIAN_POINT('Origin',(0.,35.,0.));
#2462=CARTESIAN_POINT('',(8.59432043561328,33.3964356841142,-5.1125));
#2463=CARTESIAN_POINT('Ctrl Pts',(9.99947381683515,35.,0.102583558274271));
#2464=CARTESIAN_POINT('Ctrl Pts',(10.0017543109627,34.9959175805506,-0.119710751858047));
#2465=CARTESIAN_POINT('Ctrl Pts',(9.99660979993673,34.982273872166,-0.341711747377115));
#2466=CARTESIAN_POINT('Ctrl Pts',(9.95655678261431,34.9108899905249,-1.05243166798671));
#2467=CARTESIAN_POINT('Ctrl Pts',(9.89313928599574,34.8200949219984,-1.53440974601747));
#2468=CARTESIAN_POINT('Ctrl Pts',(9.70280455383203,34.5778566477836,-2.46546783071591));
#2469=CARTESIAN_POINT('Ctrl Pts',(9.57707417760758,34.4275264119315,-2.91342227761543));
#2470=CARTESIAN_POINT('Ctrl Pts',(9.20263410691779,34.0074427579022,-3.96882731173878));
#2471=CARTESIAN_POINT('Ctrl Pts',(8.92407197084123,33.7141375253493,-4.5569220637068));
#2472=CARTESIAN_POINT('Ctrl Pts',(8.59772247020904,33.3997113488699,-5.10677779106893));
#2473=CARTESIAN_POINT('Ctrl Pts',(8.59602209822814,33.3980737915728,-5.10963943593439));
#2474=CARTESIAN_POINT('Ctrl Pts',(8.59432043561437,33.3964356841132,-5.11249999999817));
#2475=CARTESIAN_POINT('',(8.59432043561328,0.,-5.1125));
#2476=CARTESIAN_POINT('',(8.59432043561328,35.0000005215406,-5.1125));
#2477=CARTESIAN_POINT('Origin',(0.,0.,0.));
#2478=CARTESIAN_POINT('',(2.00000002980232,31.0000010430813,-9.79795896504934));
#2479=CARTESIAN_POINT('Origin',(0.,31.0000010430813,0.));
#2480=CARTESIAN_POINT('',(2.00000002980232,36.0000010430813,-9.79795896504934));
#2481=CARTESIAN_POINT('',(2.00000002980232,35.0000005215406,-9.79795896504934));
#2482=CARTESIAN_POINT('Origin',(0.,36.0000010430813,0.));
#2483=CARTESIAN_POINT('Origin',(0.,70.0000010430813,0.));
#2484=CARTESIAN_POINT('Origin',(1.94289029309402E-15,31.0000010430813,-11.4499997664243));
#2485=CARTESIAN_POINT('',(-1.49999996647239,31.0000010430813,-11.499999742955));
#2486=CARTESIAN_POINT('Origin',(-2.77555756156289E-16,31.0000010430813,
-11.499999742955));
#2487=CARTESIAN_POINT('',(-1.49999996647239,31.0000010430813,-11.499999742955));
#2488=CARTESIAN_POINT('',(-2.00000002980232,31.0000010430813,-11.499999742955));
#2489=CARTESIAN_POINT('',(-2.00000002980232,31.0000010430813,-11.499999742955));
#2490=CARTESIAN_POINT('',(2.00000002980232,31.0000010430813,-11.499999742955));
#2491=CARTESIAN_POINT('Origin',(-2.77555756156289E-16,31.0000010430813,
-11.499999742955));
#2492=CARTESIAN_POINT('',(2.00000002980232,31.0000010430813,-11.499999742955));
#2493=CARTESIAN_POINT('Origin',(-1.99840144432528E-15,0.,9.));
#2494=CARTESIAN_POINT('',(0.224999999999996,0.,17.1886408712266));
#2495=CARTESIAN_POINT('Origin',(10.225,0.,17.1886408712266));
#2496=CARTESIAN_POINT('',(0.224999999999991,0.,40.));
#2497=CARTESIAN_POINT('',(0.225,0.,4.9960036108132E-17));
#2498=CARTESIAN_POINT('',(-0.225000000000009,0.,40.));
#2499=CARTESIAN_POINT('',(-8.88178419700125E-15,1.83697019872103E-15,40.));
#2500=CARTESIAN_POINT('',(-0.225000000000004,0.,17.1886408712266));
#2501=CARTESIAN_POINT('',(-0.225,0.,-4.9960036108132E-17));
#2502=CARTESIAN_POINT('Origin',(-10.225,0.,17.1886408712266));
#2503=CARTESIAN_POINT('',(-17.1886408712266,0.,0.224999999999996));
#2504=CARTESIAN_POINT('Origin',(-17.1886408712266,0.,10.225));
#2505=CARTESIAN_POINT('',(-45.,0.,0.22499999999999));
#2506=CARTESIAN_POINT('',(-4.9960036108132E-17,0.,0.225));
#2507=CARTESIAN_POINT('',(-45.,0.,-0.22500000000001));
#2508=CARTESIAN_POINT('',(-45.,0.,-9.99200722162641E-15));
#2509=CARTESIAN_POINT('',(-17.1886408712266,0.,-0.225000000000004));
#2510=CARTESIAN_POINT('',(4.9960036108132E-17,0.,-0.225));
#2511=CARTESIAN_POINT('Origin',(-17.1886408712266,0.,-10.225));
#2512=CARTESIAN_POINT('',(-1.50000002980232,0.,-9.39999978989363));
#2513=CARTESIAN_POINT('',(-1.49999995529652,0.,-0.199999894946815));
#2514=CARTESIAN_POINT('',(1.00000001490116,0.,-9.39999978989363));
#2515=CARTESIAN_POINT('',(17.1886408712266,0.,-0.224999999999996));
#2516=CARTESIAN_POINT('Origin',(17.1886408712266,0.,-10.225));
#2517=CARTESIAN_POINT('',(45.,0.,-0.22499999999999));
#2518=CARTESIAN_POINT('',(4.9960036108132E-17,0.,-0.225));
#2519=CARTESIAN_POINT('',(45.,0.,0.22500000000001));
#2520=CARTESIAN_POINT('',(45.,0.,9.99200722162641E-15));
#2521=CARTESIAN_POINT('',(17.1886408712266,0.,0.225000000000004));
#2522=CARTESIAN_POINT('',(-4.9960036108132E-17,0.,0.225));
#2523=CARTESIAN_POINT('Origin',(17.1886408712266,0.,10.225));
#2524=CARTESIAN_POINT('',(3.1005835635579E-15,0.,-9.));
#2525=CARTESIAN_POINT('Origin',(0.,0.,0.));
#2526=CARTESIAN_POINT('Origin',(1.94289029309402E-15,36.0000010430813,-11.4499997664243));
#2527=CARTESIAN_POINT('',(2.00000002980232,36.0000010430813,-11.499999742955));
#2528=CARTESIAN_POINT('',(2.00000002980232,36.0000010430813,-11.499999742955));
#2529=CARTESIAN_POINT('',(-2.00000002980232,36.0000010430813,-11.499999742955));
#2530=CARTESIAN_POINT('Origin',(-2.77555756156289E-16,36.0000010430813,
-11.499999742955));
#2531=CARTESIAN_POINT('',(-2.00000002980232,36.0000010430813,-11.499999742955));
#2532=CARTESIAN_POINT('',(-1.49999996647239,36.0000010430813,-11.499999742955));
#2533=CARTESIAN_POINT('',(-1.49999996647239,36.0000010430813,-11.499999742955));
#2534=CARTESIAN_POINT('Origin',(-2.77555756156289E-16,36.0000010430813,
-11.499999742955));
#2535=CARTESIAN_POINT('Origin',(2.00000002980232,70.0000010430813,-9.39999978989363));
#2536=CARTESIAN_POINT('',(-1.49999996647239,53.0000010430813,-9.39999978989363));
#2537=CARTESIAN_POINT('Origin',(2.00000002980232,36.0000010430813,-11.499999742955));
#2538=CARTESIAN_POINT('',(2.00000002980232,36.0000010430813,-11.499999742955));
#2539=CARTESIAN_POINT('Origin',(-2.00000002980232,36.0000010430813,-9.39999978989363));
#2540=CARTESIAN_POINT('',(-2.00000002980232,36.0000010430813,-11.499999742955));
#2541=CARTESIAN_POINT('Origin',(-2.77555756156289E-16,36.0000010430813,
-11.499999742955));
#2542=CARTESIAN_POINT('',(-1.49999996647239,36.0000010430813,-11.499999742955));
#2543=CARTESIAN_POINT('Origin',(-2.77555756156289E-16,36.0000010430813,
-11.499999742955));
#2544=CARTESIAN_POINT('Ctrl Pts',(-0.335959087555964,25.,9.9943549812626));
#2545=CARTESIAN_POINT('Ctrl Pts',(-0.860971007980232,25.,9.97670676623798));
#2546=CARTESIAN_POINT('Ctrl Pts',(-1.7659430301186,24.9999999999998,9.88272979605305));
#2547=CARTESIAN_POINT('Ctrl Pts',(-3.43948450097503,24.9999999999999,9.43659478064942));
#2548=CARTESIAN_POINT('Ctrl Pts',(-4.46142803864992,24.9999999999994,8.98057605337205));
#2549=CARTESIAN_POINT('Ctrl Pts',(-5.10442091739384,25.,8.59912178309268));
#2550=CARTESIAN_POINT('Ctrl Pts',(-5.10846172373185,25.,8.59672268342049));
#2551=CARTESIAN_POINT('Ctrl Pts',(-5.1125,25.,8.59432043561328));
#2552=CARTESIAN_POINT('Ctrl Pts',(-0.989587568891357,24.665688812256,10.3561538980189));
#2553=CARTESIAN_POINT('Ctrl Pts',(-1.4393800988256,24.640491394115,10.2396439563091));
#2554=CARTESIAN_POINT('Ctrl Pts',(-2.21702073113717,24.6567819846941,9.99119377769505));
#2555=CARTESIAN_POINT('Ctrl Pts',(-3.64927328780654,24.7911683926295,9.39448783569762));
#2556=CARTESIAN_POINT('Ctrl Pts',(-4.53246054501952,24.915449858441,8.93868791738387));
#2557=CARTESIAN_POINT('Ctrl Pts',(-5.10530130006163,24.9989523276092,8.59860147973798));
#2558=CARTESIAN_POINT('Ctrl Pts',(-5.10890126400602,24.9994759390714,8.59646121427135));
#2559=CARTESIAN_POINT('Ctrl Pts',(-5.1125,25.,8.59432043561328));
#2560=CARTESIAN_POINT('Ctrl Pts',(-2.12072390955372,23.7396337606819,10.6895550262054));
#2561=CARTESIAN_POINT('Ctrl Pts',(-2.42657870694962,23.7900632297517,10.4326462729704));
#2562=CARTESIAN_POINT('Ctrl Pts',(-2.96814444215716,23.963839467057,10.0060659116994));
#2563=CARTESIAN_POINT('Ctrl Pts',(-3.99688140449743,24.4267676505689,9.28473531054107));
#2564=CARTESIAN_POINT('Ctrl Pts',(-4.65677772115962,24.7678833640069,8.86571807673325));
#2565=CARTESIAN_POINT('Ctrl Pts',(-5.10684064587287,24.9971171835869,8.59768733956546));
#2566=CARTESIAN_POINT('Ctrl Pts',(-5.10967045948581,24.9985588324464,8.59600364326037));
#2567=CARTESIAN_POINT('Ctrl Pts',(-5.1125,25.,8.59432043561328));
#2568=CARTESIAN_POINT('Ctrl Pts',(-2.87670229844768,22.5109490987283,10.3987709162721));
#2569=CARTESIAN_POINT('Ctrl Pts',(-3.13618014755346,22.7506753038329,10.1175978147911));
#2570=CARTESIAN_POINT('Ctrl Pts',(-3.55531594089125,23.1950894883523,9.71505665866833));
#2571=CARTESIAN_POINT('Ctrl Pts',(-4.30791500748969,24.0608699006925,9.10974209105726));
#2572=CARTESIAN_POINT('Ctrl Pts',(-4.78067326832006,24.6200984578626,8.79199990978102));
#2573=CARTESIAN_POINT('Ctrl Pts',(-5.10837956691377,24.9952829778173,8.59677264676032));
#2574=CARTESIAN_POINT('Ctrl Pts',(-5.11043965496561,24.9976417258213,8.59554607224938));
#2575=CARTESIAN_POINT('Ctrl Pts',(-5.1125,25.,8.59432043561328));
#2576=CARTESIAN_POINT('Ctrl Pts',(-3.09832946353895,21.9846397963132,10.1736164903182));
#2577=CARTESIAN_POINT('Ctrl Pts',(-3.36595020455992,22.3052456002679,9.9017364872821));
#2578=CARTESIAN_POINT('Ctrl Pts',(-3.76664036874998,22.8655756253006,9.54031879704524));
#2579=CARTESIAN_POINT('Ctrl Pts',(-4.43473317759837,23.9039758416478,9.02363624109272));
#2580=CARTESIAN_POINT('Ctrl Pts',(-4.83377679687417,24.556749612708,8.7603678022329));
#2581=CARTESIAN_POINT('Ctrl Pts',(-5.10903866774015,24.9944969433773,8.5963801083961));
#2582=CARTESIAN_POINT('Ctrl Pts',(-5.11076931017123,24.9972486801248,8.59534997038753));
#2583=CARTESIAN_POINT('Ctrl Pts',(-5.1125,25.,8.59432043561328));
#2584=CARTESIAN_POINT('',(-3.09832946353896,21.9846397963132,10.1736164903182));
#2585=CARTESIAN_POINT('Origin',(-0.24766124895454,21.9846397963132,7.36760673795492));
#2586=CARTESIAN_POINT('Ctrl Pts',(-5.1125,25.,8.59432043561328));
#2587=CARTESIAN_POINT('Ctrl Pts',(-5.11076931017123,24.9972486801248,8.59534997038753));
#2588=CARTESIAN_POINT('Ctrl Pts',(-5.10903866774015,24.9944969433773,8.5963801083961));
#2589=CARTESIAN_POINT('Ctrl Pts',(-4.83377679687417,24.556749612708,8.7603678022329));
#2590=CARTESIAN_POINT('Ctrl Pts',(-4.43473317759837,23.9039758416478,9.02363624109272));
#2591=CARTESIAN_POINT('Ctrl Pts',(-3.76664036874998,22.8655756253006,9.54031879704524));
#2592=CARTESIAN_POINT('Ctrl Pts',(-3.36595020455992,22.3052456002679,9.9017364872821));
#2593=CARTESIAN_POINT('Ctrl Pts',(-3.09832946353895,21.9846397963132,10.1736164903182));
#2594=CARTESIAN_POINT('Ctrl Pts',(-0.335959087555966,25.,9.9943549812626));
#2595=CARTESIAN_POINT('Ctrl Pts',(-0.335959087555966,25.,9.9943549812626));
#2596=CARTESIAN_POINT('Ctrl Pts',(-0.335959087555966,25.,9.9943549812626));
#2597=CARTESIAN_POINT('Ctrl Pts',(-0.335959087555966,25.,9.9943549812626));
#2598=CARTESIAN_POINT('Ctrl Pts',(-0.335959087555966,25.,9.9943549812626));
#2599=CARTESIAN_POINT('Ctrl Pts',(-0.816009734155254,24.7685771916323,10.5591263927737));
#2600=CARTESIAN_POINT('Ctrl Pts',(-0.848153049837116,24.6933420265723,10.5310216894651));
#2601=CARTESIAN_POINT('Ctrl Pts',(-0.944436786708977,24.6085281240476,10.4654869172678));
#2602=CARTESIAN_POINT('Ctrl Pts',(-0.969701273558239,24.6191963391949,10.4107694705663));
#2603=CARTESIAN_POINT('Ctrl Pts',(-0.98958756889136,24.665688812256,10.3561538980189));
#2604=CARTESIAN_POINT('Ctrl Pts',(-1.34701409289307,24.1669779665805,11.7260799439968));
#2605=CARTESIAN_POINT('Ctrl Pts',(-1.43611413829008,23.8759697481125,11.6128630717203));
#2606=CARTESIAN_POINT('Ctrl Pts',(-1.73080912559811,23.4399617993494,11.2687732312653));
#2607=CARTESIAN_POINT('Ctrl Pts',(-1.98622063983705,23.5208711494862,10.8977699477002));
#2608=CARTESIAN_POINT('Ctrl Pts',(-2.12072772996297,23.7396369795561,10.6895614980176));
#2609=CARTESIAN_POINT('Ctrl Pts',(-1.19120069664412,23.3938690965031,12.8735563056559));
#2610=CARTESIAN_POINT('Ctrl Pts',(-1.31568594858165,22.8141117548954,12.6203382383752));
#2611=CARTESIAN_POINT('Ctrl Pts',(-1.77395203431385,21.8406839796982,11.7551223177573));
#2612=CARTESIAN_POINT('Ctrl Pts',(-2.50645106538711,22.0383184174252,10.8061634124934));
#2613=CARTESIAN_POINT('Ctrl Pts',(-2.87670229844768,22.5109490987283,10.3987709162721));
#2614=CARTESIAN_POINT('Ctrl Pts',(-1.00564548515646,23.0626787811529,13.3152054025974));
#2615=CARTESIAN_POINT('Ctrl Pts',(-1.14019096424859,22.3592825729582,12.9949670818184));
#2616=CARTESIAN_POINT('Ctrl Pts',(-1.65536428818969,21.1558153439962,11.8799372204827));
#2617=CARTESIAN_POINT('Ctrl Pts',(-2.61311039961786,21.4033543268495,10.6665579569205));
#2618=CARTESIAN_POINT('Ctrl Pts',(-3.09832946353896,21.9846397963132,10.1736164903182));
#2619=CARTESIAN_POINT('',(-1.21625467543679,23.9098280871342,12.0579800676091));
#2620=CARTESIAN_POINT('Ctrl Pts',(-1.21625467543679,23.9098280871342,12.0579800676091));
#2621=CARTESIAN_POINT('Ctrl Pts',(-1.19680394067452,24.1241471299227,11.6966510177549));
#2622=CARTESIAN_POINT('Ctrl Pts',(-1.11381960802191,24.3198613998387,11.3295938985001));
#2623=CARTESIAN_POINT('Ctrl Pts',(-0.819072473921591,24.6844473896376,10.6256493949908));
#2624=CARTESIAN_POINT('Ctrl Pts',(-0.607991731706541,24.8512583032725,10.2930372576503));
#2625=CARTESIAN_POINT('Ctrl Pts',(-0.33851243136172,24.9986073979819,9.99715172111331));
#2626=CARTESIAN_POINT('Ctrl Pts',(-0.337236385097685,24.9993039480044,9.99575290367197));
#2627=CARTESIAN_POINT('Ctrl Pts',(-0.335959087555966,25.,9.9943549812626));
#2628=CARTESIAN_POINT('',(-1.01271205722996,23.0262991133065,13.2984286842766));
#2629=CARTESIAN_POINT('Ctrl Pts',(-3.09832946353896,21.9846397963132,10.1736164903182));
#2630=CARTESIAN_POINT('Ctrl Pts',(-2.61311039961786,21.4033543268495,10.6665579569205));
#2631=CARTESIAN_POINT('Ctrl Pts',(-1.66247321954559,21.1576527178221,11.8709308358152));
#2632=CARTESIAN_POINT('Ctrl Pts',(-1.14786316100252,22.3414968914244,12.9784089033491));
#2633=CARTESIAN_POINT('Ctrl Pts',(-1.01271377406668,23.026301008511,13.298425353788));
#2634=CARTESIAN_POINT('Ctrl Pts',(-1.01271213164008,23.0263093307427,13.2984292428463));
#2635=CARTESIAN_POINT('Ctrl Pts',(-1.05158889671131,23.1097893307928,13.2063676670296));
#2636=CARTESIAN_POINT('Ctrl Pts',(-1.08534222907574,23.1905891806767,13.1099949668971));
#2637=CARTESIAN_POINT('Ctrl Pts',(-1.11370455349333,23.2690454428646,13.0101829322622));
#2638=CARTESIAN_POINT('Ctrl Pts',(-1.14179677337505,23.3467545380724,12.9113214432488));
#2639=CARTESIAN_POINT('Ctrl Pts',(-1.16460035046468,23.4221666041824,12.8090850397024));
#2640=CARTESIAN_POINT('Ctrl Pts',(-1.18183116872473,23.4956029121849,12.7042769954153));
#2641=CARTESIAN_POINT('Ctrl Pts',(-1.19896638051647,23.5686317534063,12.6000504863062));
#2642=CARTESIAN_POINT('Ctrl Pts',(-1.21054175941316,23.639494019222,12.4935844803391));
#2643=CARTESIAN_POINT('Ctrl Pts',(-1.21636479804262,23.7084665305937,12.3856033151179));
#2644=CARTESIAN_POINT('Ctrl Pts',(-1.22173343132538,23.7720567184161,12.2860485440772));
#2645=CARTESIAN_POINT('Ctrl Pts',(-1.22221219484635,23.8340418541345,12.1852051751696));
#2646=CARTESIAN_POINT('Ctrl Pts',(-1.21761764604003,23.894615813322,12.0836158319962));
#2647=CARTESIAN_POINT('Ctrl Pts',(-1.21722875981269,23.8997428409055,12.0750172300289));
#2648=CARTESIAN_POINT('Ctrl Pts',(-1.21680350863164,23.9048597376687,12.0664132710884));
#2649=CARTESIAN_POINT('Ctrl Pts',(-1.21634177038131,23.9099666085392,12.0578042772488));
#2650=CARTESIAN_POINT('Ctrl Pts',(0.224999999999993,16.9335436093871,17.1886408712266));
#2651=CARTESIAN_POINT('Ctrl Pts',(0.224999999999993,18.1886470098529,15.3956360134183));
#2652=CARTESIAN_POINT('Ctrl Pts',(0.71852371232122,19.4420231799325,13.6050986275903));
#2653=CARTESIAN_POINT('Ctrl Pts',(1.63714271740755,20.5198880677422,12.0652916450051));
#2654=CARTESIAN_POINT('Ctrl Pts',(0.224999999999993,17.6371341268902,17.5404361299781));
#2655=CARTESIAN_POINT('Ctrl Pts',(0.16162236901441,18.8565918634975,15.7298842863944));
#2656=CARTESIAN_POINT('Ctrl Pts',(0.604483110486083,20.0806187361448,13.8891581405142));
#2657=CARTESIAN_POINT('Ctrl Pts',(1.50153008005946,21.1363288732119,12.2926081764063));
#2658=CARTESIAN_POINT('Ctrl Pts',(-0.331171002185255,19.2805224651708,18.3621302991184));
#2659=CARTESIAN_POINT('Ctrl Pts',(-0.482726329285275,20.4158489903425,16.4092789102296));
#2660=CARTESIAN_POINT('Ctrl Pts',(-0.0813213174012403,21.5720696397777,
14.3867986677757));
#2661=CARTESIAN_POINT('Ctrl Pts',(0.840341161489518,22.5755856495753,12.6177840692946));
#2662=CARTESIAN_POINT('Ctrl Pts',(-1.97401438169159,20.2629926735914,18.8533654033287));
#2663=CARTESIAN_POINT('Ctrl Pts',(-2.06450622015293,21.4126417003813,16.6141035844683));
#2664=CARTESIAN_POINT('Ctrl Pts',(-1.53010710224825,22.5821809987683,14.3377464322996));
#2665=CARTESIAN_POINT('Ctrl Pts',(-0.437882183736997,23.5921972910774,12.3635266136416));
#2666=CARTESIAN_POINT('Ctrl Pts',(-3.00315341080588,20.4440139872994,18.9438760601827));
#2667=CARTESIAN_POINT('Ctrl Pts',(-3.04205797675797,21.6506035532178,16.5478048103682));
#2668=CARTESIAN_POINT('Ctrl Pts',(-2.41934073291533,22.8635760723437,14.137589781317));
#2669=CARTESIAN_POINT('Ctrl Pts',(-1.21625467543679,23.9098280871342,12.0579800676091));
#2670=CARTESIAN_POINT('',(-0.225000000000003,19.0628075068175,17.1886408712266));
#2671=CARTESIAN_POINT('Ctrl Pts',(-1.01248598700472,23.0248482566231,13.2976190098444));
#2672=CARTESIAN_POINT('Ctrl Pts',(-0.971006330413364,22.9355883268399,13.3957208338626));
#2673=CARTESIAN_POINT('Ctrl Pts',(-0.931688035270141,22.8438087226929,13.4931902322996));
#2674=CARTESIAN_POINT('Ctrl Pts',(-0.894387498762139,22.7501134758216,13.5898744969101));
#2675=CARTESIAN_POINT('Ctrl Pts',(-0.854784314883239,22.6506342072157,13.6925273021517));
#2676=CARTESIAN_POINT('Ctrl Pts',(-0.817455874471417,22.5489953538245,13.7942949301582));
#2677=CARTESIAN_POINT('Ctrl Pts',(-0.782253814262868,22.4458934824316,13.8950435093301));
#2678=CARTESIAN_POINT('Ctrl Pts',(-0.745258954639087,22.3375407543091,14.0009230948338));
#2679=CARTESIAN_POINT('Ctrl Pts',(-0.710612990976598,22.2275720168891,14.1056773522076));
#2680=CARTESIAN_POINT('Ctrl Pts',(-0.678164219279149,22.1167700191683,14.209202985921));
#2681=CARTESIAN_POINT('Ctrl Pts',(-0.643507402349668,21.9984282653961,14.3197732401225));
#2682=CARTESIAN_POINT('Ctrl Pts',(-0.611357549783426,21.879135886981,14.4289423467604));
#2683=CARTESIAN_POINT('Ctrl Pts',(-0.581544746610803,21.7598201001375,14.5366385699976));
#2684=CARTESIAN_POINT('Ctrl Pts',(-0.548604044711681,21.6279859433991,14.6556340621282));
#2685=CARTESIAN_POINT('Ctrl Pts',(-0.518517232467716,21.496123310994,14.7728322214217));
#2686=CARTESIAN_POINT('Ctrl Pts',(-0.491061855072989,21.3654516847146,14.8881913952919));
#2687=CARTESIAN_POINT('Ctrl Pts',(-0.458918394650864,21.2124675101675,15.0232484730481));
#2688=CARTESIAN_POINT('Ctrl Pts',(-0.430382283832567,21.0611166684982,15.1557875063926));
#2689=CARTESIAN_POINT('Ctrl Pts',(-0.405092559804375,20.9133073170289,15.2857876173635));
#2690=CARTESIAN_POINT('Ctrl Pts',(-0.382918036658889,20.7837051955655,15.3997742495002));
#2691=CARTESIAN_POINT('Ctrl Pts',(-0.363238458015945,20.6568252165418,15.5118116144295));
#2692=CARTESIAN_POINT('Ctrl Pts',(-0.345811688849747,20.5339210570523,15.6218765869478));
#2693=CARTESIAN_POINT('Ctrl Pts',(-0.336238049148679,20.4664019357801,15.6823423210463));
#2694=CARTESIAN_POINT('Ctrl Pts',(-0.327344377170724,20.4000821806903,15.7422123950769));
#2695=CARTESIAN_POINT('Ctrl Pts',(-0.319092815170447,20.3351652437783,15.8014779139728));
#2696=CARTESIAN_POINT('Ctrl Pts',(-0.31117415755061,20.2728673422273,15.8583524006194));
#2697=CARTESIAN_POINT('Ctrl Pts',(-0.303846583109797,20.2118614905699,15.9146702987238));
#2698=CARTESIAN_POINT('Ctrl Pts',(-0.297076561439283,20.152326631744,15.9704206881227));
#2699=CARTESIAN_POINT('Ctrl Pts',(-0.289229970557755,20.0833245364583,16.0350365074493));
#2700=CARTESIAN_POINT('Ctrl Pts',(-0.281880219987243,20.0138494910316,16.1012270542018));
#2701=CARTESIAN_POINT('Ctrl Pts',(-0.27509813750864,19.9446457134767,16.1687229760352));
#2702=CARTESIAN_POINT('Ctrl Pts',(-0.268065166575078,19.8728818920293,16.238715763337));
#2703=CARTESIAN_POINT('Ctrl Pts',(-0.261642067944417,19.8014100285081,16.3101126025618));
#2704=CARTESIAN_POINT('Ctrl Pts',(-0.255910881432155,19.7310922050595,16.3826618113618));
#2705=CARTESIAN_POINT('Ctrl Pts',(-0.249943637907734,19.6578781200306,16.4581991883932));
#2706=CARTESIAN_POINT('Ctrl Pts',(-0.244725236822056,19.5859156350644,16.5349863936444));
#2707=CARTESIAN_POINT('Ctrl Pts',(-0.24036531073557,19.5162060924063,16.6127843198898));
#2708=CARTESIAN_POINT('Ctrl Pts',(-0.237867753667138,19.4762734060375,16.6573503874673));
#2709=CARTESIAN_POINT('Ctrl Pts',(-0.235652292665772,19.4370805031612,16.7022488965347));
#2710=CARTESIAN_POINT('Ctrl Pts',(-0.233744844462055,19.3988182450147,16.7474398512327));
#2711=CARTESIAN_POINT('Ctrl Pts',(-0.230427270382775,19.3322697140537,16.8260392803713));
#2712=CARTESIAN_POINT('Ctrl Pts',(-0.227954917812283,19.2676196921377,16.9064935142508));
#2713=CARTESIAN_POINT('Ctrl Pts',(-0.22645324343065,19.205693105498,16.9888842877146));
#2714=CARTESIAN_POINT('Ctrl Pts',(-0.225260638632575,19.1565120411753,17.0543176685805));
#2715=CARTESIAN_POINT('Ctrl Pts',(-0.224679134949638,19.1090199338177,17.1210095017478));
#2716=CARTESIAN_POINT('Ctrl Pts',(-0.224783019825604,19.0635503152892,17.1891039285263));
#2717=CARTESIAN_POINT('',(-0.225000000000004,18.5821794090712,18.0129587710686));
#2718=CARTESIAN_POINT('Ctrl Pts',(-0.224783019825607,19.0635503152892,17.1891039285263));
#2719=CARTESIAN_POINT('Ctrl Pts',(-0.224846648999562,19.0357065132515,17.2308023178986));
#2720=CARTESIAN_POINT('Ctrl Pts',(-0.224907542461118,19.0082156684727,17.2727745734299));
#2721=CARTESIAN_POINT('Ctrl Pts',(-0.224964928349948,18.981090327357,17.315042479649));
#2722=CARTESIAN_POINT('Ctrl Pts',(-0.225135991486162,18.9002316699989,17.4410400157405));
#2723=CARTESIAN_POINT('Ctrl Pts',(-0.225272720680558,18.8233246327013,17.5685589087166));
#2724=CARTESIAN_POINT('Ctrl Pts',(-0.225357028778021,18.7501866290341,17.6985745721856));
#2725=CARTESIAN_POINT('Ctrl Pts',(-0.225397325297858,18.7152290495807,17.7607178172567));
#2726=CARTESIAN_POINT('Ctrl Pts',(-0.225425173443553,18.6811319754895,17.8234310809657));
#2727=CARTESIAN_POINT('Ctrl Pts',(-0.225436528543435,18.6478723505717,17.8868191498911));
#2728=CARTESIAN_POINT('Ctrl Pts',(-0.225444066970002,18.6257919424121,17.9289012370397));
#2729=CARTESIAN_POINT('Ctrl Pts',(-0.225445020799737,18.6041867767446,17.9710814050812));
#2730=CARTESIAN_POINT('Ctrl Pts',(-0.225437296561792,18.5830346536179,18.013386393342));
#2731=CARTESIAN_POINT('',(0.224999999999996,16.9335436093871,17.1886408712266));
#2732=CARTESIAN_POINT('Origin',(-3.77500000000001,16.9335436093871,17.1886408712266));
#2733=CARTESIAN_POINT('',(1.63714271740755,20.5198880677422,12.0652916450051));
#2734=CARTESIAN_POINT('Origin',(10.225,16.9335436093871,17.1886408712266));
#2735=CARTESIAN_POINT('Origin',(-1.79800019562942,20.5198880677422,10.0159519545165));
#2736=CARTESIAN_POINT('Origin',(-10.225,35.0000005215406,17.1886408712266));
#2737=CARTESIAN_POINT('',(-0.225000000000003,35.0000005215406,17.1886408712266));
#2738=CARTESIAN_POINT('Ctrl Pts',(1.63714271740756,20.5198880677422,12.0652916450051));
#2739=CARTESIAN_POINT('Ctrl Pts',(2.4846407565851,21.5143029163999,10.6446990040655));
#2740=CARTESIAN_POINT('Ctrl Pts',(3.69083823234853,22.3575755527215,9.44002380932039));
#2741=CARTESIAN_POINT('Ctrl Pts',(5.1125,22.9495679143164,8.59432043561328));
#2742=CARTESIAN_POINT('Ctrl Pts',(1.48621325794863,21.2059530199277,12.3182825305255));
#2743=CARTESIAN_POINT('Ctrl Pts',(2.3114306747362,22.1776692717732,10.8394706572927));
#2744=CARTESIAN_POINT('Ctrl Pts',(3.52392146624007,23.003971540326,9.57066889996204));
#2745=CARTESIAN_POINT('Ctrl Pts',(4.97295496503957,23.5847518725685,8.67733153539481));
#2746=CARTESIAN_POINT('Ctrl Pts',(0.705002915783562,22.8087880639672,12.653645101893));
#2747=CARTESIAN_POINT('Ctrl Pts',(1.56495029478163,23.7268868165739,10.9930210796305));
#2748=CARTESIAN_POINT('Ctrl Pts',(2.86953127132371,24.5137148577357,9.55596947055463));
#2749=CARTESIAN_POINT('Ctrl Pts',(4.4515308804978,25.0680544921784,8.54244775172334));
#2750=CARTESIAN_POINT('Ctrl Pts',(-0.803732891386821,23.8290042108051,12.2636706313336));
#2751=CARTESIAN_POINT('Ctrl Pts',(0.250853396727363,24.7674979738387,10.3916545180544));
#2752=CARTESIAN_POINT('Ctrl Pts',(1.78766802494669,25.5710752334988,8.79440871367375));
#2753=CARTESIAN_POINT('Ctrl Pts',(3.61556982137083,26.1345896990031,7.67043081453286));
#2754=CARTESIAN_POINT('Ctrl Pts',(-1.68155648728416,24.067861486126,11.8594067234838));
#2755=CARTESIAN_POINT('Ctrl Pts',(-0.510432790375053,25.0556877829906,9.88422865524457));
#2756=CARTESIAN_POINT('Ctrl Pts',(1.16034367630098,25.8940004671455,8.20798231119792));
#2757=CARTESIAN_POINT('Ctrl Pts',(3.13168253555443,26.4826172167965,7.03101036530724));
#2758=CARTESIAN_POINT('Origin',(10.225,16.9335436093871,17.1886408712266));
#2759=CARTESIAN_POINT('Origin',(-3.77500000000001,9.69229125790504,31.6711455741908));
#2760=CARTESIAN_POINT('',(-0.225000000000009,7.58865879460553,40.));
#2761=CARTESIAN_POINT('',(0.224999999999991,5.52786404500042,40.));
#2762=CARTESIAN_POINT('Origin',(-3.77500000000001,5.52786404500042,40.));
#2763=CARTESIAN_POINT('',(0.224999999999993,9.69229125790504,31.6711455741908));
#2764=CARTESIAN_POINT('',(-0.225000000000007,11.3409270575891,32.4954634740328));
#2765=CARTESIAN_POINT('Origin',(-8.88178419700125E-15,1.83697019872103E-15,
40.));
#2766=CARTESIAN_POINT('',(-0.225000000000009,1.83697019872103E-15,40.));
#2767=CARTESIAN_POINT('',(0.224999999999991,1.83697019872103E-15,40.));
#2768=CARTESIAN_POINT('Origin',(-0.225000000000006,12.5,24.8999998904765));
#2769=CARTESIAN_POINT('',(-0.225000000000008,1.00000001490116,37.5000005587935));
#2770=CARTESIAN_POINT('',(-0.225000000000008,2.5000000372529,37.5000005587935));
#2771=CARTESIAN_POINT('',(-0.225000000000008,6.75000000745058,37.5000005587935));
#2772=CARTESIAN_POINT('',(-0.225000000000009,2.5000000372529,39.0000005811453));
#2773=CARTESIAN_POINT('',(-0.225000000000007,2.5000000372529,31.200000224635));
#2774=CARTESIAN_POINT('',(-0.225000000000009,1.00000001490116,39.0000005811453));
#2775=CARTESIAN_POINT('',(-0.225000000000009,7.50000001862645,39.0000005811453));
#2776=CARTESIAN_POINT('',(-0.225000000000007,1.00000001490116,31.9500002358109));
#2777=CARTESIAN_POINT('Ctrl Pts',(-9.99947381683515,35.,-0.102583558274166));
#2778=CARTESIAN_POINT('Ctrl Pts',(-9.99401247444368,35.,-0.634935439678302));
#2779=CARTESIAN_POINT('Ctrl Pts',(-9.9194304395772,35.0000000000002,-1.56954149616992));
#2780=CARTESIAN_POINT('Ctrl Pts',(-9.47946388198366,35.0000000000002,-3.33428776791344));
#2781=CARTESIAN_POINT('Ctrl Pts',(-9.00354641191171,35.0000000000007,-4.42278951426398));
#2782=CARTESIAN_POINT('Ctrl Pts',(-8.59911550255291,35.,-5.10443117052197));
#2783=CARTESIAN_POINT('Ctrl Pts',(-8.59671958415625,35.,-5.10846693372109));
#2784=CARTESIAN_POINT('Ctrl Pts',(-8.59432043561328,35.,-5.1125));
#2785=CARTESIAN_POINT('Ctrl Pts',(-10.4052571429997,34.6788830589905,-0.789743304408294));
#2786=CARTESIAN_POINT('Ctrl Pts',(-10.2978579248574,34.6415405966179,-1.24467333692432));
#2787=CARTESIAN_POINT('Ctrl Pts',(-10.0533273478139,34.6455303233522,-2.04893129104485));
#2788=CARTESIAN_POINT('Ctrl Pts',(-9.43923668949308,34.7785318418231,-3.55886368550913));
#2789=CARTESIAN_POINT('Ctrl Pts',(-8.95912389013456,34.9104002078929,-4.49802906283769));
#2790=CARTESIAN_POINT('Ctrl Pts',(-8.59859605482504,34.9989537873756,-5.10531046871967));
#2791=CARTESIAN_POINT('Ctrl Pts',(-8.59645845234183,34.9994766151895,-5.10890590692188));
#2792=CARTESIAN_POINT('Ctrl Pts',(-8.59432043561328,35.,-5.1125));
#2793=CARTESIAN_POINT('Ctrl Pts',(-10.8042696906484,33.7212262887536,-1.98562620199559));
#2794=CARTESIAN_POINT('Ctrl Pts',(-10.5419759976988,33.7542344867746,-2.29180359614837));
#2795=CARTESIAN_POINT('Ctrl Pts',(-10.0937305020383,33.916002125699,-2.84934533421538));
#2796=CARTESIAN_POINT('Ctrl Pts',(-9.32788487853004,34.3923085990463,-3.93010451892426));
#2797=CARTESIAN_POINT('Ctrl Pts',(-8.88183331042751,34.7541205988569,-4.62973162112384));
#2798=CARTESIAN_POINT('Ctrl Pts',(-8.59768303124203,34.9971207904566,-5.10684782804782));
#2799=CARTESIAN_POINT('Ctrl Pts',(-8.59600147166661,34.9985606917712,-5.10967411002325));
#2800=CARTESIAN_POINT('Ctrl Pts',(-8.59432043561327,35.,-5.1125));
#2801=CARTESIAN_POINT('Ctrl Pts',(-10.5273138176796,32.4060578563901,-2.76003977320689));
#2802=CARTESIAN_POINT('Ctrl Pts',(-10.2253168003533,32.641587243021,-3.02873972209934));
#2803=CARTESIAN_POINT('Ctrl Pts',(-9.79226302473309,33.0959182084917,-3.46673248269774));
#2804=CARTESIAN_POINT('Ctrl Pts',(-9.14262290242769,34.0040854118846,-4.2602348305191));
#2805=CARTESIAN_POINT('Ctrl Pts',(-8.80372987039106,34.5975538100389,-4.7609686777398));
#2806=CARTESIAN_POINT('Ctrl Pts',(-8.59676954063583,34.9952889578527,-5.10838484222574));
#2807=CARTESIAN_POINT('Ctrl Pts',(-8.59554449099138,34.9976447683529,-5.11044231312463));
#2808=CARTESIAN_POINT('Ctrl Pts',(-8.59432043561328,35.,-5.1125));
#2809=CARTESIAN_POINT('Ctrl Pts',(-10.2993560872162,31.842745465371,-2.97670674125253));
#2810=CARTESIAN_POINT('Ctrl Pts',(-10.0007356180547,32.1647641835621,-3.26053651758032));
#2811=CARTESIAN_POINT('Ctrl Pts',(-9.60746880281113,32.744385034219,-3.68568861453597));
#2812=CARTESIAN_POINT('Ctrl Pts',(-9.05072087659774,33.8375952585654,-4.39444308930384));
#2813=CARTESIAN_POINT('Ctrl Pts',(-8.77022531140818,34.5304367655589,-4.81723140977245));
#2814=CARTESIAN_POINT('Ctrl Pts',(-8.59637748096426,34.994503955897,-5.10904307556146));
#2815=CARTESIAN_POINT('Ctrl Pts',(-8.59534864213057,34.997252229745,-5.11077154302522));
#2816=CARTESIAN_POINT('Ctrl Pts',(-8.59432043561328,35.,-5.1125));
#2817=CARTESIAN_POINT('',(-10.2993560872162,31.842745465371,-2.97670674125254));
#2818=CARTESIAN_POINT('Origin',(-7.54364217361212,31.842745465371,-0.0773894377535484));
#2819=CARTESIAN_POINT('Ctrl Pts',(-8.59432043561328,35.,-5.1125));
#2820=CARTESIAN_POINT('Ctrl Pts',(-8.59534864213057,34.997252229745,-5.11077154302522));
#2821=CARTESIAN_POINT('Ctrl Pts',(-8.59637748096426,34.994503955897,-5.10904307556146));
#2822=CARTESIAN_POINT('Ctrl Pts',(-8.77022531140818,34.5304367655589,-4.81723140977245));
#2823=CARTESIAN_POINT('Ctrl Pts',(-9.05072087659774,33.8375952585654,-4.39444308930384));
#2824=CARTESIAN_POINT('Ctrl Pts',(-9.60746880281113,32.744385034219,-3.68568861453597));
#2825=CARTESIAN_POINT('Ctrl Pts',(-10.0007356180547,32.1647641835621,-3.26053651758032));
#2826=CARTESIAN_POINT('Ctrl Pts',(-10.2993560872162,31.842745465371,-2.97670674125253));
#2827=CARTESIAN_POINT('Ctrl Pts',(-9.99947381683515,35.,-0.102583558274168));
#2828=CARTESIAN_POINT('Ctrl Pts',(-9.99947381683515,35.,-0.102583558274168));
#2829=CARTESIAN_POINT('Ctrl Pts',(-9.99947381683515,35.,-0.102583558274168));
#2830=CARTESIAN_POINT('Ctrl Pts',(-9.99947381683515,35.,-0.102583558274168));
#2831=CARTESIAN_POINT('Ctrl Pts',(-9.99947381683515,35.,-0.102583558274168));
#2832=CARTESIAN_POINT('Ctrl Pts',(-10.5505328599653,34.7413625455344,-0.662701047984821));
#2833=CARTESIAN_POINT('Ctrl Pts',(-10.5270531416432,34.6899446192574,-0.69319293269172));
#2834=CARTESIAN_POINT('Ctrl Pts',(-10.4850473783029,34.6386934894156,-0.768799653290891));
#2835=CARTESIAN_POINT('Ctrl Pts',(-10.448739225842,34.645637144445,-0.778529422001655));
#2836=CARTESIAN_POINT('Ctrl Pts',(-10.4052571429997,34.6788830589905,-0.789743304408296));
#2837=CARTESIAN_POINT('Ctrl Pts',(-11.7074220132704,34.0144437633085,-1.32154404433069));
#2838=CARTESIAN_POINT('Ctrl Pts',(-11.5966576105008,33.7906185427431,-1.41163423655054));
#2839=CARTESIAN_POINT('Ctrl Pts',(-11.301317801106,33.4668231224743,-1.67014226648168));
#2840=CARTESIAN_POINT('Ctrl Pts',(-10.9883290465042,33.5422760153427,-1.87452059236553));
#2841=CARTESIAN_POINT('Ctrl Pts',(-10.8042765874684,33.7212300274821,-1.98563042838114));
#2842=CARTESIAN_POINT('Ctrl Pts',(-12.8298603935999,33.0432295995725,-1.21318141175939));
#2843=CARTESIAN_POINT('Ctrl Pts',(-12.5634235613367,32.5735997304557,-1.34588907100576));
#2844=CARTESIAN_POINT('Ctrl Pts',(-11.7538661433468,31.8055047985454,-1.78574065932515));
#2845=CARTESIAN_POINT('Ctrl Pts',(-10.9072569624442,32.0012667356105,-2.42685034643244));
#2846=CARTESIAN_POINT('Ctrl Pts',(-10.5273138176796,32.4060578563901,-2.76003977320689));
#2847=CARTESIAN_POINT('Ctrl Pts',(-13.2529779287073,32.6272101645284,-1.03203762637525));
#2848=CARTESIAN_POINT('Ctrl Pts',(-12.9117932577134,32.0523608930943,-1.17810456449724));
#2849=CARTESIAN_POINT('Ctrl Pts',(-11.8556371804851,31.0941395471311,-1.68619043230206));
#2850=CARTESIAN_POINT('Ctrl Pts',(-10.7643483537516,31.3413189755561,-2.53474557437251));
#2851=CARTESIAN_POINT('Ctrl Pts',(-10.2993560872162,31.842745465371,-2.97670674125254));
#2852=CARTESIAN_POINT('',(-12.184470880669,33.5255019420762,-1.22017685916707));
#2853=CARTESIAN_POINT('Ctrl Pts',(-12.184470880669,33.5255019420762,-1.22017685916707));
#2854=CARTESIAN_POINT('Ctrl Pts',(-11.7953446306211,33.8132865105202,-1.20478919237664));
#2855=CARTESIAN_POINT('Ctrl Pts',(-11.3963554466463,34.0799642786832,-1.10536137941231));
#2856=CARTESIAN_POINT('Ctrl Pts',(-10.8341885622723,34.451944528533,-0.827562504799422));
#2857=CARTESIAN_POINT('Ctrl Pts',(-10.6529182241386,34.5709381534031,-0.713281274246773));
#2858=CARTESIAN_POINT('Ctrl Pts',(-10.3105672851008,34.7959141828477,-0.442495536020779));
#2859=CARTESIAN_POINT('Ctrl Pts',(-10.149401068073,34.9019968016077,-0.285226010732419));
#2860=CARTESIAN_POINT('Ctrl Pts',(-10.0037901189121,34.9971791857166,-0.107867845804934));
#2861=CARTESIAN_POINT('Ctrl Pts',(-10.0016300863602,34.9985909335407,-0.105227909384137));
#2862=CARTESIAN_POINT('Ctrl Pts',(-9.99947381683515,35.,-0.102583558274168));
#2863=CARTESIAN_POINT('',(-13.2471546713455,32.6174319620519,-1.03453284450962));
#2864=CARTESIAN_POINT('Ctrl Pts',(-10.2993560872162,31.842745465371,-2.97670674125254));
#2865=CARTESIAN_POINT('Ctrl Pts',(-10.7643483537516,31.3413189755561,-2.53474557437251));
#2866=CARTESIAN_POINT('Ctrl Pts',(-11.8529811081197,31.0947411536289,-1.68825571860222));
#2867=CARTESIAN_POINT('Ctrl Pts',(-12.9066519230627,32.0477036310171,-1.18057982731405));
#2868=CARTESIAN_POINT('Ctrl Pts',(-13.2471543325455,32.6174322382966,-1.03453313224096));
#2869=CARTESIAN_POINT('Ctrl Pts',(-13.2471546713455,32.6174319620519,-1.03453284450962));
#2870=CARTESIAN_POINT('Ctrl Pts',(-12.9327467038706,32.9443782596479,-1.16937198206041));
#2871=CARTESIAN_POINT('Ctrl Pts',(-12.5661849221688,33.2431991915201,-1.23527141647104));
#2872=CARTESIAN_POINT('Ctrl Pts',(-12.184470880669,33.5255019420762,-1.22017685916707));
#2873=CARTESIAN_POINT('Ctrl Pts',(-17.1886408712265,25.4896608496871,0.224999999999995));
#2874=CARTESIAN_POINT('Ctrl Pts',(-15.338158037127,27.1921050643068,0.224999999999997));
#2875=CARTESIAN_POINT('Ctrl Pts',(-13.49056175726,28.8918936490213,0.751431633954306));
#2876=CARTESIAN_POINT('Ctrl Pts',(-11.917976841737,30.3386717774621,1.72675896504196));
#2877=CARTESIAN_POINT('Ctrl Pts',(-17.6322834361058,26.164769097716,0.224999999999995));
#2878=CARTESIAN_POINT('Ctrl Pts',(-15.753661297777,27.8238954204935,0.142463050236609));
#2879=CARTESIAN_POINT('Ctrl Pts',(-13.8368750826799,29.4900541761569,0.606574447051852));
#2880=CARTESIAN_POINT('Ctrl Pts',(-12.1901285455352,30.9121186314187,1.5579687189342));
#2881=CARTESIAN_POINT('Ctrl Pts',(-18.6685425015515,27.7416850601589,-0.362613398157616));
#2882=CARTESIAN_POINT('Ctrl Pts',(-16.6133622344671,29.2984838684384,-0.557511865493961));
#2883=CARTESIAN_POINT('Ctrl Pts',(-14.4744337236037,30.8870804939579,-0.143858518346528));
#2884=CARTESIAN_POINT('Ctrl Pts',(-12.6229595769531,32.2509085549479,0.837329330051508));
#2885=CARTESIAN_POINT('Ctrl Pts',(-19.2657600054122,28.6504943012951,-2.08536460562801));
#2886=CARTESIAN_POINT('Ctrl Pts',(-16.9083841793245,30.230910774307,-2.19405669788472));
#2887=CARTESIAN_POINT('Ctrl Pts',(-14.5126612059352,31.8389429566689,-1.62142134462177));
#2888=CARTESIAN_POINT('Ctrl Pts',(-12.4572495515673,33.2127664000704,-0.448997217376445));
#2889=CARTESIAN_POINT('Ctrl Pts',(-19.3583025916302,28.791319975375,-3.14920847179199));
#2890=CARTESIAN_POINT('Ctrl Pts',(-16.8519957547385,30.4459320987771,-3.1893611615967));
#2891=CARTESIAN_POINT('Ctrl Pts',(-14.333523711114,32.1077658955643,-2.51427710523552));
#2892=CARTESIAN_POINT('Ctrl Pts',(-12.184470880669,33.5255019420762,-1.22017685916707));
#2893=CARTESIAN_POINT('',(-17.1886408712266,27.8045926448274,-0.225000000000003));
#2894=CARTESIAN_POINT('Ctrl Pts',(-13.2471546713455,32.6174319620519,-1.03453284450962));
#2895=CARTESIAN_POINT('Ctrl Pts',(-13.3376517928627,32.5233258900564,-0.995721633985257));
#2896=CARTESIAN_POINT('Ctrl Pts',(-13.4266555850828,32.4275190724823,-0.959133126652308));
#2897=CARTESIAN_POINT('Ctrl Pts',(-14.4291053533914,31.3169386011395,-0.563059914068793));
#2898=CARTESIAN_POINT('Ctrl Pts',(-15.2613889161876,30.0817127130321,-0.384891391860639));
#2899=CARTESIAN_POINT('Ctrl Pts',(-16.2278504681508,28.8313595988654,-0.268436569161478));
#2900=CARTESIAN_POINT('Ctrl Pts',(-16.484356762328,28.5150734083562,-0.246268338320876));
#2901=CARTESIAN_POINT('Ctrl Pts',(-16.8286614364625,28.1478914421086,-0.231177074625779));
#2902=CARTESIAN_POINT('Ctrl Pts',(-16.9085957807798,28.0662700199146,-0.22858565151424));
#2903=CARTESIAN_POINT('Ctrl Pts',(-17.055151046535,27.9247445437983,-0.225682487685711));
#2904=CARTESIAN_POINT('Ctrl Pts',(-17.1211312622501,27.8637750332378,-0.225000000000007));
#2905=CARTESIAN_POINT('Ctrl Pts',(-17.1886408712266,27.8045926448274,-0.225000000000007));
#2906=CARTESIAN_POINT('',(-18.2009025020742,27.0300589770275,-0.225000000000004));
#2907=CARTESIAN_POINT('Ctrl Pts',(-17.1892914706303,27.8052434254721,-0.224613415008691));
#2908=CARTESIAN_POINT('Ctrl Pts',(-17.2334974459882,27.7664999557243,-0.224696541516176));
#2909=CARTESIAN_POINT('Ctrl Pts',(-17.2780405434456,27.7281052921593,-0.224777347050765));
#2910=CARTESIAN_POINT('Ctrl Pts',(-17.3229439527859,27.6900777240158,-0.224854747179264));
#2911=CARTESIAN_POINT('Ctrl Pts',(-17.4538237087933,27.5792389500054,-0.225080344969761));
#2912=CARTESIAN_POINT('Ctrl Pts',(-17.5868887762506,27.4722561235959,-0.225275015400288));
#2913=CARTESIAN_POINT('Ctrl Pts',(-17.7232368808988,27.3689141119667,-0.225416219014014));
#2914=CARTESIAN_POINT('Ctrl Pts',(-17.7750589333736,27.3296367405407,-0.225469886507955));
#2915=CARTESIAN_POINT('Ctrl Pts',(-17.8273549377897,27.2908849554894,-0.225515495954994));
#2916=CARTESIAN_POINT('Ctrl Pts',(-17.8801841566701,27.2526456098615,-0.22555089583546));
#2917=CARTESIAN_POINT('Ctrl Pts',(-17.9860953371006,27.1759839760123,-0.22562186495457));
#2918=CARTESIAN_POINT('Ctrl Pts',(-18.0930262917796,27.1021958500889,-0.22565165202073));
#2919=CARTESIAN_POINT('Ctrl Pts',(-18.2014788948305,27.0309360964355,-0.225629112013625));
#2920=CARTESIAN_POINT('',(-17.1886408712266,25.4896608496871,0.224999999999996));
#2921=CARTESIAN_POINT('Origin',(-17.1886408712265,25.4896608496871,-3.775));
#2922=CARTESIAN_POINT('',(-11.917976841737,30.3386717774621,1.72675896504196));
#2923=CARTESIAN_POINT('Origin',(-17.1886408712266,25.4896608496871,10.225));
#2924=CARTESIAN_POINT('Origin',(-9.80971122994113,30.3386717774621,-1.67253744894125));
#2925=CARTESIAN_POINT('Origin',(-17.1886408712266,35.0000005215406,-10.225));
#2926=CARTESIAN_POINT('',(-17.1886408712266,35.0000005215406,-0.225000000000003));
#2927=CARTESIAN_POINT('Ctrl Pts',(9.99947381683515,35.,0.102583558274267));
#2928=CARTESIAN_POINT('Ctrl Pts',(9.99401247444367,35.,0.634935439678411));
#2929=CARTESIAN_POINT('Ctrl Pts',(9.91943043954983,35.0000000000002,1.56954149621613));
#2930=CARTESIAN_POINT('Ctrl Pts',(9.47946388196769,35.0000000000001,3.33428776794045));
#2931=CARTESIAN_POINT('Ctrl Pts',(9.00354641183331,35.0000000000005,4.42278951439614));
#2932=CARTESIAN_POINT('Ctrl Pts',(8.5991155025538,35.,5.10443117052047));
#2933=CARTESIAN_POINT('Ctrl Pts',(8.5967195841573,35.,5.10846693371932));
#2934=CARTESIAN_POINT('Ctrl Pts',(8.59432043561327,35.,5.1125));
#2935=CARTESIAN_POINT('Ctrl Pts',(10.4052571429997,34.6788830589905,0.789743304408379));
#2936=CARTESIAN_POINT('Ctrl Pts',(10.2978579248574,34.6415405966179,1.24467333692442));
#2937=CARTESIAN_POINT('Ctrl Pts',(10.0533273477893,34.6455303233521,2.04893129108644));
#2938=CARTESIAN_POINT('Ctrl Pts',(9.43923668947874,34.7785318418231,3.55886368553344));
#2939=CARTESIAN_POINT('Ctrl Pts',(8.95912389006401,34.9104002078927,4.49802906295656));
#2940=CARTESIAN_POINT('Ctrl Pts',(8.59859605482584,34.9989537873757,5.10531046871832));
#2941=CARTESIAN_POINT('Ctrl Pts',(8.59645845234292,34.9994766151893,5.10890590692005));
#2942=CARTESIAN_POINT('Ctrl Pts',(8.59432043561327,35.,5.1125));
#2943=CARTESIAN_POINT('Ctrl Pts',(10.8042696906483,33.7212262887536,1.98562620199565));
#2944=CARTESIAN_POINT('Ctrl Pts',(10.5419759976988,33.7542344867746,2.29180359614843));
#2945=CARTESIAN_POINT('Ctrl Pts',(10.0937305020183,33.9160021256991,2.84934533424877));
#2946=CARTESIAN_POINT('Ctrl Pts',(9.32788487851836,34.3923085990463,3.93010451894375));
#2947=CARTESIAN_POINT('Ctrl Pts',(8.88183331037052,34.7541205988572,4.62973162121934));
#2948=CARTESIAN_POINT('Ctrl Pts',(8.59768303124267,34.9971207904567,5.10684782804674));
#2949=CARTESIAN_POINT('Ctrl Pts',(8.59600147166774,34.9985606917705,5.10967411002134));
#2950=CARTESIAN_POINT('Ctrl Pts',(8.59432043561327,35.,5.1125));
#2951=CARTESIAN_POINT('Ctrl Pts',(10.5273138176795,32.4060578563901,2.76003977320694));
#2952=CARTESIAN_POINT('Ctrl Pts',(10.2253168003532,32.641587243021,3.02873972209939));
#2953=CARTESIAN_POINT('Ctrl Pts',(9.79226302471799,33.0959182084919,3.46673248272303));
#2954=CARTESIAN_POINT('Ctrl Pts',(9.14262290241889,34.0040854118847,4.26023483053384));
#2955=CARTESIAN_POINT('Ctrl Pts',(8.80372987034789,34.5975538100393,4.76096867781207));
#2956=CARTESIAN_POINT('Ctrl Pts',(8.59676954063631,34.9952889578529,5.10838484222493));
#2957=CARTESIAN_POINT('Ctrl Pts',(8.59554449099257,34.9976447683517,5.11044231312262));
#2958=CARTESIAN_POINT('Ctrl Pts',(8.59432043561327,35.,5.1125));
#2959=CARTESIAN_POINT('Ctrl Pts',(10.2993560872162,31.842745465371,2.97670674125259));
#2960=CARTESIAN_POINT('Ctrl Pts',(10.0007356180547,32.1647641835621,3.26053651758037));
#2961=CARTESIAN_POINT('Ctrl Pts',(9.60746880279818,32.744385034219,3.68568861455771));
#2962=CARTESIAN_POINT('Ctrl Pts',(9.0507208765902,33.8375952585654,4.39444308931648));
#2963=CARTESIAN_POINT('Ctrl Pts',(8.77022531137116,34.5304367655587,4.81723140983455));
#2964=CARTESIAN_POINT('Ctrl Pts',(8.59637748096467,34.9945039558973,5.10904307556077));
#2965=CARTESIAN_POINT('Ctrl Pts',(8.59534864213178,34.9972522297437,5.11077154302317));
#2966=CARTESIAN_POINT('Ctrl Pts',(8.59432043561327,35.,5.1125));
#2967=CARTESIAN_POINT('',(10.2993560872162,31.842745465371,2.97670674125259));
#2968=CARTESIAN_POINT('Origin',(7.54364217361204,31.842745465371,0.0773894377536245));
#2969=CARTESIAN_POINT('Ctrl Pts',(8.59432043561327,35.,5.1125));
#2970=CARTESIAN_POINT('Ctrl Pts',(8.59534864213178,34.9972522297437,5.11077154302317));
#2971=CARTESIAN_POINT('Ctrl Pts',(8.59637748096467,34.9945039558973,5.10904307556077));
#2972=CARTESIAN_POINT('Ctrl Pts',(8.77022531137116,34.5304367655587,4.81723140983455));
#2973=CARTESIAN_POINT('Ctrl Pts',(9.0507208765902,33.8375952585654,4.39444308931648));
#2974=CARTESIAN_POINT('Ctrl Pts',(9.60746880279818,32.744385034219,3.68568861455771));
#2975=CARTESIAN_POINT('Ctrl Pts',(10.0007356180547,32.1647641835621,3.26053651758037));
#2976=CARTESIAN_POINT('Ctrl Pts',(10.2993560872162,31.842745465371,2.97670674125259));
#2977=CARTESIAN_POINT('Ctrl Pts',(9.99947381683515,35.,0.102583558274269));
#2978=CARTESIAN_POINT('Ctrl Pts',(9.99947381683515,35.,0.102583558274269));
#2979=CARTESIAN_POINT('Ctrl Pts',(9.99947381683516,35.,0.102583558274269));
#2980=CARTESIAN_POINT('Ctrl Pts',(9.99947381683515,35.,0.102583558274269));
#2981=CARTESIAN_POINT('Ctrl Pts',(9.99947381683515,35.,0.102583558274269));
#2982=CARTESIAN_POINT('Ctrl Pts',(10.5505328599653,34.7413625455344,0.662701047984894));
#2983=CARTESIAN_POINT('Ctrl Pts',(10.5270531416432,34.6899446192573,0.693192932691795));
#2984=CARTESIAN_POINT('Ctrl Pts',(10.4850473783029,34.6386934894155,0.768799653290985));
#2985=CARTESIAN_POINT('Ctrl Pts',(10.448739225842,34.645637144445,0.778529422001718));
#2986=CARTESIAN_POINT('Ctrl Pts',(10.4052571429997,34.6788830589905,0.789743304408381));
#2987=CARTESIAN_POINT('Ctrl Pts',(11.7074220132704,34.0144437633085,1.32154404433072));
#2988=CARTESIAN_POINT('Ctrl Pts',(11.5966576105008,33.7906185427431,1.41163423655057));
#2989=CARTESIAN_POINT('Ctrl Pts',(11.3013178011059,33.4668231224743,1.67014226648176));
#2990=CARTESIAN_POINT('Ctrl Pts',(10.9883290465042,33.5422760153427,1.87452059236553));
#2991=CARTESIAN_POINT('Ctrl Pts',(10.8042765874683,33.7212300274821,1.9856304283812));
#2992=CARTESIAN_POINT('Ctrl Pts',(12.8298603935998,33.0432295995726,1.21318141175941));
#2993=CARTESIAN_POINT('Ctrl Pts',(12.5634235613366,32.5735997304557,1.34588907100578));
#2994=CARTESIAN_POINT('Ctrl Pts',(11.7538661433467,31.8055047985453,1.78574065932524));
#2995=CARTESIAN_POINT('Ctrl Pts',(10.9072569624442,32.0012667356104,2.42685034643241));
#2996=CARTESIAN_POINT('Ctrl Pts',(10.5273138176795,32.4060578563901,2.76003977320694));
#2997=CARTESIAN_POINT('Ctrl Pts',(13.2529779287073,32.6272101645284,1.03203762637526));
#2998=CARTESIAN_POINT('Ctrl Pts',(12.9117932577134,32.0523608930943,1.17810456449727));
#2999=CARTESIAN_POINT('Ctrl Pts',(11.8556371804849,31.0941395471311,1.68619043230216));
#3000=CARTESIAN_POINT('Ctrl Pts',(10.7643483537516,31.3413189755561,2.53474557437248));
#3001=CARTESIAN_POINT('Ctrl Pts',(10.2993560872162,31.842745465371,2.97670674125259));
#3002=CARTESIAN_POINT('',(12.1844708806689,33.5255019420762,1.22017685916709));
#3003=CARTESIAN_POINT('Ctrl Pts',(12.1844708806689,33.5255019420762,1.22017685916709));
#3004=CARTESIAN_POINT('Ctrl Pts',(11.7953446306214,33.8132865105201,1.20478919237669));
#3005=CARTESIAN_POINT('Ctrl Pts',(11.3963554466467,34.0799642786829,1.10536137941247));
#3006=CARTESIAN_POINT('Ctrl Pts',(10.8341885622731,34.4519445285325,0.827562504799935));
#3007=CARTESIAN_POINT('Ctrl Pts',(10.6529182241395,34.5709381534026,0.713281274247432));
#3008=CARTESIAN_POINT('Ctrl Pts',(10.3105672851018,34.7959141828471,0.442495536021749));
#3009=CARTESIAN_POINT('Ctrl Pts',(10.149401068074,34.901996801607,0.28522601073356));
#3010=CARTESIAN_POINT('Ctrl Pts',(10.0037901189129,34.9971791857161,0.107867845806005));
#3011=CARTESIAN_POINT('Ctrl Pts',(10.0016300863604,34.9985909335406,0.105227909384479));
#3012=CARTESIAN_POINT('Ctrl Pts',(9.99947381683515,35.,0.102583558274269));
#3013=CARTESIAN_POINT('',(13.2471546713455,32.6174319620519,1.03453284450964));
#3014=CARTESIAN_POINT('Ctrl Pts',(10.2993560872162,31.842745465371,2.97670674125259));
#3015=CARTESIAN_POINT('Ctrl Pts',(10.7643483537516,31.3413189755561,2.53474557437248));
#3016=CARTESIAN_POINT('Ctrl Pts',(11.8529811081195,31.0947411536289,1.68825571860232));
#3017=CARTESIAN_POINT('Ctrl Pts',(12.9066519230626,32.0477036310171,1.18057982731408));
#3018=CARTESIAN_POINT('Ctrl Pts',(13.2471543325455,32.6174322382966,1.03453313224097));
#3019=CARTESIAN_POINT('Ctrl Pts',(13.2471546713455,32.6174319620519,1.03453284450964));
#3020=CARTESIAN_POINT('Ctrl Pts',(12.9327467038706,32.9443782596479,1.16937198206042));
#3021=CARTESIAN_POINT('Ctrl Pts',(12.5661849221688,33.2431991915201,1.23527141647106));
#3022=CARTESIAN_POINT('Ctrl Pts',(12.1844708806689,33.5255019420762,1.22017685916709));
#3023=CARTESIAN_POINT('Ctrl Pts',(17.1886408712266,25.4896608496871,-0.224999999999999));
#3024=CARTESIAN_POINT('Ctrl Pts',(15.338158037127,27.1921050643068,-0.224999999999999));
#3025=CARTESIAN_POINT('Ctrl Pts',(13.49056175726,28.8918936490213,-0.75143163395431));
#3026=CARTESIAN_POINT('Ctrl Pts',(11.917976841737,30.3386717774621,-1.72675896504197));
#3027=CARTESIAN_POINT('Ctrl Pts',(17.7801642910655,26.3898051803923,-0.224999999999999));
#3028=CARTESIAN_POINT('Ctrl Pts',(15.8924466032157,28.0331624741653,-0.113057559221588));
#3029=CARTESIAN_POINT('Ctrl Pts',(13.9526723260288,29.6899630570898,-0.559176388918686));
#3030=CARTESIAN_POINT('Ctrl Pts',(12.2808457801346,31.1032675827376,-1.50170530356495));
#3031=CARTESIAN_POINT('Ctrl Pts',(18.8080445418258,27.953970772716,0.579563792635866));
#3032=CARTESIAN_POINT('Ctrl Pts',(16.7056830596568,29.5001340284341,0.769324250252023));
#3033=CARTESIAN_POINT('Ctrl Pts',(14.5241510226844,31.080135445907,0.339454021684275));
#3034=CARTESIAN_POINT('Ctrl Pts',(12.6385374150817,32.4371938641685,-0.665066980660735));
#3035=CARTESIAN_POINT('Ctrl Pts',(19.2888956519667,28.6857007198151,2.35132557216904));
#3036=CARTESIAN_POINT('Ctrl Pts',(16.8941304031781,30.285705880048,2.44150226659689));
#3037=CARTESIAN_POINT('Ctrl Pts',(14.4675944255259,31.9057385945521,1.84527814529132));
#3038=CARTESIAN_POINT('Ctrl Pts',(12.3890548838427,33.2909502855719,0.641792127824121));
#3039=CARTESIAN_POINT('Ctrl Pts',(19.3583025916302,28.791319975375,3.14920847179203));
#3040=CARTESIAN_POINT('Ctrl Pts',(16.8519957547385,30.4459320987771,3.18936116159673));
#3041=CARTESIAN_POINT('Ctrl Pts',(14.333523711114,32.1077658955643,2.51427710523555));
#3042=CARTESIAN_POINT('Ctrl Pts',(12.1844708806689,33.5255019420762,1.2201768591671));
#3043=CARTESIAN_POINT('',(17.1886408712266,27.8045926448275,0.225000000000003));
#3044=CARTESIAN_POINT('Ctrl Pts',(13.2471546713455,32.6174319620519,1.03453284450963));
#3045=CARTESIAN_POINT('Ctrl Pts',(13.3376517928627,32.5233258900564,0.995721633985264));
#3046=CARTESIAN_POINT('Ctrl Pts',(13.4266555850828,32.4275190724823,0.95913312665231));
#3047=CARTESIAN_POINT('Ctrl Pts',(14.4291053533914,31.3169386011395,0.563059914068792));
#3048=CARTESIAN_POINT('Ctrl Pts',(15.2613889161876,30.0817127130321,0.384891391860635));
#3049=CARTESIAN_POINT('Ctrl Pts',(16.2278504681508,28.8313595988654,0.268436569161473));
#3050=CARTESIAN_POINT('Ctrl Pts',(16.484356762328,28.5150734083562,0.246268338320872));
#3051=CARTESIAN_POINT('Ctrl Pts',(16.8286614364625,28.1478914421086,0.231177074625776));
#3052=CARTESIAN_POINT('Ctrl Pts',(16.9085957807798,28.0662700199146,0.228585651514237));
#3053=CARTESIAN_POINT('Ctrl Pts',(17.055151046535,27.9247445437982,0.225682487685707));
#3054=CARTESIAN_POINT('Ctrl Pts',(17.1211312622501,27.8637750332378,0.225000000000005));
#3055=CARTESIAN_POINT('Ctrl Pts',(17.1886408712266,27.8045926448274,0.225000000000005));
#3056=CARTESIAN_POINT('',(18.2009025020742,27.0300589770275,0.225000000000004));
#3057=CARTESIAN_POINT('Ctrl Pts',(17.1877148818541,27.8030330181936,0.228439991107216));
#3058=CARTESIAN_POINT('Ctrl Pts',(17.2319204184815,27.7642775615875,0.228542571896328));
#3059=CARTESIAN_POINT('Ctrl Pts',(17.2764632316096,27.7258715186086,0.228642018128789));
#3060=CARTESIAN_POINT('Ctrl Pts',(17.3213664888545,27.6878331571129,0.228737279036628));
#3061=CARTESIAN_POINT('Ctrl Pts',(17.4524965067287,27.5767505468776,0.229015467420144));
#3062=CARTESIAN_POINT('Ctrl Pts',(17.5858212291367,27.4695437590096,0.229255830055998));
#3063=CARTESIAN_POINT('Ctrl Pts',(17.7224451796354,27.3659965283998,0.229435380010365));
#3064=CARTESIAN_POINT('Ctrl Pts',(17.7740115862562,27.3269143720239,0.229503148113408));
#3065=CARTESIAN_POINT('Ctrl Pts',(17.8260477082452,27.2883532141354,0.229561891531166));
#3066=CARTESIAN_POINT('Ctrl Pts',(17.8786120088972,27.2503001850327,0.229609354446168));
#3067=CARTESIAN_POINT('Ctrl Pts',(17.9845258868096,27.1736256392174,0.229704989341382));
#3068=CARTESIAN_POINT('Ctrl Pts',(18.0914607990288,27.0998281050945,0.229754501265377));
#3069=CARTESIAN_POINT('Ctrl Pts',(18.1999197518936,27.0285634876287,0.229745001504652));
#3070=CARTESIAN_POINT('',(17.1886408712266,25.4896608496871,-0.224999999999996));
#3071=CARTESIAN_POINT('Origin',(17.1886408712265,25.4896608496871,3.775));
#3072=CARTESIAN_POINT('',(11.917976841737,30.3386717774621,-1.72675896504197));
#3073=CARTESIAN_POINT('Origin',(17.1886408712266,25.4896608496871,-10.225));
#3074=CARTESIAN_POINT('Origin',(9.80971122994113,30.3386717774621,1.67253744894125));
#3075=CARTESIAN_POINT('Origin',(17.1886408712266,35.0000005215406,10.225));
#3076=CARTESIAN_POINT('',(17.1886408712266,35.0000005215406,0.225000000000003));
#3077=CARTESIAN_POINT('Ctrl Pts',(11.917976841737,30.3386717774621,-1.72675896504197));
#3078=CARTESIAN_POINT('Ctrl Pts',(10.5610545783845,31.5870402650613,-2.56833092503295));
#3079=CARTESIAN_POINT('Ctrl Pts',(9.41063819394146,32.6454233432549,-3.74023664697234));
#3080=CARTESIAN_POINT('Ctrl Pts',(8.59432043561328,33.3964356841142,-5.1125));
#3081=CARTESIAN_POINT('Ctrl Pts',(12.3211684252978,31.188230835546,-1.47669693835605));
#3082=CARTESIAN_POINT('Ctrl Pts',(10.8689874115129,32.4043462293237,-2.28640101473563));
#3083=CARTESIAN_POINT('Ctrl Pts',(9.61939224846189,33.4405693567651,-3.47227407166918));
#3084=CARTESIAN_POINT('Ctrl Pts',(8.72820499984731,34.1759140640425,-4.88743460216925));
#3085=CARTESIAN_POINT('Ctrl Pts',(12.6810982923806,32.6681775398879,-0.488950796521176));
#3086=CARTESIAN_POINT('Ctrl Pts',(11.0201203372423,33.8312552952691,-1.37239058162671));
#3087=CARTESIAN_POINT('Ctrl Pts',(9.58795737632384,34.8277171302014,-2.68274321553271));
#3088=CARTESIAN_POINT('Ctrl Pts',(8.5680501277641,35.5368270729055,-4.2601629623929));
#3089=CARTESIAN_POINT('Ctrl Pts',(12.2870781949454,33.4970629919877,1.02460365225728));
#3090=CARTESIAN_POINT('Ctrl Pts',(10.4489591153952,34.704576911394,-0.065469666856873));
#3091=CARTESIAN_POINT('Ctrl Pts',(8.88453493830156,35.7331475002975,-1.6069709920794));
#3092=CARTESIAN_POINT('Ctrl Pts',(7.77318859072427,36.4633333159618,-3.42513944230014));
#3093=CARTESIAN_POINT('Ctrl Pts',(12.0064227831163,33.6814936919749,1.67253744894125));
#3094=CARTESIAN_POINT('Ctrl Pts',(10.1067316144228,34.929862179574,0.494336704953866));
#3095=CARTESIAN_POINT('Ctrl Pts',(8.49614867620255,35.9882452577677,-1.14633130576127));
#3096=CARTESIAN_POINT('Ctrl Pts',(7.35330381454309,36.739257598627,-3.0675));
#3097=CARTESIAN_POINT('Origin',(17.1886408712266,25.4896608496871,-10.225));
#3098=CARTESIAN_POINT('Origin',(35.3428408770261,13.5597579379419,3.77500000000001));
#3099=CARTESIAN_POINT('',(45.,9.41922340341284,0.22500000000001));
#3100=CARTESIAN_POINT('',(45.,7.2136247729691,-0.22499999999999));
#3101=CARTESIAN_POINT('Origin',(45.,7.2136247729691,3.77500000000001));
#3102=CARTESIAN_POINT('',(35.3428408770261,13.5597579379419,-0.224999999999992));
#3103=CARTESIAN_POINT('',(36.3551025078737,15.1001560652822,0.225000000000008));
#3104=CARTESIAN_POINT('Origin',(45.,0.,9.99200722162641E-15));
#3105=CARTESIAN_POINT('',(45.,0.,0.22500000000001));
#3106=CARTESIAN_POINT('',(45.,0.,-0.22499999999999));
#3107=CARTESIAN_POINT('Origin',(27.2500000707805,17.5000002607703,0.225000000000006));
#3108=CARTESIAN_POINT('Ctrl Pts',(-11.917976841737,30.3386717774621,1.72675896504195));
#3109=CARTESIAN_POINT('Ctrl Pts',(-10.5610545783845,31.5870402650612,2.56833092503294));
#3110=CARTESIAN_POINT('Ctrl Pts',(-9.41063819394146,32.6454233432549,3.74023664697233));
#3111=CARTESIAN_POINT('Ctrl Pts',(-8.59432043561328,33.3964356841142,5.1125));
#3112=CARTESIAN_POINT('Ctrl Pts',(-12.3211684252978,31.188230835546,1.47669693835604));
#3113=CARTESIAN_POINT('Ctrl Pts',(-10.8689874115129,32.4043462293237,2.28640101473562));
#3114=CARTESIAN_POINT('Ctrl Pts',(-9.61939224846189,33.440569356765,3.47227407166917));
#3115=CARTESIAN_POINT('Ctrl Pts',(-8.72820499984731,34.1759140640425,4.88743460216924));
#3116=CARTESIAN_POINT('Ctrl Pts',(-12.6810982923806,32.6681775398879,0.488950796521164));
#3117=CARTESIAN_POINT('Ctrl Pts',(-11.0201203372423,33.8312552952691,1.3723905816267));
#3118=CARTESIAN_POINT('Ctrl Pts',(-9.58795737632383,34.8277171302014,2.6827432155327));
#3119=CARTESIAN_POINT('Ctrl Pts',(-8.5680501277641,35.5368270729055,4.2601629623929));
#3120=CARTESIAN_POINT('Ctrl Pts',(-12.2870781949454,33.4970629919877,-1.02460365225729));
#3121=CARTESIAN_POINT('Ctrl Pts',(-10.4489591153952,34.704576911394,0.0654696668568594));
#3122=CARTESIAN_POINT('Ctrl Pts',(-8.88453493830157,35.7331475002975,1.60697099207939));
#3123=CARTESIAN_POINT('Ctrl Pts',(-7.77318859072427,36.4633333159618,3.42513944230014));
#3124=CARTESIAN_POINT('Ctrl Pts',(-12.0064227831163,33.6814936919749,-1.67253744894126));
#3125=CARTESIAN_POINT('Ctrl Pts',(-10.1067316144228,34.929862179574,-0.494336704953881));
#3126=CARTESIAN_POINT('Ctrl Pts',(-8.49614867620256,35.9882452577677,1.14633130576126));
#3127=CARTESIAN_POINT('Ctrl Pts',(-7.3533038145431,36.739257598627,3.0675));
#3128=CARTESIAN_POINT('Origin',(-17.1886408712266,25.4896608496871,10.225));
#3129=CARTESIAN_POINT('Origin',(-17.8428409515319,25.0597579379419,-3.775));
#3130=CARTESIAN_POINT('',(-45.,9.41922340341283,-0.22500000000001));
#3131=CARTESIAN_POINT('',(-45.,7.2136247729691,0.22499999999999));
#3132=CARTESIAN_POINT('Origin',(-45.,7.21362477296909,-3.77500000000001));
#3133=CARTESIAN_POINT('',(-17.8428409515319,25.0597579379419,0.224999999999996));
#3134=CARTESIAN_POINT('',(-18.8551025823795,26.6001560652822,-0.225000000000004));
#3135=CARTESIAN_POINT('Origin',(-45.,12.,-9.99200722162641E-15));
#3136=CARTESIAN_POINT('',(-45.,0.,-0.22500000000001));
#3137=CARTESIAN_POINT('',(-45.,0.,0.22499999999999));
#3138=CARTESIAN_POINT('Origin',(-27.2500000707805,17.5000002607703,-0.225000000000006));
#3139=CARTESIAN_POINT('Origin',(17.1886408712266,35.0000005215406,-10.225));
#3140=CARTESIAN_POINT('',(17.1886408712266,35.0000005215406,-0.224999999999996));
#3141=CARTESIAN_POINT('Origin',(27.2500000707805,17.5000002607703,-0.224999999999994));
#3142=CARTESIAN_POINT('Origin',(-17.1886408712266,35.0000005215406,10.225));
#3143=CARTESIAN_POINT('',(-17.1886408712266,35.0000005215406,0.224999999999996));
#3144=CARTESIAN_POINT('Origin',(-27.2500000707805,17.5000002607703,0.224999999999994));
#3145=CARTESIAN_POINT('Origin',(10.225,35.0000005215406,17.1886408712266));
#3146=CARTESIAN_POINT('',(0.224999999999996,35.0000005215406,17.1886408712266));
#3147=CARTESIAN_POINT('Origin',(0.224999999999995,12.5,24.8999998904765));
#3148=CARTESIAN_POINT('',(0.224999999999992,2.5000000372529,37.5000005587935));
#3149=CARTESIAN_POINT('',(0.224999999999992,1.00000001490116,37.5000005587935));
#3150=CARTESIAN_POINT('',(0.224999999999992,6.75000000745058,37.5000005587935));
#3151=CARTESIAN_POINT('',(0.224999999999991,1.00000001490116,39.0000005811453));
#3152=CARTESIAN_POINT('',(0.224999999999993,1.00000001490116,31.9500002358109));
#3153=CARTESIAN_POINT('',(0.224999999999991,2.5000000372529,39.0000005811453));
#3154=CARTESIAN_POINT('',(0.224999999999991,7.50000001862645,39.0000005811453));
#3155=CARTESIAN_POINT('',(0.224999999999993,2.5000000372529,31.200000224635));
#3156=CARTESIAN_POINT('Origin',(-0.225000000000009,2.5000000372529,39.0000005811453));
#3157=CARTESIAN_POINT('',(-0.225000000000009,1.00000001490116,39.0000005811453));
#3158=CARTESIAN_POINT('',(-0.225000000000009,2.5000000372529,39.0000005811453));
#3159=CARTESIAN_POINT('Origin',(-0.225000000000008,2.5000000372529,37.5000005587935));
#3160=CARTESIAN_POINT('',(-0.225000000000008,2.5000000372529,37.5000005587935));
#3161=CARTESIAN_POINT('Origin',(-0.225000000000008,1.00000001490116,37.5000005587935));
#3162=CARTESIAN_POINT('',(-0.225000000000008,1.00000001490116,37.5000005587935));
#3163=CARTESIAN_POINT('Origin',(-0.225000000000009,1.00000001490116,39.0000005811453));
#3164=CARTESIAN_POINT('Origin',(0.,35.,0.));
#3165=CARTESIAN_POINT('',(3.1005835635579E-15,35.,-9.));
#3166=CARTESIAN_POINT('Origin',(0.,70.0000010430813,0.));
#3167=CARTESIAN_POINT('Origin',(2.00000002980232,70.0000010430813,4.44089216467507E-16));
#3168=CARTESIAN_POINT('Origin',(-1.49999996647239,36.0000010430813,-11.499999742955));
#3169=CARTESIAN_POINT('Origin',(0.,0.,0.));
#3170=CARTESIAN_POINT('',(3.1005835635579E-15,0.,-9.));
#3171=CARTESIAN_POINT('Origin',(0.,0.,0.));
#3172=CARTESIAN_POINT('Origin',(-1.99840144432528E-15,70.0000010430813,
9.));
#3173=CARTESIAN_POINT('',(3.1005835635579E-15,70.0000010430813,-9.));
#3174=CARTESIAN_POINT('Origin',(0.,70.0000010430813,0.));
#3175=CARTESIAN_POINT('Origin',(0.,35.,0.));
#3176=CARTESIAN_POINT('',(3.1005835635579E-15,35.,-9.));
#3177=CARTESIAN_POINT('Origin',(-1.91790633869008E-15,70.0000010430813,
9.88748227225616));
#3178=CARTESIAN_POINT('',(0.000185389054950893,70.0000010430813,9.99999999828155));
#3179=CARTESIAN_POINT('',(0.445121479995448,70.0000010430813,9.99008843144277));
#3180=CARTESIAN_POINT('Origin',(0.224999999999998,70.0000010430813,10.1182797206666));
#3181=CARTESIAN_POINT('Origin',(0.,70.0000010430813,0.));
#3182=CARTESIAN_POINT('Origin',(0.,75.0000010430813,0.));
#3183=CARTESIAN_POINT('',(0.224999999999998,70.949124603004,9.99746842955755));
#3184=CARTESIAN_POINT('Ctrl Pts',(0.4451214799954,70.0000010430813,9.99008843144277));
#3185=CARTESIAN_POINT('Ctrl Pts',(0.466247329155041,70.1052455872397,9.98914714155243));
#3186=CARTESIAN_POINT('Ctrl Pts',(0.474999999999998,70.2149912667403,9.98871237948115));
#3187=CARTESIAN_POINT('Ctrl Pts',(0.474999999999998,70.3143426795225,9.98871237948115));
#3188=CARTESIAN_POINT('Ctrl Pts',(0.474999999999998,70.4604173288568,9.98871237948115));
#3189=CARTESIAN_POINT('Ctrl Pts',(0.455529120454403,70.6346189800077,9.98976412210246));
#3190=CARTESIAN_POINT('Ctrl Pts',(0.381042774204148,70.8228121721135,9.99275922830073));
#3191=CARTESIAN_POINT('Ctrl Pts',(0.349723897183783,70.8827234225891,9.99397699366168));
#3192=CARTESIAN_POINT('Ctrl Pts',(0.295417091093447,70.9277266594231,9.99564147067755));
#3193=CARTESIAN_POINT('Ctrl Pts',(0.282373598233261,70.9362462712209,9.99602264634894));
#3194=CARTESIAN_POINT('Ctrl Pts',(0.254259682072557,70.9473442842474,9.99677667974137));
#3195=CARTESIAN_POINT('Ctrl Pts',(0.239179842692837,70.9498988334625,9.99714930230765));
#3196=CARTESIAN_POINT('Ctrl Pts',(0.224999999999998,70.949124603004,9.99746842955755));
#3197=CARTESIAN_POINT('Ctrl Pts',(0.224999999999998,70.949124603004,9.99746842955755));
#3198=CARTESIAN_POINT('Ctrl Pts',(0.208651025129132,70.9482319362387,9.99783637464004));
#3199=CARTESIAN_POINT('Ctrl Pts',(0.193614438275826,70.9433966779766,9.99813540152928));
#3200=CARTESIAN_POINT('Ctrl Pts',(0.165610958195676,70.9285924821914,9.99863826658394));
#3201=CARTESIAN_POINT('Ctrl Pts',(0.152639928148047,70.9186313858554,9.99884253706079));
#3202=CARTESIAN_POINT('Ctrl Pts',(0.116817632955809,70.8836247961975,9.99934535883835));
#3203=CARTESIAN_POINT('Ctrl Pts',(0.096994125190021,70.8537655540119,9.99954163033224));
#3204=CARTESIAN_POINT('Ctrl Pts',(-0.00141515292437543,70.670766435877,
10.00034350431));
#3205=CARTESIAN_POINT('Ctrl Pts',(-0.0250000000000023,70.4620616590469,
9.99996874995117));
#3206=CARTESIAN_POINT('Ctrl Pts',(-0.0250000000000023,70.1961944994001,
9.99996874995117));
#3207=CARTESIAN_POINT('Ctrl Pts',(-0.0177017570307959,70.0964962822747,
10.0000003298897));
#3208=CARTESIAN_POINT('Ctrl Pts',(0.000185389054979896,70.0000010430813,
9.99999999828155));
#3209=CARTESIAN_POINT('Origin',(0.224999999999992,1.75000002607703,38.2500005699694));
#3210=CARTESIAN_POINT('',(0.224999999999992,1.84527080556383,38.48113576542));
#3211=CARTESIAN_POINT('',(0.224999999999991,1.84527080556383,38.48113576542));
#3212=CARTESIAN_POINT('Origin',(0.224999999999992,1.75000002607703,38.2500005699694));
#3213=CARTESIAN_POINT('Origin',(0.224999999999992,1.75000002607703,38.2500005699694));
#3214=CARTESIAN_POINT('Origin',(0.,177.500002682209,0.));
#3215=CARTESIAN_POINT('',(-1.5,180.000002682209,1.83697019872103E-16));
#3216=CARTESIAN_POINT('Origin',(0.,180.000002682209,0.));
#3217=CARTESIAN_POINT('',(-1.5,175.000002682209,1.83697019872103E-16));
#3218=CARTESIAN_POINT('',(-1.5,177.500002682209,1.83697019872103E-16));
#3219=CARTESIAN_POINT('Origin',(0.,175.000002682209,0.));
#3220=CARTESIAN_POINT('Origin',(0.,174.241905619373,0.));
#3221=CARTESIAN_POINT('',(-2.37535617002782,173.483808556537,0.));
#3222=CARTESIAN_POINT('',(-1.93767808501391,174.241905619373,2.37297126459026E-16));
#3223=CARTESIAN_POINT('',(2.37535617002782,173.483808556537,0.));
#3224=CARTESIAN_POINT('Origin',(0.,173.483808556537,0.));
#3225=CARTESIAN_POINT('Origin',(0.,173.483808556537,0.));
#3226=CARTESIAN_POINT('Ctrl Pts',(1.7866374251037,179.99999999995,0.));
#3227=CARTESIAN_POINT('Ctrl Pts',(1.7866374251037,179.99999999995,-1.7866374251037));
#3228=CARTESIAN_POINT('Ctrl Pts',(0.,179.99999999995,-1.7866374251037));
#3229=CARTESIAN_POINT('Ctrl Pts',(-1.7866374251037,179.99999999995,-1.7866374251037));
#3230=CARTESIAN_POINT('Ctrl Pts',(-1.7866374251037,179.99999999995,0.));
#3231=CARTESIAN_POINT('Ctrl Pts',(-1.7866374251037,179.99999999995,1.7866374251037));
#3232=CARTESIAN_POINT('Ctrl Pts',(0.,179.99999999995,1.7866374251037));
#3233=CARTESIAN_POINT('Ctrl Pts',(1.7866374251037,179.99999999995,1.7866374251037));
#3234=CARTESIAN_POINT('Ctrl Pts',(1.7866374251037,179.99999999995,0.));
#3235=CARTESIAN_POINT('Ctrl Pts',(1.98268373550711,177.977717752457,0.));
#3236=CARTESIAN_POINT('Ctrl Pts',(1.98268373550711,177.977717752457,-1.98268373550711));
#3237=CARTESIAN_POINT('Ctrl Pts',(0.,177.977717752457,-1.98268373550711));
#3238=CARTESIAN_POINT('Ctrl Pts',(-1.98268373550711,177.977717752457,-1.98268373550711));
#3239=CARTESIAN_POINT('Ctrl Pts',(-1.98268373550711,177.977717752457,0.));
#3240=CARTESIAN_POINT('Ctrl Pts',(-1.98268373550711,177.977717752457,1.98268373550711));
#3241=CARTESIAN_POINT('Ctrl Pts',(0.,177.977717752457,1.98268373550711));
#3242=CARTESIAN_POINT('Ctrl Pts',(1.98268373550711,177.977717752457,1.98268373550711));
#3243=CARTESIAN_POINT('Ctrl Pts',(1.98268373550711,177.977717752457,0.));
#3244=CARTESIAN_POINT('Ctrl Pts',(2.17894948105336,175.804367420619,0.));
#3245=CARTESIAN_POINT('Ctrl Pts',(2.17894948105336,175.804367420619,-2.17894948105336));
#3246=CARTESIAN_POINT('Ctrl Pts',(0.,175.804367420619,-2.17894948105336));
#3247=CARTESIAN_POINT('Ctrl Pts',(-2.17894948105336,175.804367420619,-2.17894948105336));
#3248=CARTESIAN_POINT('Ctrl Pts',(-2.17894948105336,175.804367420619,0.));
#3249=CARTESIAN_POINT('Ctrl Pts',(-2.17894948105336,175.804367420619,2.17894948105336));
#3250=CARTESIAN_POINT('Ctrl Pts',(0.,175.804367420619,2.17894948105336));
#3251=CARTESIAN_POINT('Ctrl Pts',(2.17894948105336,175.804367420619,2.17894948105336));
#3252=CARTESIAN_POINT('Ctrl Pts',(2.17894948105336,175.804367420619,0.));
#3253=CARTESIAN_POINT('Ctrl Pts',(2.37535617002782,173.483808556537,0.));
#3254=CARTESIAN_POINT('Ctrl Pts',(2.37535617002782,173.483808556537,-2.37535617002782));
#3255=CARTESIAN_POINT('Ctrl Pts',(0.,173.483808556537,-2.37535617002782));
#3256=CARTESIAN_POINT('Ctrl Pts',(-2.37535617002782,173.483808556537,-2.37535617002782));
#3257=CARTESIAN_POINT('Ctrl Pts',(-2.37535617002782,173.483808556537,0.));
#3258=CARTESIAN_POINT('Ctrl Pts',(-2.37535617002782,173.483808556537,2.37535617002782));
#3259=CARTESIAN_POINT('Ctrl Pts',(0.,173.483808556537,2.37535617002782));
#3260=CARTESIAN_POINT('Ctrl Pts',(2.37535617002782,173.483808556537,2.37535617002782));
#3261=CARTESIAN_POINT('Ctrl Pts',(2.37535617002782,173.483808556537,0.));
#3262=CARTESIAN_POINT('',(-1.78663742510848,179.99999999995,2.18799980389597E-16));
#3263=CARTESIAN_POINT('Ctrl Pts',(-1.7866374251037,179.99999999995,0.));
#3264=CARTESIAN_POINT('Ctrl Pts',(-1.98268373550711,177.977717752457,0.));
#3265=CARTESIAN_POINT('Ctrl Pts',(-2.17894948105336,175.804367420619,0.));
#3266=CARTESIAN_POINT('Ctrl Pts',(-2.37535617002782,173.483808556537,0.));
#3267=CARTESIAN_POINT('',(1.78663742510848,179.99999999995,0.));
#3268=CARTESIAN_POINT('Origin',(0.,179.99999999995,0.));
#3269=CARTESIAN_POINT('Ctrl Pts',(1.7866374251037,179.99999999995,0.));
#3270=CARTESIAN_POINT('Ctrl Pts',(1.98268373550711,177.977717752457,0.));
#3271=CARTESIAN_POINT('Ctrl Pts',(2.17894948105336,175.804367420619,0.));
#3272=CARTESIAN_POINT('Ctrl Pts',(2.37535617002782,173.483808556537,0.));
#3273=CARTESIAN_POINT('Origin',(-5.,180.,0.));
#3274=CARTESIAN_POINT('',(-3.79597004748008,180.,4.64872256830571E-16));
#3275=CARTESIAN_POINT('',(-0.00248054048732294,180.,0.));
#3276=CARTESIAN_POINT('',(3.79597004748008,180.,0.));
#3277=CARTESIAN_POINT('Ctrl Pts',(3.79597004748008,180.,0.));
#3278=CARTESIAN_POINT('Ctrl Pts',(3.79597004748008,180.,0.26321126588737));
#3279=CARTESIAN_POINT('Ctrl Pts',(3.76859357863675,180.,0.525710196699473));
#3280=CARTESIAN_POINT('Ctrl Pts',(3.65997199219045,180.,1.04080439480116));
#3281=CARTESIAN_POINT('Ctrl Pts',(3.57902083983892,180.,1.29200565008621));
#3282=CARTESIAN_POINT('Ctrl Pts',(3.27314292483286,180.,1.98500583236261));
#3283=CARTESIAN_POINT('Ctrl Pts',(2.98713227513683,180.,2.39389923174158));
#3284=CARTESIAN_POINT('Ctrl Pts',(2.27447465502423,180.,3.07903845454217));
#3285=CARTESIAN_POINT('Ctrl Pts',(1.85464107988437,180.,3.3487339735641));
#3286=CARTESIAN_POINT('Ctrl Pts',(0.935226745524146,180.,3.71201612272271));
#3287=CARTESIAN_POINT('Ctrl Pts',(0.444436088459808,180.,3.80212957750937));
#3288=CARTESIAN_POINT('Ctrl Pts',(-0.544061936607473,180.,3.78915681518091));
#3289=CARTESIAN_POINT('Ctrl Pts',(-1.03231872471772,180.,3.68619462474436));
#3290=CARTESIAN_POINT('Ctrl Pts',(-1.94188283103247,180.,3.29890949124682));
#3291=CARTESIAN_POINT('Ctrl Pts',(-2.35449422062985,180.,3.01828920514878));
#3292=CARTESIAN_POINT('Ctrl Pts',(-3.04892635695387,180.,2.31468374314269));
#3293=CARTESIAN_POINT('Ctrl Pts',(-3.32410795396249,180.,1.89842541894602));
#3294=CARTESIAN_POINT('Ctrl Pts',(-3.69942391178549,180.,0.98385744994221));
#3295=CARTESIAN_POINT('Ctrl Pts',(-3.79597004748008,180.,0.494291573396803));
#3296=CARTESIAN_POINT('Ctrl Pts',(-3.79597004748008,180.,2.77555756156289E-16));
#3297=CARTESIAN_POINT('',(-0.00248054048732294,180.,0.));
#3298=CARTESIAN_POINT('Ctrl Pts',(10.0000001490116,70.0000010430813,0.));
#3299=CARTESIAN_POINT('Ctrl Pts',(10.0000001490116,70.0000010430813,10.0000001490116));
#3300=CARTESIAN_POINT('Ctrl Pts',(8.62816627942451E-32,70.0000010430813,
10.0000001490116));
#3301=CARTESIAN_POINT('Ctrl Pts',(-10.0000001490116,70.0000010430813,10.0000001490116));
#3302=CARTESIAN_POINT('Ctrl Pts',(-10.0000001490116,70.0000010430813,0.));
#3303=CARTESIAN_POINT('Ctrl Pts',(9.60000014305182,79.8601901592875,0.));
#3304=CARTESIAN_POINT('Ctrl Pts',(9.60000014305182,79.8601901592875,9.60000014305182));
#3305=CARTESIAN_POINT('Ctrl Pts',(9.84352842190276E-32,79.8601901592875,
9.60000014305182));
#3306=CARTESIAN_POINT('Ctrl Pts',(-9.60000014305182,79.8601901592875,9.60000014305182));
#3307=CARTESIAN_POINT('Ctrl Pts',(-9.60000014305182,79.8601901592875,0.));
#3308=CARTESIAN_POINT('Ctrl Pts',(8.80000013113205,98.7194827748783,0.));
#3309=CARTESIAN_POINT('Ctrl Pts',(8.80000013113205,98.7194827748783,8.80000013113205));
#3310=CARTESIAN_POINT('Ctrl Pts',(1.21681157101157E-31,98.7194827748783,
8.80000013113205));
#3311=CARTESIAN_POINT('Ctrl Pts',(-8.80000013113205,98.7194827748783,8.80000013113205));
#3312=CARTESIAN_POINT('Ctrl Pts',(-8.80000013113205,98.7194827748783,0.));
#3313=CARTESIAN_POINT('Ctrl Pts',(7.60000011325181,124.42524401447,0.));
#3314=CARTESIAN_POINT('Ctrl Pts',(7.60000011325181,124.42524401447,7.60000011325181));
#3315=CARTESIAN_POINT('Ctrl Pts',(1.533659541025E-31,124.42524401447,7.60000011325181));
#3316=CARTESIAN_POINT('Ctrl Pts',(-7.60000011325181,124.42524401447,7.60000011325181));
#3317=CARTESIAN_POINT('Ctrl Pts',(-7.60000011325181,124.42524401447,0.));
#3318=CARTESIAN_POINT('Ctrl Pts',(6.0000000894104,153.447556282404,0.));
#3319=CARTESIAN_POINT('Ctrl Pts',(6.0000000894104,153.447556282404,6.0000000894104));
#3320=CARTESIAN_POINT('Ctrl Pts',(1.89138715863889E-31,153.447556282404,
6.0000000894104));
#3321=CARTESIAN_POINT('Ctrl Pts',(-6.0000000894104,153.447556282404,6.0000000894104));
#3322=CARTESIAN_POINT('Ctrl Pts',(-6.0000000894104,153.447556282404,0.));
#3323=CARTESIAN_POINT('Ctrl Pts',(4.00000005960733,180.377980785939,0.));
#3324=CARTESIAN_POINT('Ctrl Pts',(4.00000005960733,180.377980785939,4.00000005960733));
#3325=CARTESIAN_POINT('Ctrl Pts',(2.22333026882397E-31,180.377980785939,
4.00000005960733));
#3326=CARTESIAN_POINT('Ctrl Pts',(-4.00000005960733,180.377980785939,4.00000005960733));
#3327=CARTESIAN_POINT('Ctrl Pts',(-4.00000005960733,180.377980785939,0.));
#3328=CARTESIAN_POINT('Ctrl Pts',(2.40000003576436,193.776048425409,0.));
#3329=CARTESIAN_POINT('Ctrl Pts',(2.40000003576436,193.776048425409,2.40000003576436));
#3330=CARTESIAN_POINT('Ctrl Pts',(2.38847420267217E-31,193.776048425409,
2.40000003576436));
#3331=CARTESIAN_POINT('Ctrl Pts',(-2.40000003576436,193.776048425409,2.40000003576436));
#3332=CARTESIAN_POINT('Ctrl Pts',(-2.40000003576436,193.776048425409,0.));
#3333=CARTESIAN_POINT('Ctrl Pts',(1.20000001788213,198.868372440998,0.));
#3334=CARTESIAN_POINT('Ctrl Pts',(1.20000001788213,198.868372440998,1.20000001788213));
#3335=CARTESIAN_POINT('Ctrl Pts',(2.45124194224429E-31,198.868372440998,
1.20000001788213));
#3336=CARTESIAN_POINT('Ctrl Pts',(-1.20000001788213,198.868372440998,1.20000001788213));
#3337=CARTESIAN_POINT('Ctrl Pts',(-1.20000001788213,198.868372440998,0.));
#3338=CARTESIAN_POINT('Ctrl Pts',(0.400000005960697,200.000000000007,0.));
#3339=CARTESIAN_POINT('Ctrl Pts',(0.400000005960697,200.000000000007,0.400000005960697));
#3340=CARTESIAN_POINT('Ctrl Pts',(2.46519032881575E-31,200.000000000007,
0.400000005960697));
#3341=CARTESIAN_POINT('Ctrl Pts',(-0.400000005960697,200.000000000007,0.400000005960697));
#3342=CARTESIAN_POINT('Ctrl Pts',(-0.400000005960697,200.000000000007,0.));
#3343=CARTESIAN_POINT('Ctrl Pts',(1.38777878078145E-16,200.,0.));
#3344=CARTESIAN_POINT('Ctrl Pts',(1.38777878078145E-16,200.,1.38777878078144E-16));
#3345=CARTESIAN_POINT('Ctrl Pts',(2.46519032881566E-31,200.,1.38777878078144E-16));
#3346=CARTESIAN_POINT('Ctrl Pts',(-1.38777878078144E-16,200.,1.38777878078144E-16));
#3347=CARTESIAN_POINT('Ctrl Pts',(-1.38777878078144E-16,200.,0.));
#3348=CARTESIAN_POINT('',(-10.0000001490116,70.0000010430813,1.22464681739601E-15));
#3349=CARTESIAN_POINT('Ctrl Pts',(-10.0000001490116,70.0000010430813,1.22464681739601E-15));
#3350=CARTESIAN_POINT('Ctrl Pts',(-9.60000014305182,79.8601901592875,1.17566094470025E-15));
#3351=CARTESIAN_POINT('Ctrl Pts',(-8.80000013113205,98.7194827748783,1.07768919930872E-15));
#3352=CARTESIAN_POINT('Ctrl Pts',(-7.60000011325181,124.42524401447,9.30731581221336E-16));
#3353=CARTESIAN_POINT('Ctrl Pts',(-6.35919409294537,146.932156044888,7.7877666910823E-16));
#3354=CARTESIAN_POINT('Ctrl Pts',(-5.11838807263829,164.941769937981,6.26821756995048E-16));
#3355=CARTESIAN_POINT('Ctrl Pts',(-4.27758205829159,174.95121970877,5.23852717577695E-16));
#3356=CARTESIAN_POINT('Ctrl Pts',(-3.8367760499055,179.577116971242,4.698695508562E-16));
#3357=CARTESIAN_POINT('Ctrl Pts',(-3.79597004748008,180.,4.64872256830571E-16));
#3358=CARTESIAN_POINT('',(-2.00000002980232,70.0000010430813,9.79795896504934));
#3359=CARTESIAN_POINT('Origin',(1.72254636714872E-15,70.0000010430813,-2.22044604925031E-15));
#3360=CARTESIAN_POINT('',(-2.00000002980232,75.0000010430813,9.5889828093626));
#3361=CARTESIAN_POINT('Ctrl Pts',(-2.00000002980232,70.0000010430813,9.79795911713368));
#3362=CARTESIAN_POINT('Ctrl Pts',(-2.00000002980232,71.6664237127212,9.72896305547712));
#3363=CARTESIAN_POINT('Ctrl Pts',(-2.00000002980232,73.3335084630542,9.65929943604207));
#3364=CARTESIAN_POINT('Ctrl Pts',(-2.00000002980232,75.0000010430813,9.5889828093626));
#3365=CARTESIAN_POINT('',(1.00000002980232,75.0000010430813,9.74415678126415));
#3366=CARTESIAN_POINT('Ctrl Pts',(-2.00000002980232,75.0000010430813,9.5889828093626));
#3367=CARTESIAN_POINT('Ctrl Pts',(-1.5095142871162,75.0000010430813,9.6912847447704));
#3368=CARTESIAN_POINT('Ctrl Pts',(-1.01165238418149,75.0000010430813,9.75585454333262));
#3369=CARTESIAN_POINT('Ctrl Pts',(-0.00672062790282585,75.0000010430813,
9.8083293771127));
#3370=CARTESIAN_POINT('Ctrl Pts',(0.498379036521574,75.0000010430813,9.79563594149223));
#3371=CARTESIAN_POINT('Ctrl Pts',(1.00000002980232,75.0000010430813,9.74415678126415));
#3372=CARTESIAN_POINT('',(1.00000002980232,70.0000010430813,9.94987436807095));
#3373=CARTESIAN_POINT('Ctrl Pts',(1.00000002980232,75.0000010430813,9.74415678126415));
#3374=CARTESIAN_POINT('Ctrl Pts',(1.00000002980232,73.33349626241,9.81335413471791));
#3375=CARTESIAN_POINT('Ctrl Pts',(1.00000002980232,71.6664413825832,9.88193117258742));
#3376=CARTESIAN_POINT('Ctrl Pts',(1.00000002980232,70.0000010430813,9.94987451783326));
#3377=CARTESIAN_POINT('',(10.0000001490116,70.0000010430813,0.));
#3378=CARTESIAN_POINT('Origin',(1.72254636714872E-15,70.0000010430813,-2.22044604925031E-15));
#3379=CARTESIAN_POINT('Ctrl Pts',(3.79597004748008,180.,0.));
#3380=CARTESIAN_POINT('Ctrl Pts',(3.8367760499055,179.577116971242,0.));
#3381=CARTESIAN_POINT('Ctrl Pts',(4.27758205829159,174.95121970877,0.));
#3382=CARTESIAN_POINT('Ctrl Pts',(5.11838807263829,164.941769937981,0.));
#3383=CARTESIAN_POINT('Ctrl Pts',(6.35919409294537,146.932156044888,0.));
#3384=CARTESIAN_POINT('Ctrl Pts',(7.60000011325181,124.42524401447,0.));
#3385=CARTESIAN_POINT('Ctrl Pts',(8.80000013113205,98.7194827748783,0.));
#3386=CARTESIAN_POINT('Ctrl Pts',(9.60000014305182,79.8601901592875,0.));
#3387=CARTESIAN_POINT('Ctrl Pts',(10.0000001490116,70.0000010430813,0.));
#3388=CARTESIAN_POINT('Origin',(4.99503891902535,134.995039366061,0.));
#3389=CARTESIAN_POINT('',(-7.99835465741472,70.0000010430813,9.79515942964826E-16));
#3390=CARTESIAN_POINT('Ctrl Pts',(-2.37535617002782,173.483808556537,2.90897233045949E-16));
#3391=CARTESIAN_POINT('Ctrl Pts',(-2.93130721732786,166.915207774437,3.5898160010181E-16));
#3392=CARTESIAN_POINT('Ctrl Pts',(-3.48825922483334,159.168695794361,4.27188549428837E-16));
#3393=CARTESIAN_POINT('Ctrl Pts',(-4.04531865591869,150.328558390469,4.9540865435019E-16));
#3394=CARTESIAN_POINT('Ctrl Pts',(-5.17616149902331,132.382885886953,6.33896961164866E-16));
#3395=CARTESIAN_POINT('Ctrl Pts',(-6.30788067442786,109.960340242439,7.72492587734153E-16));
#3396=CARTESIAN_POINT('Ctrl Pts',(-7.43966509057448,83.431828606914,9.11096203990034E-16));
#3397=CARTESIAN_POINT('Ctrl Pts',(-7.62589039403709,79.066792245522,9.33902226170607E-16));
#3398=CARTESIAN_POINT('Ctrl Pts',(-7.81212056604943,74.5894403457955,9.56708844576564E-16));
#3399=CARTESIAN_POINT('Ctrl Pts',(-7.99835465741472,70.0000010430813,9.79515942964826E-16));
#3400=CARTESIAN_POINT('',(0.,70.0000010430813,0.));
#3401=CARTESIAN_POINT('Origin',(1.00000002980232,75.0000010430813,8.94427190666716));
#3402=CARTESIAN_POINT('',(1.00000002980232,75.0000010430813,8.94427190666716));
#3403=CARTESIAN_POINT('',(1.00000002980232,75.0000010430813,10.2437410176638));
#3404=CARTESIAN_POINT('',(1.00000002980232,70.0000010430813,8.94427190666716));
#3405=CARTESIAN_POINT('',(1.00000002980232,75.0000010430813,8.94427190666716));
#3406=CARTESIAN_POINT('',(1.00000002980232,70.0000010430813,4.47213595333358));
#3407=CARTESIAN_POINT('Origin',(0.,75.0000010430813,0.));
#3408=CARTESIAN_POINT('',(-2.00000002980232,75.0000010430813,8.77496438059954));
#3409=CARTESIAN_POINT('Origin',(0.,75.0000010430813,0.));
#3410=CARTESIAN_POINT('',(-2.00000002980232,70.0000010430813,8.77496438059954));
#3411=CARTESIAN_POINT('',(-2.00000002980232,75.0000010430813,8.77496438059954));
#3412=CARTESIAN_POINT('Origin',(0.,70.0000010430813,0.));
#3413=CARTESIAN_POINT('Origin',(-2.00000002980232,75.0000010430813,9.79795896504934));
#3414=CARTESIAN_POINT('',(-2.00000002980232,70.0000010430813,4.89897948252467));
#3415=CARTESIAN_POINT('',(-2.00000002980233,75.0000010430813,11.0000001639128));
#3416=CARTESIAN_POINT('Origin',(-1.91790633869008E-15,75.0000010430813,
9.88748227225616));
#3417=CARTESIAN_POINT('Origin',(7.99835465741472,70.0000010430813,0.));
#3418=CARTESIAN_POINT('',(7.99835465741472,70.0000010430813,0.));
#3419=CARTESIAN_POINT('Origin',(1.16794207978639E-15,70.0000010430813,-1.11022302462516E-15));
#3420=CARTESIAN_POINT('',(0.,70.0000010430813,0.));
#3421=CARTESIAN_POINT('Ctrl Pts',(6.51950715635508E-12,194.196504167553,
0.));
#3422=CARTESIAN_POINT('Ctrl Pts',(6.51950715635507E-12,194.196504167553,
6.51950715635507E-12));
#3423=CARTESIAN_POINT('Ctrl Pts',(2.39365671981831E-31,194.196504167553,
6.51950715635508E-12));
#3424=CARTESIAN_POINT('Ctrl Pts',(-6.51950715635507E-12,194.196504167553,
6.51950715635507E-12));
#3425=CARTESIAN_POINT('Ctrl Pts',(-6.51950715635508E-12,194.196504167553,
0.));
#3426=CARTESIAN_POINT('Ctrl Pts',(0.176587345921227,193.224324417498,0.));
#3427=CARTESIAN_POINT('Ctrl Pts',(0.176587345921227,193.224324417498,0.176587345921227));
#3428=CARTESIAN_POINT('Ctrl Pts',(2.38167367922979E-31,193.224324417498,
0.176587345921227));
#3429=CARTESIAN_POINT('Ctrl Pts',(-0.176587345921227,193.224324417498,0.176587345921227));
#3430=CARTESIAN_POINT('Ctrl Pts',(-0.176587345921227,193.224324417498,0.));
#3431=CARTESIAN_POINT('Ctrl Pts',(0.354570979773153,192.112171417589,0.));
#3432=CARTESIAN_POINT('Ctrl Pts',(0.354570979773153,192.112171417589,0.354570979773153));
#3433=CARTESIAN_POINT('Ctrl Pts',(2.36796533513209E-31,192.112171417589,
0.354570979773153));
#3434=CARTESIAN_POINT('Ctrl Pts',(-0.354570979773153,192.112171417589,0.354570979773153));
#3435=CARTESIAN_POINT('Ctrl Pts',(-0.354570979773153,192.112171417589,0.));
#3436=CARTESIAN_POINT('Ctrl Pts',(0.533694261570582,190.860388659376,0.));
#3437=CARTESIAN_POINT('Ctrl Pts',(0.533694261570582,190.860388659376,0.533694261570582));
#3438=CARTESIAN_POINT('Ctrl Pts',(2.35253592138545E-31,190.860388659376,
0.533694261570582));
#3439=CARTESIAN_POINT('Ctrl Pts',(-0.533694261570582,190.860388659376,0.533694261570582));
#3440=CARTESIAN_POINT('Ctrl Pts',(-0.533694261570582,190.860388659376,0.));
#3441=CARTESIAN_POINT('Ctrl Pts',(1.69163203504763,182.768271736451,0.));
#3442=CARTESIAN_POINT('Ctrl Pts',(1.69163203504763,182.768271736451,1.69163203504763));
#3443=CARTESIAN_POINT('Ctrl Pts',(2.25279287949526E-31,182.768271736451,
1.69163203504763));
#3444=CARTESIAN_POINT('Ctrl Pts',(-1.69163203504763,182.768271736451,1.69163203504763));
#3445=CARTESIAN_POINT('Ctrl Pts',(-1.69163203504763,182.768271736451,0.));
#3446=CARTESIAN_POINT('Ctrl Pts',(2.87074540983369,168.968201320661,0.));
#3447=CARTESIAN_POINT('Ctrl Pts',(2.87074540983369,168.968201320661,2.87074540983369));
#3448=CARTESIAN_POINT('Ctrl Pts',(2.08269387886536E-31,168.968201320661,
2.87074540983369));
#3449=CARTESIAN_POINT('Ctrl Pts',(-2.87074540983369,168.968201320661,2.87074540983369));
#3450=CARTESIAN_POINT('Ctrl Pts',(-2.87074540983369,168.968201320661,0.));
#3451=CARTESIAN_POINT('Ctrl Pts',(4.04531865591869,150.328558390469,0.));
#3452=CARTESIAN_POINT('Ctrl Pts',(4.04531865591869,150.328558390469,4.04531865591869));
#3453=CARTESIAN_POINT('Ctrl Pts',(1.85294254144492E-31,150.328558390469,
4.04531865591869));
#3454=CARTESIAN_POINT('Ctrl Pts',(-4.04531865591869,150.328558390469,4.04531865591869));
#3455=CARTESIAN_POINT('Ctrl Pts',(-4.04531865591869,150.328558390469,0.));
#3456=CARTESIAN_POINT('Ctrl Pts',(5.17616149902331,132.382885886953,0.));
#3457=CARTESIAN_POINT('Ctrl Pts',(5.1761614990233,132.382885886953,5.1761614990233));
#3458=CARTESIAN_POINT('Ctrl Pts',(1.63174504994612E-31,132.382885886953,
5.17616149902331));
#3459=CARTESIAN_POINT('Ctrl Pts',(-5.1761614990233,132.382885886953,5.1761614990233));
#3460=CARTESIAN_POINT('Ctrl Pts',(-5.17616149902331,132.382885886953,0.));
#3461=CARTESIAN_POINT('Ctrl Pts',(6.30788067442786,109.960340242439,0.));
#3462=CARTESIAN_POINT('Ctrl Pts',(6.30788067442786,109.960340242439,6.30788067442786));
#3463=CARTESIAN_POINT('Ctrl Pts',(1.3553658365947E-31,109.960340242439,
6.30788067442786));
#3464=CARTESIAN_POINT('Ctrl Pts',(-6.30788067442786,109.960340242439,6.30788067442786));
#3465=CARTESIAN_POINT('Ctrl Pts',(-6.30788067442786,109.960340242439,0.));
#3466=CARTESIAN_POINT('Ctrl Pts',(7.43966509057448,83.431828606914,0.));
#3467=CARTESIAN_POINT('Ctrl Pts',(7.43966509057448,83.431828606914,7.43966509057448));
#3468=CARTESIAN_POINT('Ctrl Pts',(1.02837668498585E-31,83.431828606914,
7.43966509057448));
#3469=CARTESIAN_POINT('Ctrl Pts',(-7.43966509057448,83.431828606914,7.43966509057448));
#3470=CARTESIAN_POINT('Ctrl Pts',(-7.43966509057448,83.431828606914,0.));
#3471=CARTESIAN_POINT('Ctrl Pts',(7.62589039403709,79.066792245522,0.));
#3472=CARTESIAN_POINT('Ctrl Pts',(7.62589039403708,79.066792245522,7.62589039403708));
#3473=CARTESIAN_POINT('Ctrl Pts',(9.7457345787069E-32,79.066792245522,7.62589039403709));
#3474=CARTESIAN_POINT('Ctrl Pts',(-7.62589039403708,79.066792245522,7.62589039403708));
#3475=CARTESIAN_POINT('Ctrl Pts',(-7.62589039403709,79.066792245522,0.));
#3476=CARTESIAN_POINT('Ctrl Pts',(7.81212056604943,74.5894403457955,0.));
#3477=CARTESIAN_POINT('Ctrl Pts',(7.81212056604942,74.5894403457955,7.81212056604942));
#3478=CARTESIAN_POINT('Ctrl Pts',(9.1938583486114E-32,74.5894403457955,
7.81212056604943));
#3479=CARTESIAN_POINT('Ctrl Pts',(-7.81212056604942,74.5894403457955,7.81212056604942));
#3480=CARTESIAN_POINT('Ctrl Pts',(-7.81212056604943,74.5894403457955,0.));
#3481=CARTESIAN_POINT('Ctrl Pts',(7.99835465741472,70.0000010430813,0.));
#3482=CARTESIAN_POINT('Ctrl Pts',(7.99835465741471,70.0000010430813,7.99835465741471));
#3483=CARTESIAN_POINT('Ctrl Pts',(8.62816627942451E-32,70.0000010430813,
7.99835465741472));
#3484=CARTESIAN_POINT('Ctrl Pts',(-7.99835465741471,70.0000010430813,7.99835465741471));
#3485=CARTESIAN_POINT('Ctrl Pts',(-7.99835465741472,70.0000010430813,0.));
#3486=CARTESIAN_POINT('Ctrl Pts',(2.37535617002782,173.483808556537,0.));
#3487=CARTESIAN_POINT('Ctrl Pts',(2.93127719753315,166.915562460425,0.));
#3488=CARTESIAN_POINT('Ctrl Pts',(3.48830597564562,159.167953892184,0.));
#3489=CARTESIAN_POINT('Ctrl Pts',(4.04531865591869,150.328558390469,0.));
#3490=CARTESIAN_POINT('Ctrl Pts',(5.17616149902331,132.382885886953,0.));
#3491=CARTESIAN_POINT('Ctrl Pts',(6.30788067442786,109.960340242439,0.));
#3492=CARTESIAN_POINT('Ctrl Pts',(7.43966509057448,83.431828606914,0.));
#3493=CARTESIAN_POINT('Ctrl Pts',(7.62589039403709,79.066792245522,0.));
#3494=CARTESIAN_POINT('Ctrl Pts',(7.81212056604943,74.5894403457955,0.));
#3495=CARTESIAN_POINT('Ctrl Pts',(7.99835465741472,70.0000010430813,0.));
#3496=CARTESIAN_POINT('Origin',(4.99503891902535,134.995039366061,0.));
#3497=CARTESIAN_POINT('Ctrl Pts',(-6.99753155691661,70.0000010430813,1.04014667542432E-15));
#3498=CARTESIAN_POINT('Ctrl Pts',(-6.99753155691661,70.0000010430813,-6.9975315569166));
#3499=CARTESIAN_POINT('Ctrl Pts',(-8.56950462311052E-16,70.0000010430813,
-6.99753155691661));
#3500=CARTESIAN_POINT('Ctrl Pts',(6.9975315569166,70.0000010430813,-6.99753155691661));
#3501=CARTESIAN_POINT('Ctrl Pts',(6.99753155691661,70.0000010430813,-6.73754249197782E-16));
#3502=CARTESIAN_POINT('Ctrl Pts',(-6.28519605194242,87.551838300051,9.52910735815757E-16));
#3503=CARTESIAN_POINT('Ctrl Pts',(-6.28519605194242,87.551838300051,-6.28519605194242));
#3504=CARTESIAN_POINT('Ctrl Pts',(-7.69714522702487E-16,87.551838300051,
-6.28519605194242));
#3505=CARTESIAN_POINT('Ctrl Pts',(6.28519605194242,87.551838300051,-6.28519605194242));
#3506=CARTESIAN_POINT('Ctrl Pts',(6.28519605194242,87.551838300051,-5.86518309589217E-16));
#3507=CARTESIAN_POINT('Ctrl Pts',(-5.57293751563255,103.469816404019,8.65684222150031E-16));
#3508=CARTESIAN_POINT('Ctrl Pts',(-5.57293751563255,103.469816404019,-5.57293751563255));
#3509=CARTESIAN_POINT('Ctrl Pts',(-6.82488009036761E-16,103.469816404019,
-5.57293751563255));
#3510=CARTESIAN_POINT('Ctrl Pts',(5.57293751563255,103.469816404019,-5.57293751563255));
#3511=CARTESIAN_POINT('Ctrl Pts',(5.57293751563255,103.469816404019,-4.99291795923491E-16));
#3512=CARTESIAN_POINT('Ctrl Pts',(-4.86088578470408,117.707319550365,7.78483034839142E-16));
#3513=CARTESIAN_POINT('Ctrl Pts',(-4.86088578470408,117.707319550365,-4.86088578470408));
#3514=CARTESIAN_POINT('Ctrl Pts',(-5.95286821725873E-16,117.707319550365,
-4.86088578470408));
#3515=CARTESIAN_POINT('Ctrl Pts',(4.86088578470408,117.707319550365,-4.86088578470408));
#3516=CARTESIAN_POINT('Ctrl Pts',(4.86088578470408,117.707319550365,-4.12090608612602E-16));
#3517=CARTESIAN_POINT('Ctrl Pts',(-3.70426905933463,140.833917733186,6.36838337782743E-16));
#3518=CARTESIAN_POINT('Ctrl Pts',(-3.70426905933463,140.833917733186,-3.70426905933463));
#3519=CARTESIAN_POINT('Ctrl Pts',(-4.53642124669473E-16,140.833917733186,
-3.70426905933463));
#3520=CARTESIAN_POINT('Ctrl Pts',(3.70426905933463,140.833917733186,-3.70426905933463));
#3521=CARTESIAN_POINT('Ctrl Pts',(3.70426905933463,140.833917733186,-2.70445911556203E-16));
#3522=CARTESIAN_POINT('Ctrl Pts',(-2.54744214699569,159.546201811898,4.95167900246403E-16));
#3523=CARTESIAN_POINT('Ctrl Pts',(-2.54744214699569,159.546201811898,-2.54744214699568));
#3524=CARTESIAN_POINT('Ctrl Pts',(-3.11971687133133E-16,159.546201811898,
-2.54744214699569));
#3525=CARTESIAN_POINT('Ctrl Pts',(2.54744214699568,159.546201811898,-2.54744214699569));
#3526=CARTESIAN_POINT('Ctrl Pts',(2.54744214699569,159.546201811898,-1.28775474019863E-16));
#3527=CARTESIAN_POINT('Ctrl Pts',(-1.3950345335954,173.208737008271,3.54038670740033E-16));
#3528=CARTESIAN_POINT('Ctrl Pts',(-1.3950345335954,173.208737008271,-1.3950345335954));
#3529=CARTESIAN_POINT('Ctrl Pts',(-1.70842457626763E-16,173.208737008271,
-1.3950345335954));
#3530=CARTESIAN_POINT('Ctrl Pts',(1.3950345335954,173.208737008271,-1.3950345335954));
#3531=CARTESIAN_POINT('Ctrl Pts',(1.3950345335954,173.208737008271,1.23537554865071E-17));
#3532=CARTESIAN_POINT('Ctrl Pts',(-0.92835187563347,178.741560781561,2.96886528410967E-16));
#3533=CARTESIAN_POINT('Ctrl Pts',(-0.92835187563347,178.741560781561,-0.92835187563347));
#3534=CARTESIAN_POINT('Ctrl Pts',(-1.13690315297697E-16,178.741560781561,
-0.92835187563347));
#3535=CARTESIAN_POINT('Ctrl Pts',(0.92835187563347,178.741560781561,-0.92835187563347));
#3536=CARTESIAN_POINT('Ctrl Pts',(0.92835187563347,178.741560781561,6.95058978155729E-17));
#3537=CARTESIAN_POINT('Ctrl Pts',(-0.462134488832055,183.442890871768,2.39791365365647E-16));
#3538=CARTESIAN_POINT('Ctrl Pts',(-0.462134488832055,183.442890871768,-0.462134488832055));
#3539=CARTESIAN_POINT('Ctrl Pts',(-5.65951522523777E-17,183.442890871768,
-0.462134488832055));
#3540=CARTESIAN_POINT('Ctrl Pts',(0.462134488832055,183.442890871768,-0.462134488832055));
#3541=CARTESIAN_POINT('Ctrl Pts',(0.462134488832055,183.442890871768,1.26601060860893E-16));
#3542=CARTESIAN_POINT('Ctrl Pts',(-6.30051566474776E-12,187.246117177731,
1.83196213114042E-16));
#3543=CARTESIAN_POINT('Ctrl Pts',(-6.30051566474776E-12,187.246117177731,
-6.30033246853465E-12));
#3544=CARTESIAN_POINT('Ctrl Pts',(-7.71810215306898E-28,187.246117177731,
-6.30033246853465E-12));
#3545=CARTESIAN_POINT('Ctrl Pts',(6.30051566474776E-12,187.246117177731,
-6.30033246853465E-12));
#3546=CARTESIAN_POINT('Ctrl Pts',(6.30051566474776E-12,187.246117177731,
1.83196213112498E-16));
#3547=CARTESIAN_POINT('',(-1.4959106024759,172.,1.8319621311327E-16));
#3548=CARTESIAN_POINT('',(1.4959106024759,172.,0.));
#3549=CARTESIAN_POINT('Ctrl Pts',(-1.4959106024759,172.,3.81639164714898E-16));
#3550=CARTESIAN_POINT('Ctrl Pts',(-1.4959106024759,172.,-0.103725929974975));
#3551=CARTESIAN_POINT('Ctrl Pts',(-1.48512212166893,172.,-0.207171143933153));
#3552=CARTESIAN_POINT('Ctrl Pts',(-1.44231667779283,172.,-0.410158749887959));
#3553=CARTESIAN_POINT('Ctrl Pts',(-1.41041556014157,172.,-0.509151791570577));
#3554=CARTESIAN_POINT('Ctrl Pts',(-1.28987561635974,172.,-0.782248340599774));
#3555=CARTESIAN_POINT('Ctrl Pts',(-1.17716493688919,172.,-0.943384483341325));
#3556=CARTESIAN_POINT('Ctrl Pts',(-0.896321812068072,172.,-1.21338319638172));
#3557=CARTESIAN_POINT('Ctrl Pts',(-0.730874380062119,172.,-1.31966443182323));
#3558=CARTESIAN_POINT('Ctrl Pts',(-0.368552856542513,172.,-1.46282615644678));
#3559=CARTESIAN_POINT('Ctrl Pts',(-0.175142756274194,172.,-1.49833794151226));
#3560=CARTESIAN_POINT('Ctrl Pts',(0.214403172099572,172.,-1.49322565335724));
#3561=CARTESIAN_POINT('Ctrl Pts',(0.406814728810831,172.,-1.45265045639792));
#3562=CARTESIAN_POINT('Ctrl Pts',(0.765254488147442,172.,-1.30002966905402));
#3563=CARTESIAN_POINT('Ctrl Pts',(0.927855811308774,172.,-1.18944321658121));
#3564=CARTESIAN_POINT('Ctrl Pts',(1.2015166627996,172.,-0.912167353650311));
#3565=CARTESIAN_POINT('Ctrl Pts',(1.30995984423216,172.,-0.74812885156887));
#3566=CARTESIAN_POINT('Ctrl Pts',(1.45786383545531,172.,-0.387717176975743));
#3567=CARTESIAN_POINT('Ctrl Pts',(1.4959106024759,172.,-0.194789736512707));
#3568=CARTESIAN_POINT('Ctrl Pts',(1.4959106024759,172.,-1.73472347597681E-16));
#3569=CARTESIAN_POINT('',(6.99753155691661,70.0000010430813,0.));
#3570=CARTESIAN_POINT('Ctrl Pts',(1.49591060248098,171.999999999938,0.));
#3571=CARTESIAN_POINT('Ctrl Pts',(2.61487326718796,158.450528117813,0.));
#3572=CARTESIAN_POINT('Ctrl Pts',(3.73801224203585,140.159221430924,0.));
#3573=CARTESIAN_POINT('Ctrl Pts',(4.86088578470408,117.707319550365,0.));
#3574=CARTESIAN_POINT('Ctrl Pts',(5.57293751563255,103.469816404019,0.));
#3575=CARTESIAN_POINT('Ctrl Pts',(6.28519605194242,87.551838300051,0.));
#3576=CARTESIAN_POINT('Ctrl Pts',(6.99753155691661,70.0000010430813,0.));
#3577=CARTESIAN_POINT('',(-6.99753155691661,70.0000010430813,8.56950462311052E-16));
#3578=CARTESIAN_POINT('Origin',(-4.28475231155526E-16,70.0000010430813,
-2.03724983613704E-15));
#3579=CARTESIAN_POINT('Ctrl Pts',(-6.99753155691661,70.0000010430813,8.56950462311052E-16));
#3580=CARTESIAN_POINT('Ctrl Pts',(-6.28519605194242,87.551838300051,7.69714522702487E-16));
#3581=CARTESIAN_POINT('Ctrl Pts',(-5.57293751563255,103.469816404019,6.82488009036761E-16));
#3582=CARTESIAN_POINT('Ctrl Pts',(-4.86088578470408,117.707319550365,5.95286821725872E-16));
#3583=CARTESIAN_POINT('Ctrl Pts',(-3.73801224203585,140.159221430924,4.57774472738283E-16));
#3584=CARTESIAN_POINT('Ctrl Pts',(-2.61487326718796,158.450528117813,3.20229617683772E-16));
#3585=CARTESIAN_POINT('Ctrl Pts',(-1.49591060248098,171.999999999938,1.83196213113892E-16));
#3586=CARTESIAN_POINT('Origin',(0.,172.,0.));
#3587=CARTESIAN_POINT('Ctrl Pts',(1.4959106024759,172.,-1.73472347597681E-17));
#3588=CARTESIAN_POINT('Ctrl Pts',(1.4959106024759,172.,0.103725929974975));
#3589=CARTESIAN_POINT('Ctrl Pts',(1.48512212166893,172.,0.207171143933153));
#3590=CARTESIAN_POINT('Ctrl Pts',(1.44231667779283,172.,0.410158749887959));
#3591=CARTESIAN_POINT('Ctrl Pts',(1.41041556014157,172.,0.509151791570577));
#3592=CARTESIAN_POINT('Ctrl Pts',(1.28987561635974,172.,0.782248340599774));
#3593=CARTESIAN_POINT('Ctrl Pts',(1.17716493688919,172.,0.943384483341325));
#3594=CARTESIAN_POINT('Ctrl Pts',(0.896321812068071,172.,1.21338319638172));
#3595=CARTESIAN_POINT('Ctrl Pts',(0.730874380062119,172.,1.31966443182323));
#3596=CARTESIAN_POINT('Ctrl Pts',(0.368552856542512,172.,1.46282615644678));
#3597=CARTESIAN_POINT('Ctrl Pts',(0.175142756274193,172.,1.49833794151226));
#3598=CARTESIAN_POINT('Ctrl Pts',(-0.214403172099572,172.,1.49322565335724));
#3599=CARTESIAN_POINT('Ctrl Pts',(-0.406814728810831,172.,1.45265045639792));
#3600=CARTESIAN_POINT('Ctrl Pts',(-0.765254488147442,172.,1.30002966905402));
#3601=CARTESIAN_POINT('Ctrl Pts',(-0.927855811308774,172.,1.18944321658121));
#3602=CARTESIAN_POINT('Ctrl Pts',(-1.2015166627996,172.,0.912167353650311));
#3603=CARTESIAN_POINT('Ctrl Pts',(-1.30995984423216,172.,0.74812885156887));
#3604=CARTESIAN_POINT('Ctrl Pts',(-1.45786383545531,172.,0.387717176975743));
#3605=CARTESIAN_POINT('Ctrl Pts',(-1.4959106024759,172.,0.194789736512707));
#3606=CARTESIAN_POINT('Ctrl Pts',(-1.4959106024759,172.,2.08166817117217E-16));
#3607=CARTESIAN_POINT('Ctrl Pts',(6.99753155691661,70.0000010430813,0.));
#3608=CARTESIAN_POINT('Ctrl Pts',(6.99753155691661,70.0000010430813,6.99753155691661));
#3609=CARTESIAN_POINT('Ctrl Pts',(8.62816627942451E-32,70.0000010430813,
6.99753155691661));
#3610=CARTESIAN_POINT('Ctrl Pts',(-6.99753155691661,70.0000010430813,6.99753155691661));
#3611=CARTESIAN_POINT('Ctrl Pts',(-6.99753155691661,70.0000010430813,0.));
#3612=CARTESIAN_POINT('Ctrl Pts',(6.28519605194242,87.551838300051,0.));
#3613=CARTESIAN_POINT('Ctrl Pts',(6.28519605194242,87.551838300051,6.28519605194242));
#3614=CARTESIAN_POINT('Ctrl Pts',(1.07915972523659E-31,87.551838300051,
6.28519605194242));
#3615=CARTESIAN_POINT('Ctrl Pts',(-6.28519605194242,87.551838300051,6.28519605194242));
#3616=CARTESIAN_POINT('Ctrl Pts',(-6.28519605194242,87.551838300051,0.));
#3617=CARTESIAN_POINT('Ctrl Pts',(5.57293751563255,103.469816404019,0.));
#3618=CARTESIAN_POINT('Ctrl Pts',(5.57293751563255,103.469816404019,5.57293751563255));
#3619=CARTESIAN_POINT('Ctrl Pts',(1.2753639536176E-31,103.469816404019,
5.57293751563255));
#3620=CARTESIAN_POINT('Ctrl Pts',(-5.57293751563255,103.469816404019,5.57293751563255));
#3621=CARTESIAN_POINT('Ctrl Pts',(-5.57293751563255,103.469816404019,0.));
#3622=CARTESIAN_POINT('Ctrl Pts',(4.86088578470408,117.707319550365,0.));
#3623=CARTESIAN_POINT('Ctrl Pts',(4.86088578470408,117.707319550365,4.86088578470408));
#3624=CARTESIAN_POINT('Ctrl Pts',(1.45085472893187E-31,117.707319550365,
4.86088578470408));
#3625=CARTESIAN_POINT('Ctrl Pts',(-4.86088578470408,117.707319550365,4.86088578470408));
#3626=CARTESIAN_POINT('Ctrl Pts',(-4.86088578470408,117.707319550365,0.));
#3627=CARTESIAN_POINT('Ctrl Pts',(3.70426905933463,140.833917733186,0.));
#3628=CARTESIAN_POINT('Ctrl Pts',(3.70426905933463,140.833917733186,3.70426905933463));
#3629=CARTESIAN_POINT('Ctrl Pts',(1.73591205982535E-31,140.833917733186,
3.70426905933463));
#3630=CARTESIAN_POINT('Ctrl Pts',(-3.70426905933463,140.833917733186,3.70426905933463));
#3631=CARTESIAN_POINT('Ctrl Pts',(-3.70426905933463,140.833917733186,0.));
#3632=CARTESIAN_POINT('Ctrl Pts',(2.54744214699569,159.546201811898,0.));
#3633=CARTESIAN_POINT('Ctrl Pts',(2.54744214699568,159.546201811898,2.54744214699568));
#3634=CARTESIAN_POINT('Ctrl Pts',(1.96655876852982E-31,159.546201811898,
2.54744214699569));
#3635=CARTESIAN_POINT('Ctrl Pts',(-2.54744214699568,159.546201811898,2.54744214699568));
#3636=CARTESIAN_POINT('Ctrl Pts',(-2.54744214699569,159.546201811898,0.));
#3637=CARTESIAN_POINT('Ctrl Pts',(1.3950345335954,173.208737008271,0.));
#3638=CARTESIAN_POINT('Ctrl Pts',(1.3950345335954,173.208737008271,1.3950345335954));
#3639=CARTESIAN_POINT('Ctrl Pts',(2.13496251669583E-31,173.208737008271,
1.3950345335954));
#3640=CARTESIAN_POINT('Ctrl Pts',(-1.3950345335954,173.208737008271,1.3950345335954));
#3641=CARTESIAN_POINT('Ctrl Pts',(-1.3950345335954,173.208737008271,0.));
#3642=CARTESIAN_POINT('Ctrl Pts',(0.92835187563347,178.741560781561,0.));
#3643=CARTESIAN_POINT('Ctrl Pts',(0.92835187563347,178.741560781561,0.92835187563347));
#3644=CARTESIAN_POINT('Ctrl Pts',(2.20315983498061E-31,178.741560781561,
0.92835187563347));
#3645=CARTESIAN_POINT('Ctrl Pts',(-0.92835187563347,178.741560781561,0.92835187563347));
#3646=CARTESIAN_POINT('Ctrl Pts',(-0.92835187563347,178.741560781561,0.));
#3647=CARTESIAN_POINT('Ctrl Pts',(0.462134488832055,183.442890871768,0.));
#3648=CARTESIAN_POINT('Ctrl Pts',(0.462134488832055,183.442890871768,0.462134488832055));
#3649=CARTESIAN_POINT('Ctrl Pts',(2.26110820233534E-31,183.442890871768,
0.462134488832055));
#3650=CARTESIAN_POINT('Ctrl Pts',(-0.462134488832055,183.442890871768,0.462134488832055));
#3651=CARTESIAN_POINT('Ctrl Pts',(-0.462134488832055,183.442890871768,0.));
#3652=CARTESIAN_POINT('Ctrl Pts',(6.30051566474776E-12,187.246117177731,
0.));
#3653=CARTESIAN_POINT('Ctrl Pts',(6.30051566474776E-12,187.246117177731,
6.30051566474776E-12));
#3654=CARTESIAN_POINT('Ctrl Pts',(2.30798658587414E-31,187.246117177731,
6.30051566474776E-12));
#3655=CARTESIAN_POINT('Ctrl Pts',(-6.30051566474776E-12,187.246117177731,
6.30051566474776E-12));
#3656=CARTESIAN_POINT('Ctrl Pts',(-6.30051566474776E-12,187.246117177731,
0.));
#3657=CARTESIAN_POINT('Origin',(4.28475231155526E-16,70.0000010430813,2.22044604925031E-15));
#3658=CARTESIAN_POINT('Origin',(0.,70.0000010430813,0.));
#3659=UNCERTAINTY_MEASURE_WITH_UNIT(LENGTH_MEASURE(0.01),#3663,
'DISTANCE_ACCURACY_VALUE',
'Maximum model space distance between geometric entities at asserted c
onnectivities');
#3660=UNCERTAINTY_MEASURE_WITH_UNIT(LENGTH_MEASURE(0.01),#3663,
'DISTANCE_ACCURACY_VALUE',
'Maximum model space distance between geometric entities at asserted c
onnectivities');
#3661=(
GEOMETRIC_REPRESENTATION_CONTEXT(3)
GLOBAL_UNCERTAINTY_ASSIGNED_CONTEXT((#3659))
GLOBAL_UNIT_ASSIGNED_CONTEXT((#3663,#3665,#3666))
REPRESENTATION_CONTEXT('','3D')
);
#3662=(
GEOMETRIC_REPRESENTATION_CONTEXT(3)
GLOBAL_UNCERTAINTY_ASSIGNED_CONTEXT((#3660))
GLOBAL_UNIT_ASSIGNED_CONTEXT((#3663,#3665,#3666))
REPRESENTATION_CONTEXT('','3D')
);
#3663=(
LENGTH_UNIT()
NAMED_UNIT(*)
SI_UNIT(.MILLI.,.METRE.)
);
#3664=(
LENGTH_UNIT()
NAMED_UNIT(*)
SI_UNIT($,.METRE.)
);
#3665=(
NAMED_UNIT(*)
PLANE_ANGLE_UNIT()
SI_UNIT($,.RADIAN.)
);
#3666=(
NAMED_UNIT(*)
SI_UNIT($,.STERADIAN.)
SOLID_ANGLE_UNIT()
);
#3667=SHAPE_DEFINITION_REPRESENTATION(#3668,#3669);
#3668=PRODUCT_DEFINITION_SHAPE('',$,#3671);
#3669=SHAPE_REPRESENTATION('',(#1529),#3661);
#3670=PRODUCT_DEFINITION_CONTEXT('part definition',#3675,'design');
#3671=PRODUCT_DEFINITION('\X2\3064304F3070FF3F30ED30B130C330C8\X0\m3',
'\X2\3064304F3070FF3F30ED30B130C330C8\X0\m3 v2',#3672,#3670);
#3672=PRODUCT_DEFINITION_FORMATION('',$,#3677);
#3673=PRODUCT_RELATED_PRODUCT_CATEGORY('\X2\3064304F3070FF3F30ED30B130C330C8\X0\m
3 v2','\X2\3064304F3070FF3F30ED30B130C330C8\X0\m3 v2',(#3677));
#3674=APPLICATION_PROTOCOL_DEFINITION('international standard',
'automotive_design',2009,#3675);
#3675=APPLICATION_CONTEXT(
'Core Data for Automotive Mechanical Design Process');
#3676=PRODUCT_CONTEXT('part definition',#3675,'mechanical');
#3677=PRODUCT('\X2\3064304F3070FF3F30ED30B130C330C8\X0\m3',
'\X2\3064304F3070FF3F30ED30B130C330C8\X0\m3 v2',$,(#3676));
#3678=PRESENTATION_STYLE_ASSIGNMENT((#3679));
#3679=SURFACE_STYLE_USAGE(.BOTH.,#3680);
#3680=SURFACE_SIDE_STYLE('',(#3681));
#3681=SURFACE_STYLE_FILL_AREA(#3682);
#3682=FILL_AREA_STYLE('\X2\92FC\X0\ - \X2\30B530C630F3\X0\',(#3683));
#3683=FILL_AREA_STYLE_COLOUR('\X2\92FC\X0\ - \X2\30B530C630F3\X0\',#3684);
#3684=COLOUR_RGB('\X2\92FC\X0\ - \X2\30B530C630F3\X0\',0.627450980392157,
0.627450980392157,0.627450980392157);
ENDSEC;
END-ISO-10303-21;
