ISO-10303-21;
HEADER;
/* Generated by software containing ST-Developer
 * from STEP Tools, Inc. (www.steptools.com) 
 */

FILE_DESCRIPTION(
/* description */ (''),
/* implementation_level */ '2;1');

FILE_NAME(
/* name */ '',
/* time_stamp */ '2026-09-28T04:48:26+09:00',
/* author */ (''),
/* organization */ (''),
/* preprocessor_version */ 'ST-DEVELOPER v20.2',
/* originating_system */ 'Autodesk Translation Framework v15.15.0.0',
/* authorisation */ '');

FILE_SCHEMA (('AUTOMOTIVE_DESIGN { 1 0 10303 214 3 1 1 }'));
ENDSEC;

DATA;
#10=MECHANICAL_DESIGN_GEOMETRIC_PRESENTATION_REPRESENTATION('',(#52,#53,
#54,#55),#2769);
#11=SHAPE_REPRESENTATION_RELATIONSHIP('SRR','None',#2776,#12);
#12=ADVANCED_BREP_SHAPE_REPRESENTATION('',(#56,#57,#58,#59),#2768);
#13=B_SPLINE_SURFACE_WITH_KNOTS('',3,1,((#2306,#2307),(#2308,#2309),(#2310,
#2311),(#2312,#2313),(#2314,#2315),(#2316,#2317),(#2318,#2319),(#2320,#2321),
(#2322,#2323),(#2324,#2325),(#2326,#2327),(#2328,#2329),(#2330,#2331),(#2332,
#2333),(#2334,#2335),(#2336,#2337),(#2338,#2339),(#2340,#2341),(#2342,#2343),
(#2344,#2345)),.UNSPECIFIED.,.F.,.F.,.F.,(4,2,2,2,2,2,2,2,2,4),(2,2),(-0.830186900776838,
-0.821577140227228,-0.730290791313062,-0.639004442398983,-0.547718093484963,
-0.456431744570962,-0.365145395656937,-0.27385904674285,-0.182572697828673,
-0.0937597138317635),(0.,0.5),.UNSPECIFIED.);
#14=ELLIPSE('',#1246,12.854442315872,10.0000001490116);
#15=ELLIPSE('',#1248,14.1421358344652,10.0000001490116);
#16=ELLIPSE('',#1249,14.1421358344652,10.0000001490116);
#17=ELLIPSE('',#1251,14.1421358344652,10.0000001490116);
#18=(
BOUNDED_CURVE()
B_SPLINE_CURVE(5,(#1909,#1910,#1911,#1912,#1913,#1914,#1915,#1916,#1917),
 .UNSPECIFIED.,.F.,.F.)
B_SPLINE_CURVE_WITH_KNOTS((6,1,1,1,6),(0.0454545454547502,0.1,0.2,0.3,0.329192078280564),
 .UNSPECIFIED.)
CURVE()
GEOMETRIC_REPRESENTATION_ITEM()
RATIONAL_B_SPLINE_CURVE((1.,1.,1.,1.,1.,1.,1.,1.,1.))
REPRESENTATION_ITEM('')
);
#19=(
BOUNDED_CURVE()
B_SPLINE_CURVE(5,(#2047,#2048,#2049,#2050,#2051,#2052,#2053,#2054,#2055),
 .UNSPECIFIED.,.F.,.F.)
B_SPLINE_CURVE_WITH_KNOTS((6,1,1,1,6),(-0.329192078280564,-0.3,-0.2,-0.1,
-0.0454545454547502),.UNSPECIFIED.)
CURVE()
GEOMETRIC_REPRESENTATION_ITEM()
RATIONAL_B_SPLINE_CURVE((1.,1.,1.,1.,1.,1.,1.,1.,1.))
REPRESENTATION_ITEM('')
);
#20=(
BOUNDED_CURVE()
B_SPLINE_CURVE(5,(#2399,#2400,#2401,#2402,#2403,#2404,#2405,#2406,#2407),
 .UNSPECIFIED.,.F.,.F.)
B_SPLINE_CURVE_WITH_KNOTS((6,1,1,1,6),(0.0454545454547502,0.1,0.2,0.3,0.329192078280564),
 .UNSPECIFIED.)
CURVE()
GEOMETRIC_REPRESENTATION_ITEM()
RATIONAL_B_SPLINE_CURVE((1.,1.,1.,1.,1.,1.,1.,1.,1.))
REPRESENTATION_ITEM('')
);
#21=(
BOUNDED_CURVE()
B_SPLINE_CURVE(5,(#2539,#2540,#2541,#2542,#2543,#2544,#2545,#2546,#2547),
 .UNSPECIFIED.,.F.,.F.)
B_SPLINE_CURVE_WITH_KNOTS((6,1,1,1,6),(-0.329192078280564,-0.3,-0.2,-0.1,
-0.0454545454547502),.UNSPECIFIED.)
CURVE()
GEOMETRIC_REPRESENTATION_ITEM()
RATIONAL_B_SPLINE_CURVE((1.,1.,1.,1.,1.,1.,1.,1.,1.))
REPRESENTATION_ITEM('')
);
#22=(
BOUNDED_CURVE()
B_SPLINE_CURVE(5,(#2709,#2710,#2711,#2712,#2713,#2714,#2715),
 .UNSPECIFIED.,.F.,.F.)
B_SPLINE_CURVE_WITH_KNOTS((6,1,6),(-0.5,-0.4,-0.329192078280564),
 .UNSPECIFIED.)
CURVE()
GEOMETRIC_REPRESENTATION_ITEM()
RATIONAL_B_SPLINE_CURVE((1.,1.,1.,1.,1.,1.,1.))
REPRESENTATION_ITEM('')
);
#23=CONICAL_SURFACE('',#1213,2.07981607160254,0.785398163397413);
#24=B_SPLINE_CURVE_WITH_KNOTS('',3,(#1718,#1719,#1720,#1721),
 .UNSPECIFIED.,.F.,.F.,(4,4),(-4.94953729612499,-4.53492779319048),
 .UNSPECIFIED.);
#25=B_SPLINE_CURVE_WITH_KNOTS('',3,(#1725,#1726,#1727,#1728),
 .UNSPECIFIED.,.F.,.F.,(4,4),(-7.44277472649827,-7.379879044223),
 .UNSPECIFIED.);
#26=B_SPLINE_CURVE_WITH_KNOTS('',3,(#1736,#1737,#1738,#1739,#1740,#1741,
#1742,#1743,#1744,#1745,#1746,#1747,#1748,#1749,#1750,#1751,#1752,#1753,
#1754,#1755,#1756,#1757,#1758,#1759,#1760,#1761,#1762,#1763,#1764,#1765,
#1766,#1767,#1768,#1769,#1770,#1771,#1772,#1773,#1774,#1775,#1776,#1777,
#1778,#1779,#1780,#1781,#1782,#1783,#1784,#1785,#1786,#1787,#1788,#1789,
#1790,#1791,#1792,#1793,#1794,#1795,#1796,#1797,#1798,#1799,#1800,#1801,
#1802,#1803,#1804,#1805,#1806,#1807,#1808,#1809,#1810,#1811,#1812,#1813,
#1814,#1815,#1816,#1817,#1818,#1819,#1820,#1821,#1822,#1823,#1824,#1825,
#1826,#1827,#1828,#1829,#1830,#1831,#1832,#1833,#1834,#1835,#1836,#1837,
#1838,#1839,#1840,#1841,#1842,#1843,#1844,#1845,#1846,#1847,#1848,#1849,
#1850,#1851,#1852,#1853,#1854,#1855,#1856,#1857,#1858,#1859),
 .UNSPECIFIED.,.F.,.F.,(4,3,3,3,3,3,3,3,3,3,3,3,3,3,3,3,3,3,3,3,3,3,3,3,
3,3,3,3,3,3,3,3,3,3,3,3,3,3,3,3,3,4),(-0.759166461034091,-0.738874443912062,
-0.718936218398953,-0.699307759857431,-0.679946571672946,-0.660811480760316,
-0.641862442636888,-0.623060354688157,-0.603589718909713,-0.584727540499345,
-0.566124251275489,-0.54749867203399,-0.528814957652116,-0.510037093488488,
-0.491128743490518,-0.472053097379338,-0.452772715931666,-0.433249373349176,
-0.413443895669948,-0.3933159941336,-0.381024869622485,-0.379406129476681,
-0.359117316499274,-0.33917697178675,-0.319542467766199,-0.299571064141933,
-0.280513926705853,-0.26161915670661,-0.242851586101612,-0.224176605096028,
-0.205560023604882,-0.186967936417561,-0.168366591199309,-0.149722258468821,
-0.130928681549228,-0.112019861222552,-0.0929649234589709,-0.073732535796215,
-0.0541485016918437,-0.0343507187909968,-0.0141491211634613,-9.77793834788798E-9),
 .UNSPECIFIED.);
#27=B_SPLINE_CURVE_WITH_KNOTS('',3,(#1870,#1871,#1872,#1873,#1874,#1875,
#1876,#1877,#1878,#1879,#1880,#1881,#1882,#1883,#1884,#1885,#1886,#1887,
#1888,#1889),.UNSPECIFIED.,.F.,.F.,(4,2,2,2,2,2,2,2,2,4),(-1.18390531591632,
-1.10573647946959,-1.02756764302286,-0.880772265448169,-0.733976887873474,
-0.587181510298779,-0.440386132724085,-0.29359075514939,-0.146795377574695,
0.),.UNSPECIFIED.);
#28=B_SPLINE_CURVE_WITH_KNOTS('',3,(#1895,#1896,#1897,#1898,#1899,#1900),
 .UNSPECIFIED.,.F.,.F.,(4,2,4),(-7.379879044223,-5.7910312377456,0.),
 .UNSPECIFIED.);
#29=B_SPLINE_CURVE_WITH_KNOTS('',3,(#2038,#2039,#2040,#2041,#2042,#2043),
 .UNSPECIFIED.,.F.,.F.,(4,2,4),(-53.5978385888905,-15.4232519351276,-4.94953729612499),
 .UNSPECIFIED.);
#30=B_SPLINE_CURVE_WITH_KNOTS('',3,(#2105,#2106,#2107,#2108),
 .UNSPECIFIED.,.F.,.F.,(4,4),(-0.200234212856821,0.),.UNSPECIFIED.);
#31=B_SPLINE_CURVE_WITH_KNOTS('',3,(#2115,#2116,#2117,#2118),
 .UNSPECIFIED.,.F.,.F.,(4,4),(-0.250294458624039,-0.0500602574957691),
 .UNSPECIFIED.);
#32=B_SPLINE_CURVE_WITH_KNOTS('',3,(#2121,#2122,#2123,#2124,#2125,#2126),
 .UNSPECIFIED.,.F.,.F.,(4,2,4),(-0.352838612806216,-0.201938128938626,-0.0510376450053907),
 .UNSPECIFIED.);
#33=B_SPLINE_CURVE_WITH_KNOTS('',3,(#2177,#2178,#2179,#2180,#2181,#2182,
#2183,#2184,#2185,#2186,#2187,#2188,#2189,#2190,#2191,#2192,#2193,#2194,
#2195,#2196,#2197,#2198,#2199),.UNSPECIFIED.,.F.,.F.,(4,3,2,2,2,2,2,2,2,
2,4),(-3.15054931026259,-3.13054310952851,-2.739715091438,-2.34889281024266,
-1.95808200258499,-1.56728266812817,-1.17649480653537,-0.785718417469785,
-0.394953500594601,-0.00420005557302972,0.00204711895497312),
 .UNSPECIFIED.);
#34=B_SPLINE_CURVE_WITH_KNOTS('',3,(#2249,#2250,#2251,#2252,#2253,#2254,
#2255,#2256,#2257,#2258,#2259,#2260,#2261,#2262,#2263,#2264,#2265,#2266,
#2267,#2268,#2269,#2270,#2271),.UNSPECIFIED.,.F.,.F.,(4,2,2,2,2,2,2,2,3,
2,4),(1.36569228344956,1.46795377574695,1.61474915332164,1.76154453089634,
1.90833990847103,2.05513528604573,2.20193066362042,2.28504495843546,2.3681592532505,
2.51495463082519,2.54958923994989),.UNSPECIFIED.);
#35=B_SPLINE_CURVE_WITH_KNOTS('',3,(#2275,#2276,#2277,#2278,#2279,#2280,
#2281,#2282,#2283,#2284,#2285,#2286,#2287,#2288,#2289,#2290,#2291,#2292,
#2293,#2294,#2295,#2296,#2297,#2298,#2299,#2300,#2301,#2302),
 .UNSPECIFIED.,.F.,.F.,(4,3,3,3,3,3,3,3,3,4),(-0.830186900776838,-0.821577140227228,
-0.730290791313062,-0.639004442398983,-0.547718093484963,-0.456431744570961,
-0.365145395656937,-0.27385904674285,-0.182572697828673,-0.0937597138317635),
 .UNSPECIFIED.);
#36=B_SPLINE_CURVE_WITH_KNOTS('',3,(#2348,#2349,#2350,#2351,#2352,#2353,
#2354,#2355,#2356,#2357,#2358,#2359,#2360,#2361,#2362,#2363,#2364,#2365,
#2366,#2367,#2368,#2369,#2370,#2371,#2372,#2373,#2374,#2375),
 .UNSPECIFIED.,.F.,.F.,(4,3,3,3,3,3,3,3,3,4),(0.0937597138317633,0.182572697828673,
0.27385904674285,0.365145395656937,0.456431744570961,0.547718093484963,
0.639004442398983,0.730290791313062,0.821577140227228,0.830186900776838),
 .UNSPECIFIED.);
#37=B_SPLINE_CURVE_WITH_KNOTS('',3,(#2383,#2384,#2385,#2386,#2387,#2388,
#2389,#2390,#2391,#2392),.UNSPECIFIED.,.F.,.F.,(4,3,3,4),(-0.303429667232025,
-0.293498275153378,-0.176474323900019,-0.0455797213401905),
 .UNSPECIFIED.);
#38=B_SPLINE_CURVE_WITH_KNOTS('',3,(#2526,#2527,#2528,#2529,#2530,#2531,
#2532,#2533,#2534,#2535),.UNSPECIFIED.,.F.,.F.,(4,3,3,4),(0.0455797213426316,
0.176474323900055,0.293498275156335,0.303429667231503),.UNSPECIFIED.);
#39=B_SPLINE_CURVE_WITH_KNOTS('',3,(#2595,#2596,#2597,#2598,#2599,#2600,
#2601,#2602,#2603,#2604,#2605,#2606,#2607,#2608,#2609,#2610,#2611,#2612,
#2613,#2614,#2615,#2616,#2617),.UNSPECIFIED.,.F.,.F.,(4,3,2,2,2,2,2,2,2,
2,4),(-3.15054931026259,-3.13054310952851,-2.739715091438,-2.34889281024266,
-1.95808200258499,-1.56728266812817,-1.17649480653537,-0.785718417469785,
-0.394953500594601,-0.00420005557302972,0.00204711895497312),
 .UNSPECIFIED.);
#40=(
BOUNDED_SURFACE()
B_SPLINE_SURFACE(3,2,((#1680,#1681,#1682,#1683,#1684,#1685,#1686,#1687,
#1688),(#1689,#1690,#1691,#1692,#1693,#1694,#1695,#1696,#1697),(#1698,#1699,
#1700,#1701,#1702,#1703,#1704,#1705,#1706),(#1707,#1708,#1709,#1710,#1711,
#1712,#1713,#1714,#1715)),.UNSPECIFIED.,.F.,.T.,.F.)
B_SPLINE_SURFACE_WITH_KNOTS((4,4),(3,2,2,2,3),(7.379879044223,7.44277472649827),
(0.,1.5707963267949,3.14159265358979,4.71238898038469,6.28318530717959),
 .UNSPECIFIED.)
GEOMETRIC_REPRESENTATION_ITEM()
RATIONAL_B_SPLINE_SURFACE(((1.,0.707106781186548,1.,0.707106781186548,1.,
0.707106781186548,1.,0.707106781186548,1.),(1.,0.707106781186548,1.,0.707106781186548,
1.,0.707106781186548,1.,0.707106781186548,1.),(1.,0.707106781186548,1.,
0.707106781186548,1.,0.707106781186548,1.,0.707106781186548,1.),(1.,0.707106781186548,
1.,0.707106781186548,1.,0.707106781186548,1.,0.707106781186548,1.)))
REPRESENTATION_ITEM('')
SURFACE()
);
#41=(
BOUNDED_SURFACE()
B_SPLINE_SURFACE(3,2,((#1920,#1921,#1922,#1923,#1924,#1925,#1926,#1927,
#1928),(#1929,#1930,#1931,#1932,#1933,#1934,#1935,#1936,#1937),(#1938,#1939,
#1940,#1941,#1942,#1943,#1944,#1945,#1946),(#1947,#1948,#1949,#1950,#1951,
#1952,#1953,#1954,#1955),(#1956,#1957,#1958,#1959,#1960,#1961,#1962,#1963,
#1964),(#1965,#1966,#1967,#1968,#1969,#1970,#1971,#1972,#1973),(#1974,#1975,
#1976,#1977,#1978,#1979,#1980,#1981,#1982),(#1983,#1984,#1985,#1986,#1987,
#1988,#1989,#1990,#1991),(#1992,#1993,#1994,#1995,#1996,#1997,#1998,#1999,
#2000),(#2001,#2002,#2003,#2004,#2005,#2006,#2007,#2008,#2009),(#2010,#2011,
#2012,#2013,#2014,#2015,#2016,#2017,#2018),(#2019,#2020,#2021,#2022,#2023,
#2024,#2025,#2026,#2027),(#2028,#2029,#2030,#2031,#2032,#2033,#2034,#2035,
#2036)),.UNSPECIFIED.,.F.,.T.,.F.)
B_SPLINE_SURFACE_WITH_KNOTS((4,3,3,3,4),(3,2,2,2,3),(-0.409815644773204,
-0.329192078280564,-0.293499074823663,-0.146690116210964,-0.0455797213400242),
(0.,1.5707963267949,3.14159265358979,4.71238898038469,6.28318530717959),
 .UNSPECIFIED.)
GEOMETRIC_REPRESENTATION_ITEM()
RATIONAL_B_SPLINE_SURFACE(((1.,0.707106781186548,1.,0.707106781186548,1.,
0.707106781186548,1.,0.707106781186548,1.),(1.,0.707106781186548,1.,0.707106781186548,
1.,0.707106781186548,1.,0.707106781186548,1.),(1.,0.707106781186548,1.,
0.707106781186548,1.,0.707106781186548,1.,0.707106781186548,1.),(1.,0.707106781186548,
1.,0.707106781186548,1.,0.707106781186548,1.,0.707106781186548,1.),(1.,
0.707106781186548,1.,0.707106781186548,1.,0.707106781186548,1.,0.707106781186548,
1.),(1.,0.707106781186548,1.,0.707106781186548,1.,0.707106781186548,1.,
0.707106781186548,1.),(1.,0.707106781186548,1.,0.707106781186548,1.,0.707106781186548,
1.,0.707106781186548,1.),(1.,0.707106781186548,1.,0.707106781186548,1.,
0.707106781186548,1.,0.707106781186548,1.),(1.,0.707106781186548,1.,0.707106781186548,
1.,0.707106781186548,1.,0.707106781186548,1.),(1.,0.707106781186548,1.,
0.707106781186548,1.,0.707106781186548,1.,0.707106781186548,1.),(1.,0.707106781186548,
1.,0.707106781186548,1.,0.707106781186548,1.,0.707106781186548,1.),(1.,
0.707106781186548,1.,0.707106781186548,1.,0.707106781186548,1.,0.707106781186548,
1.),(1.,0.707106781186548,1.,0.707106781186548,1.,0.707106781186548,1.,
0.707106781186548,1.)))
REPRESENTATION_ITEM('')
SURFACE()
);
#42=(
BOUNDED_SURFACE()
B_SPLINE_SURFACE(5,2,((#2127,#2128,#2129,#2130,#2131),(#2132,#2133,#2134,
#2135,#2136),(#2137,#2138,#2139,#2140,#2141),(#2142,#2143,#2144,#2145,#2146),
(#2147,#2148,#2149,#2150,#2151),(#2152,#2153,#2154,#2155,#2156),(#2157,
#2158,#2159,#2160,#2161),(#2162,#2163,#2164,#2165,#2166),(#2167,#2168,#2169,
#2170,#2171),(#2172,#2173,#2174,#2175,#2176)),.UNSPECIFIED.,.F.,.F.,.F.)
B_SPLINE_SURFACE_WITH_KNOTS((6,1,1,1,1,6),(3,2,3),(-0.477272727272787,-0.4,
-0.3,-0.2,-0.1,0.),(0.,1.5707963267949,3.14159265358979),.UNSPECIFIED.)
GEOMETRIC_REPRESENTATION_ITEM()
RATIONAL_B_SPLINE_SURFACE(((1.,0.707106781186548,1.,0.707106781186548,1.),
(1.,0.707106781186548,1.,0.707106781186548,1.),(1.,0.707106781186548,1.,
0.707106781186548,1.),(1.,0.707106781186548,1.,0.707106781186548,1.),(1.,
0.707106781186548,1.,0.707106781186548,1.),(1.,0.707106781186548,1.,0.707106781186548,
1.),(1.,0.707106781186548,1.,0.707106781186548,1.),(1.,0.707106781186548,
1.,0.707106781186548,1.),(1.,0.707106781186548,1.,0.707106781186548,1.),
(1.,0.707106781186548,1.,0.707106781186548,1.)))
REPRESENTATION_ITEM('')
SURFACE()
);
#43=(
BOUNDED_SURFACE()
B_SPLINE_SURFACE(3,2,((#2210,#2211,#2212,#2213,#2214),(#2215,#2216,#2217,
#2218,#2219),(#2220,#2221,#2222,#2223,#2224),(#2225,#2226,#2227,#2228,#2229),
(#2230,#2231,#2232,#2233,#2234),(#2235,#2236,#2237,#2238,#2239),(#2240,
#2241,#2242,#2243,#2244)),.UNSPECIFIED.,.F.,.F.,.F.)
B_SPLINE_SURFACE_WITH_KNOTS((4,3,4),(3,2,3),(-0.176119642348099,-0.175053505086778,
-0.000212324818596215),(0.,1.5707963267949,3.14159265358979),
 .UNSPECIFIED.)
GEOMETRIC_REPRESENTATION_ITEM()
RATIONAL_B_SPLINE_SURFACE(((1.,0.707106781186548,1.,0.707106781186548,1.),
(1.,0.707106781186548,1.,0.707106781186548,1.),(1.,0.707106781186548,1.,
0.707106781186548,1.),(1.,0.707106781186548,1.,0.707106781186548,1.),(1.,
0.707106781186548,1.,0.707106781186548,1.),(1.,0.707106781186548,1.,0.707106781186548,
1.),(1.,0.707106781186548,1.,0.707106781186548,1.)))
REPRESENTATION_ITEM('')
SURFACE()
);
#44=(
BOUNDED_SURFACE()
B_SPLINE_SURFACE(3,2,((#2408,#2409,#2410,#2411,#2412,#2413,#2414,#2415,
#2416),(#2417,#2418,#2419,#2420,#2421,#2422,#2423,#2424,#2425),(#2426,#2427,
#2428,#2429,#2430,#2431,#2432,#2433,#2434),(#2435,#2436,#2437,#2438,#2439,
#2440,#2441,#2442,#2443),(#2444,#2445,#2446,#2447,#2448,#2449,#2450,#2451,
#2452),(#2453,#2454,#2455,#2456,#2457,#2458,#2459,#2460,#2461),(#2462,#2463,
#2464,#2465,#2466,#2467,#2468,#2469,#2470),(#2471,#2472,#2473,#2474,#2475,
#2476,#2477,#2478,#2479),(#2480,#2481,#2482,#2483,#2484,#2485,#2486,#2487,
#2488),(#2489,#2490,#2491,#2492,#2493,#2494,#2495,#2496,#2497),(#2498,#2499,
#2500,#2501,#2502,#2503,#2504,#2505,#2506),(#2507,#2508,#2509,#2510,#2511,
#2512,#2513,#2514,#2515),(#2516,#2517,#2518,#2519,#2520,#2521,#2522,#2523,
#2524)),.UNSPECIFIED.,.F.,.T.,.F.)
B_SPLINE_SURFACE_WITH_KNOTS((4,3,3,3,4),(3,2,2,2,3),(0.0455797213400243,
0.227956507524352,0.293499074823663,0.329192078280564,0.332325222066851),
(0.,1.5707963267949,3.14159265358979,4.71238898038469,6.28318530717959),
 .UNSPECIFIED.)
GEOMETRIC_REPRESENTATION_ITEM()
RATIONAL_B_SPLINE_SURFACE(((1.,0.707106781186548,1.,0.707106781186548,1.,
0.707106781186548,1.,0.707106781186548,1.),(1.,0.707106781186548,1.,0.707106781186548,
1.,0.707106781186548,1.,0.707106781186548,1.),(1.,0.707106781186548,1.,
0.707106781186548,1.,0.707106781186548,1.,0.707106781186548,1.),(1.,0.707106781186548,
1.,0.707106781186548,1.,0.707106781186548,1.,0.707106781186548,1.),(1.,
0.707106781186548,1.,0.707106781186548,1.,0.707106781186548,1.,0.707106781186548,
1.),(1.,0.707106781186548,1.,0.707106781186548,1.,0.707106781186548,1.,
0.707106781186548,1.),(1.,0.707106781186548,1.,0.707106781186548,1.,0.707106781186548,
1.,0.707106781186548,1.),(1.,0.707106781186548,1.,0.707106781186548,1.,
0.707106781186548,1.,0.707106781186548,1.),(1.,0.707106781186548,1.,0.707106781186548,
1.,0.707106781186548,1.,0.707106781186548,1.),(1.,0.707106781186548,1.,
0.707106781186548,1.,0.707106781186548,1.,0.707106781186548,1.),(1.,0.707106781186548,
1.,0.707106781186548,1.,0.707106781186548,1.,0.707106781186548,1.),(1.,
0.707106781186548,1.,0.707106781186548,1.,0.707106781186548,1.,0.707106781186548,
1.),(1.,0.707106781186548,1.,0.707106781186548,1.,0.707106781186548,1.,
0.707106781186548,1.)))
REPRESENTATION_ITEM('')
SURFACE()
);
#45=(
BOUNDED_SURFACE()
B_SPLINE_SURFACE(5,2,((#2618,#2619,#2620,#2621,#2622,#2623,#2624,#2625,
#2626),(#2627,#2628,#2629,#2630,#2631,#2632,#2633,#2634,#2635),(#2636,#2637,
#2638,#2639,#2640,#2641,#2642,#2643,#2644),(#2645,#2646,#2647,#2648,#2649,
#2650,#2651,#2652,#2653),(#2654,#2655,#2656,#2657,#2658,#2659,#2660,#2661,
#2662),(#2663,#2664,#2665,#2666,#2667,#2668,#2669,#2670,#2671),(#2672,#2673,
#2674,#2675,#2676,#2677,#2678,#2679,#2680),(#2681,#2682,#2683,#2684,#2685,
#2686,#2687,#2688,#2689),(#2690,#2691,#2692,#2693,#2694,#2695,#2696,#2697,
#2698),(#2699,#2700,#2701,#2702,#2703,#2704,#2705,#2706,#2707)),
 .UNSPECIFIED.,.F.,.T.,.F.)
B_SPLINE_SURFACE_WITH_KNOTS((6,1,1,1,1,6),(3,2,2,2,3),(-0.5,-0.4,-0.3,-0.2,
-0.1,0.),(0.,1.5707963267949,3.14159265358979,4.71238898038469,6.28318530717959),
 .UNSPECIFIED.)
GEOMETRIC_REPRESENTATION_ITEM()
RATIONAL_B_SPLINE_SURFACE(((1.,0.707106781186548,1.,0.707106781186548,1.,
0.707106781186548,1.,0.707106781186548,1.),(1.,0.707106781186548,1.,0.707106781186548,
1.,0.707106781186548,1.,0.707106781186548,1.),(1.,0.707106781186548,1.,
0.707106781186548,1.,0.707106781186548,1.,0.707106781186548,1.),(1.,0.707106781186548,
1.,0.707106781186548,1.,0.707106781186548,1.,0.707106781186548,1.),(1.,
0.707106781186548,1.,0.707106781186548,1.,0.707106781186548,1.,0.707106781186548,
1.),(1.,0.707106781186548,1.,0.707106781186548,1.,0.707106781186548,1.,
0.707106781186548,1.),(1.,0.707106781186548,1.,0.707106781186548,1.,0.707106781186548,
1.,0.707106781186548,1.),(1.,0.707106781186548,1.,0.707106781186548,1.,
0.707106781186548,1.,0.707106781186548,1.),(1.,0.707106781186548,1.,0.707106781186548,
1.,0.707106781186548,1.,0.707106781186548,1.),(1.,0.707106781186548,1.,
0.707106781186548,1.,0.707106781186548,1.,0.707106781186548,1.)))
REPRESENTATION_ITEM('')
SURFACE()
);
#46=FACE_BOUND('',#348,.T.);
#47=FACE_BOUND('',#350,.T.);
#48=FACE_BOUND('',#355,.T.);
#49=FACE_BOUND('',#360,.T.);
#50=FACE_BOUND('',#384,.T.);
#51=FACE_BOUND('',#393,.T.);
#52=STYLED_ITEM('',(#2785),#56);
#53=STYLED_ITEM('',(#2785),#57);
#54=STYLED_ITEM('',(#2785),#58);
#55=STYLED_ITEM('',(#2785),#59);
#56=MANIFOLD_SOLID_BREP('Motor_1/2A6-2',#1173);
#57=MANIFOLD_SOLID_BREP('\X2\80F44F53\X0\ (2)',#1174);
#58=MANIFOLD_SOLID_BREP('\X2\84CB\X0\ (1)',#1175);
#59=MANIFOLD_SOLID_BREP('\X2\30DC30C730A3\X0\61',#1176);
#60=LINE('',#1606,#162);
#61=LINE('',#1613,#163);
#62=LINE('',#1618,#164);
#63=LINE('',#1620,#165);
#64=LINE('',#1621,#166);
#65=LINE('',#1625,#167);
#66=LINE('',#1627,#168);
#67=LINE('',#1628,#169);
#68=LINE('',#1632,#170);
#69=LINE('',#1634,#171);
#70=LINE('',#1635,#172);
#71=LINE('',#1639,#173);
#72=LINE('',#1641,#174);
#73=LINE('',#1642,#175);
#74=LINE('',#1646,#176);
#75=LINE('',#1648,#177);
#76=LINE('',#1649,#178);
#77=LINE('',#1653,#179);
#78=LINE('',#1655,#180);
#79=LINE('',#1656,#181);
#80=LINE('',#1660,#182);
#81=LINE('',#1662,#183);
#82=LINE('',#1664,#184);
#83=LINE('',#1665,#185);
#84=LINE('',#1669,#186);
#85=LINE('',#1671,#187);
#86=LINE('',#1673,#188);
#87=LINE('',#1675,#189);
#88=LINE('',#1677,#190);
#89=LINE('',#1732,#191);
#90=LINE('',#1862,#192);
#91=LINE('',#1864,#193);
#92=LINE('',#1868,#194);
#93=LINE('',#1890,#195);
#94=LINE('',#1902,#196);
#95=LINE('',#1904,#197);
#96=LINE('',#1906,#198);
#97=LINE('',#1908,#199);
#98=LINE('',#1919,#200);
#99=LINE('',#2057,#201);
#100=LINE('',#2059,#202);
#101=LINE('',#2061,#203);
#102=LINE('',#2062,#204);
#103=LINE('',#2068,#205);
#104=LINE('',#2070,#206);
#105=LINE('',#2072,#207);
#106=LINE('',#2073,#208);
#107=LINE('',#2077,#209);
#108=LINE('',#2079,#210);
#109=LINE('',#2081,#211);
#110=LINE('',#2082,#212);
#111=LINE('',#2093,#213);
#112=LINE('',#2097,#214);
#113=LINE('',#2100,#215);
#114=LINE('',#2103,#216);
#115=LINE('',#2109,#217);
#116=LINE('',#2112,#218);
#117=LINE('',#2114,#219);
#118=LINE('',#2209,#220);
#119=LINE('',#2273,#221);
#120=LINE('',#2303,#222);
#121=LINE('',#2376,#223);
#122=LINE('',#2377,#224);
#123=LINE('',#2394,#225);
#124=LINE('',#2396,#226);
#125=LINE('',#2398,#227);
#126=LINE('',#2549,#228);
#127=LINE('',#2551,#229);
#128=LINE('',#2552,#230);
#129=LINE('',#2558,#231);
#130=LINE('',#2561,#232);
#131=LINE('',#2567,#233);
#132=LINE('',#2570,#234);
#133=LINE('',#2573,#235);
#134=LINE('',#2574,#236);
#135=LINE('',#2579,#237);
#136=LINE('',#2583,#238);
#137=LINE('',#2586,#239);
#138=LINE('',#2587,#240);
#139=LINE('',#2589,#241);
#140=LINE('',#2591,#242);
#141=LINE('',#2593,#243);
#142=LINE('',#2721,#244);
#143=LINE('',#2724,#245);
#144=LINE('',#2727,#246);
#145=LINE('',#2729,#247);
#146=LINE('',#2730,#248);
#147=LINE('',#2733,#249);
#148=LINE('',#2735,#250);
#149=LINE('',#2736,#251);
#150=LINE('',#2739,#252);
#151=LINE('',#2741,#253);
#152=LINE('',#2742,#254);
#153=LINE('',#2748,#255);
#154=LINE('',#2751,#256);
#155=LINE('',#2753,#257);
#156=LINE('',#2754,#258);
#157=LINE('',#2757,#259);
#158=LINE('',#2759,#260);
#159=LINE('',#2760,#261);
#160=LINE('',#2762,#262);
#161=LINE('',#2763,#263);
#162=VECTOR('',#1300,9.);
#163=VECTOR('',#1309,0.499999999999998);
#164=VECTOR('',#1314,10.);
#165=VECTOR('',#1315,10.);
#166=VECTOR('',#1316,10.);
#167=VECTOR('',#1319,10.);
#168=VECTOR('',#1320,10.);
#169=VECTOR('',#1321,10.);
#170=VECTOR('',#1324,10.);
#171=VECTOR('',#1325,10.);
#172=VECTOR('',#1326,10.);
#173=VECTOR('',#1329,10.);
#174=VECTOR('',#1330,10.);
#175=VECTOR('',#1331,10.);
#176=VECTOR('',#1334,10.);
#177=VECTOR('',#1335,10.);
#178=VECTOR('',#1336,10.);
#179=VECTOR('',#1339,10.);
#180=VECTOR('',#1340,10.);
#181=VECTOR('',#1341,10.);
#182=VECTOR('',#1344,10.);
#183=VECTOR('',#1345,10.);
#184=VECTOR('',#1346,10.);
#185=VECTOR('',#1347,10.);
#186=VECTOR('',#1352,10.);
#187=VECTOR('',#1353,10.);
#188=VECTOR('',#1356,10.);
#189=VECTOR('',#1359,10.);
#190=VECTOR('',#1362,10.);
#191=VECTOR('',#1371,2.07981607160254);
#192=VECTOR('',#1378,10.);
#193=VECTOR('',#1379,10.);
#194=VECTOR('',#1384,10.);
#195=VECTOR('',#1385,10.);
#196=VECTOR('',#1390,10.);
#197=VECTOR('',#1391,10.);
#198=VECTOR('',#1392,10.);
#199=VECTOR('',#1393,10.);
#200=VECTOR('',#1396,1.75);
#201=VECTOR('',#1401,10.);
#202=VECTOR('',#1402,10.);
#203=VECTOR('',#1403,10.);
#204=VECTOR('',#1404,10.);
#205=VECTOR('',#1411,10.);
#206=VECTOR('',#1412,10.);
#207=VECTOR('',#1413,10.);
#208=VECTOR('',#1414,10.);
#209=VECTOR('',#1417,10.);
#210=VECTOR('',#1418,10.);
#211=VECTOR('',#1419,10.);
#212=VECTOR('',#1420,10.);
#213=VECTOR('',#1441,8.99721969865092);
#214=VECTOR('',#1446,10.);
#215=VECTOR('',#1449,10.);
#216=VECTOR('',#1452,10.);
#217=VECTOR('',#1453,10.);
#218=VECTOR('',#1456,10.);
#219=VECTOR('',#1457,10.);
#220=VECTOR('',#1478,10.0000001490116);
#221=VECTOR('',#1483,10.);
#222=VECTOR('',#1484,10.);
#223=VECTOR('',#1487,10.);
#224=VECTOR('',#1488,10.);
#225=VECTOR('',#1495,10.);
#226=VECTOR('',#1496,10.);
#227=VECTOR('',#1497,10.);
#228=VECTOR('',#1502,10.);
#229=VECTOR('',#1503,10.);
#230=VECTOR('',#1504,10.);
#231=VECTOR('',#1509,10.);
#232=VECTOR('',#1512,10.);
#233=VECTOR('',#1517,10.);
#234=VECTOR('',#1520,10.);
#235=VECTOR('',#1525,10.);
#236=VECTOR('',#1526,10.);
#237=VECTOR('',#1531,10.);
#238=VECTOR('',#1534,10.);
#239=VECTOR('',#1539,10.);
#240=VECTOR('',#1540,10.);
#241=VECTOR('',#1543,10.);
#242=VECTOR('',#1546,10.);
#243=VECTOR('',#1549,1.5);
#244=VECTOR('',#1556,10.);
#245=VECTOR('',#1559,10.);
#246=VECTOR('',#1562,10.);
#247=VECTOR('',#1563,10.);
#248=VECTOR('',#1564,10.);
#249=VECTOR('',#1567,10.);
#250=VECTOR('',#1568,10.);
#251=VECTOR('',#1569,10.);
#252=VECTOR('',#1572,10.);
#253=VECTOR('',#1573,10.);
#254=VECTOR('',#1574,10.);
#255=VECTOR('',#1581,10.);
#256=VECTOR('',#1584,10.);
#257=VECTOR('',#1585,10.);
#258=VECTOR('',#1586,10.);
#259=VECTOR('',#1589,10.);
#260=VECTOR('',#1590,10.);
#261=VECTOR('',#1591,10.);
#262=VECTOR('',#1594,10.);
#263=VECTOR('',#1595,10.);
#264=CYLINDRICAL_SURFACE('',#1192,9.);
#265=CYLINDRICAL_SURFACE('',#1195,0.499999999999998);
#266=CYLINDRICAL_SURFACE('',#1216,2.33681403790015);
#267=CYLINDRICAL_SURFACE('',#1221,1.75);
#268=CYLINDRICAL_SURFACE('',#1224,8.00000013662758);
#269=CYLINDRICAL_SURFACE('',#1237,8.99721969865092);
#270=CYLINDRICAL_SURFACE('',#1252,10.0000001490116);
#271=CYLINDRICAL_SURFACE('',#1267,8.00000016195795);
#272=CYLINDRICAL_SURFACE('',#1273,9.00000013411045);
#273=CYLINDRICAL_SURFACE('',#1276,1.5);
#274=CYLINDRICAL_SURFACE('',#1277,10.0000001490116);
#275=CYLINDRICAL_SURFACE('',#1278,2.00000002980232);
#276=CYLINDRICAL_SURFACE('',#1284,1.50000002235174);
#277=FACE_OUTER_BOUND('',#341,.T.);
#278=FACE_OUTER_BOUND('',#342,.T.);
#279=FACE_OUTER_BOUND('',#343,.T.);
#280=FACE_OUTER_BOUND('',#344,.T.);
#281=FACE_OUTER_BOUND('',#345,.T.);
#282=FACE_OUTER_BOUND('',#346,.T.);
#283=FACE_OUTER_BOUND('',#347,.T.);
#284=FACE_OUTER_BOUND('',#349,.T.);
#285=FACE_OUTER_BOUND('',#351,.T.);
#286=FACE_OUTER_BOUND('',#352,.T.);
#287=FACE_OUTER_BOUND('',#353,.T.);
#288=FACE_OUTER_BOUND('',#354,.T.);
#289=FACE_OUTER_BOUND('',#356,.T.);
#290=FACE_OUTER_BOUND('',#357,.T.);
#291=FACE_OUTER_BOUND('',#358,.T.);
#292=FACE_OUTER_BOUND('',#359,.T.);
#293=FACE_OUTER_BOUND('',#361,.T.);
#294=FACE_OUTER_BOUND('',#362,.T.);
#295=FACE_OUTER_BOUND('',#363,.T.);
#296=FACE_OUTER_BOUND('',#364,.T.);
#297=FACE_OUTER_BOUND('',#365,.T.);
#298=FACE_OUTER_BOUND('',#366,.T.);
#299=FACE_OUTER_BOUND('',#367,.T.);
#300=FACE_OUTER_BOUND('',#368,.T.);
#301=FACE_OUTER_BOUND('',#369,.T.);
#302=FACE_OUTER_BOUND('',#370,.T.);
#303=FACE_OUTER_BOUND('',#371,.T.);
#304=FACE_OUTER_BOUND('',#372,.T.);
#305=FACE_OUTER_BOUND('',#373,.T.);
#306=FACE_OUTER_BOUND('',#374,.T.);
#307=FACE_OUTER_BOUND('',#375,.T.);
#308=FACE_OUTER_BOUND('',#376,.T.);
#309=FACE_OUTER_BOUND('',#377,.T.);
#310=FACE_OUTER_BOUND('',#378,.T.);
#311=FACE_OUTER_BOUND('',#379,.T.);
#312=FACE_OUTER_BOUND('',#380,.T.);
#313=FACE_OUTER_BOUND('',#381,.T.);
#314=FACE_OUTER_BOUND('',#382,.T.);
#315=FACE_OUTER_BOUND('',#383,.T.);
#316=FACE_OUTER_BOUND('',#385,.T.);
#317=FACE_OUTER_BOUND('',#386,.T.);
#318=FACE_OUTER_BOUND('',#387,.T.);
#319=FACE_OUTER_BOUND('',#388,.T.);
#320=FACE_OUTER_BOUND('',#389,.T.);
#321=FACE_OUTER_BOUND('',#390,.T.);
#322=FACE_OUTER_BOUND('',#391,.T.);
#323=FACE_OUTER_BOUND('',#392,.T.);
#324=FACE_OUTER_BOUND('',#394,.T.);
#325=FACE_OUTER_BOUND('',#395,.T.);
#326=FACE_OUTER_BOUND('',#396,.T.);
#327=FACE_OUTER_BOUND('',#397,.T.);
#328=FACE_OUTER_BOUND('',#398,.T.);
#329=FACE_OUTER_BOUND('',#399,.T.);
#330=FACE_OUTER_BOUND('',#400,.T.);
#331=FACE_OUTER_BOUND('',#401,.T.);
#332=FACE_OUTER_BOUND('',#402,.T.);
#333=FACE_OUTER_BOUND('',#403,.T.);
#334=FACE_OUTER_BOUND('',#404,.T.);
#335=FACE_OUTER_BOUND('',#405,.T.);
#336=FACE_OUTER_BOUND('',#406,.T.);
#337=FACE_OUTER_BOUND('',#407,.T.);
#338=FACE_OUTER_BOUND('',#408,.T.);
#339=FACE_OUTER_BOUND('',#409,.T.);
#340=FACE_OUTER_BOUND('',#410,.T.);
#341=EDGE_LOOP('',(#730));
#342=EDGE_LOOP('',(#731,#732,#733,#734));
#343=EDGE_LOOP('',(#735));
#344=EDGE_LOOP('',(#736,#737,#738,#739));
#345=EDGE_LOOP('',(#740,#741,#742));
#346=EDGE_LOOP('',(#743,#744,#745));
#347=EDGE_LOOP('',(#746,#747,#748));
#348=EDGE_LOOP('',(#749));
#349=EDGE_LOOP('',(#750,#751,#752));
#350=EDGE_LOOP('',(#753));
#351=EDGE_LOOP('',(#754,#755,#756));
#352=EDGE_LOOP('',(#757,#758,#759));
#353=EDGE_LOOP('',(#760,#761,#762,#763));
#354=EDGE_LOOP('',(#764,#765,#766,#767,#768,#769,#770,#771,#772,#773,#774,
#775,#776,#777,#778,#779));
#355=EDGE_LOOP('',(#780));
#356=EDGE_LOOP('',(#781,#782,#783,#784));
#357=EDGE_LOOP('',(#785,#786,#787,#788,#789,#790));
#358=EDGE_LOOP('',(#791,#792,#793,#794));
#359=EDGE_LOOP('',(#795,#796,#797,#798));
#360=EDGE_LOOP('',(#799));
#361=EDGE_LOOP('',(#800,#801,#802,#803,#804,#805,#806,#807,#808));
#362=EDGE_LOOP('',(#809,#810,#811,#812,#813));
#363=EDGE_LOOP('',(#814,#815,#816,#817));
#364=EDGE_LOOP('',(#818,#819,#820,#821,#822,#823,#824,#825,#826));
#365=EDGE_LOOP('',(#827,#828,#829,#830));
#366=EDGE_LOOP('',(#831,#832,#833,#834));
#367=EDGE_LOOP('',(#835,#836,#837,#838));
#368=EDGE_LOOP('',(#839,#840,#841,#842));
#369=EDGE_LOOP('',(#843,#844,#845,#846));
#370=EDGE_LOOP('',(#847,#848,#849,#850));
#371=EDGE_LOOP('',(#851,#852,#853,#854,#855,#856,#857,#858,#859));
#372=EDGE_LOOP('',(#860,#861,#862,#863));
#373=EDGE_LOOP('',(#864,#865,#866,#867,#868,#869));
#374=EDGE_LOOP('',(#870,#871,#872,#873,#874,#875));
#375=EDGE_LOOP('',(#876,#877,#878,#879));
#376=EDGE_LOOP('',(#880,#881,#882,#883));
#377=EDGE_LOOP('',(#884,#885,#886,#887));
#378=EDGE_LOOP('',(#888,#889,#890,#891,#892));
#379=EDGE_LOOP('',(#893,#894,#895,#896));
#380=EDGE_LOOP('',(#897,#898,#899,#900,#901,#902,#903,#904,#905,#906,#907,
#908,#909,#910,#911,#912,#913,#914,#915,#916,#917,#918,#919,#920,#921,#922,
#923));
#381=EDGE_LOOP('',(#924,#925,#926,#927));
#382=EDGE_LOOP('',(#928,#929,#930,#931));
#383=EDGE_LOOP('',(#932,#933,#934,#935));
#384=EDGE_LOOP('',(#936));
#385=EDGE_LOOP('',(#937,#938,#939,#940));
#386=EDGE_LOOP('',(#941));
#387=EDGE_LOOP('',(#942,#943,#944,#945,#946,#947,#948));
#388=EDGE_LOOP('',(#949,#950,#951,#952));
#389=EDGE_LOOP('',(#953,#954,#955,#956,#957,#958,#959));
#390=EDGE_LOOP('',(#960,#961,#962,#963));
#391=EDGE_LOOP('',(#964,#965,#966,#967));
#392=EDGE_LOOP('',(#968,#969,#970,#971));
#393=EDGE_LOOP('',(#972,#973,#974,#975));
#394=EDGE_LOOP('',(#976,#977,#978,#979,#980,#981,#982,#983));
#395=EDGE_LOOP('',(#984,#985,#986,#987));
#396=EDGE_LOOP('',(#988,#989,#990,#991,#992,#993));
#397=EDGE_LOOP('',(#994,#995,#996,#997,#998,#999));
#398=EDGE_LOOP('',(#1000,#1001,#1002,#1003));
#399=EDGE_LOOP('',(#1004,#1005,#1006,#1007,#1008,#1009,#1010,#1011));
#400=EDGE_LOOP('',(#1012,#1013,#1014,#1015,#1016,#1017));
#401=EDGE_LOOP('',(#1018,#1019,#1020,#1021));
#402=EDGE_LOOP('',(#1022,#1023,#1024,#1025));
#403=EDGE_LOOP('',(#1026,#1027,#1028,#1029));
#404=EDGE_LOOP('',(#1030,#1031,#1032,#1033));
#405=EDGE_LOOP('',(#1034,#1035,#1036,#1037));
#406=EDGE_LOOP('',(#1038,#1039,#1040,#1041));
#407=EDGE_LOOP('',(#1042,#1043,#1044,#1045));
#408=EDGE_LOOP('',(#1046,#1047,#1048,#1049));
#409=EDGE_LOOP('',(#1050,#1051,#1052,#1053,#1054,#1055,#1056,#1057));
#410=EDGE_LOOP('',(#1058,#1059,#1060,#1061,#1062,#1063,#1064,#1065));
#411=CIRCLE('',#1191,9.);
#412=CIRCLE('',#1193,9.);
#413=CIRCLE('',#1196,0.499999999999998);
#414=CIRCLE('',#1197,0.499999999999998);
#415=CIRCLE('',#1206,10.0000001490116);
#416=CIRCLE('',#1207,10.0000001490116);
#417=CIRCLE('',#1208,10.0000001490116);
#418=CIRCLE('',#1209,10.0000001490116);
#419=CIRCLE('',#1210,8.99721969865092);
#420=CIRCLE('',#1211,2.40963206008454);
#421=CIRCLE('',#1212,2.33681403790015);
#422=CIRCLE('',#1214,1.75);
#423=CIRCLE('',#1215,1.75);
#424=CIRCLE('',#1217,2.33681403790015);
#425=CIRCLE('',#1219,1.75);
#426=CIRCLE('',#1222,8.00000013802009);
#427=CIRCLE('',#1225,7.99999999999991);
#428=CIRCLE('',#1229,10.0000001490116);
#429=CIRCLE('',#1230,8.99721969865092);
#430=CIRCLE('',#1232,10.0000001490116);
#431=CIRCLE('',#1233,8.99721969865092);
#432=CIRCLE('',#1235,8.99721969865092);
#433=CIRCLE('',#1236,10.0000001490116);
#434=CIRCLE('',#1238,8.99721969865092);
#435=CIRCLE('',#1240,8.99766365987041);
#436=CIRCLE('',#1244,10.0000001490116);
#437=CIRCLE('',#1255,1.5);
#438=CIRCLE('',#1257,1.5);
#439=CIRCLE('',#1259,8.00000016000313);
#440=CIRCLE('',#1262,8.00000016195795);
#441=CIRCLE('',#1263,10.0000001490116);
#442=CIRCLE('',#1265,8.00000016195795);
#443=CIRCLE('',#1266,9.00000013411045);
#444=CIRCLE('',#1268,8.00000016195795);
#445=CIRCLE('',#1270,10.0000001490116);
#446=CIRCLE('',#1271,9.00000013411045);
#447=CIRCLE('',#1272,10.0000001490116);
#448=CIRCLE('',#1279,2.00000002980232);
#449=CIRCLE('',#1280,2.00000002980232);
#450=CIRCLE('',#1285,1.50000002235174);
#451=CIRCLE('',#1286,1.50000002235174);
#452=VERTEX_POINT('',#1602);
#453=VERTEX_POINT('',#1605);
#454=VERTEX_POINT('',#1610);
#455=VERTEX_POINT('',#1612);
#456=VERTEX_POINT('',#1616);
#457=VERTEX_POINT('',#1617);
#458=VERTEX_POINT('',#1619);
#459=VERTEX_POINT('',#1623);
#460=VERTEX_POINT('',#1624);
#461=VERTEX_POINT('',#1626);
#462=VERTEX_POINT('',#1630);
#463=VERTEX_POINT('',#1631);
#464=VERTEX_POINT('',#1633);
#465=VERTEX_POINT('',#1637);
#466=VERTEX_POINT('',#1638);
#467=VERTEX_POINT('',#1640);
#468=VERTEX_POINT('',#1644);
#469=VERTEX_POINT('',#1645);
#470=VERTEX_POINT('',#1647);
#471=VERTEX_POINT('',#1651);
#472=VERTEX_POINT('',#1652);
#473=VERTEX_POINT('',#1654);
#474=VERTEX_POINT('',#1658);
#475=VERTEX_POINT('',#1659);
#476=VERTEX_POINT('',#1661);
#477=VERTEX_POINT('',#1663);
#478=VERTEX_POINT('',#1667);
#479=VERTEX_POINT('',#1670);
#480=VERTEX_POINT('',#1678);
#481=VERTEX_POINT('',#1716);
#482=VERTEX_POINT('',#1717);
#483=VERTEX_POINT('',#1722);
#484=VERTEX_POINT('',#1724);
#485=VERTEX_POINT('',#1731);
#486=VERTEX_POINT('',#1733);
#487=VERTEX_POINT('',#1861);
#488=VERTEX_POINT('',#1863);
#489=VERTEX_POINT('',#1867);
#490=VERTEX_POINT('',#1869);
#491=VERTEX_POINT('',#1891);
#492=VERTEX_POINT('',#1894);
#493=VERTEX_POINT('',#1901);
#494=VERTEX_POINT('',#1903);
#495=VERTEX_POINT('',#1905);
#496=VERTEX_POINT('',#1907);
#497=VERTEX_POINT('',#2037);
#498=VERTEX_POINT('',#2046);
#499=VERTEX_POINT('',#2056);
#500=VERTEX_POINT('',#2058);
#501=VERTEX_POINT('',#2060);
#502=VERTEX_POINT('',#2066);
#503=VERTEX_POINT('',#2067);
#504=VERTEX_POINT('',#2069);
#505=VERTEX_POINT('',#2071);
#506=VERTEX_POINT('',#2075);
#507=VERTEX_POINT('',#2076);
#508=VERTEX_POINT('',#2078);
#509=VERTEX_POINT('',#2080);
#510=VERTEX_POINT('',#2096);
#511=VERTEX_POINT('',#2098);
#512=VERTEX_POINT('',#2102);
#513=VERTEX_POINT('',#2104);
#514=VERTEX_POINT('',#2111);
#515=VERTEX_POINT('',#2113);
#516=VERTEX_POINT('',#2203);
#517=VERTEX_POINT('',#2247);
#518=VERTEX_POINT('',#2248);
#519=VERTEX_POINT('',#2272);
#520=VERTEX_POINT('',#2274);
#521=VERTEX_POINT('',#2304);
#522=VERTEX_POINT('',#2346);
#523=VERTEX_POINT('',#2347);
#524=VERTEX_POINT('',#2379);
#525=VERTEX_POINT('',#2382);
#526=VERTEX_POINT('',#2393);
#527=VERTEX_POINT('',#2395);
#528=VERTEX_POINT('',#2397);
#529=VERTEX_POINT('',#2525);
#530=VERTEX_POINT('',#2538);
#531=VERTEX_POINT('',#2548);
#532=VERTEX_POINT('',#2550);
#533=VERTEX_POINT('',#2554);
#534=VERTEX_POINT('',#2555);
#535=VERTEX_POINT('',#2557);
#536=VERTEX_POINT('',#2559);
#537=VERTEX_POINT('',#2563);
#538=VERTEX_POINT('',#2564);
#539=VERTEX_POINT('',#2566);
#540=VERTEX_POINT('',#2568);
#541=VERTEX_POINT('',#2576);
#542=VERTEX_POINT('',#2578);
#543=VERTEX_POINT('',#2580);
#544=VERTEX_POINT('',#2582);
#545=VERTEX_POINT('',#2708);
#546=VERTEX_POINT('',#2717);
#547=VERTEX_POINT('',#2718);
#548=VERTEX_POINT('',#2720);
#549=VERTEX_POINT('',#2722);
#550=VERTEX_POINT('',#2726);
#551=VERTEX_POINT('',#2728);
#552=VERTEX_POINT('',#2732);
#553=VERTEX_POINT('',#2734);
#554=VERTEX_POINT('',#2738);
#555=VERTEX_POINT('',#2740);
#556=VERTEX_POINT('',#2744);
#557=VERTEX_POINT('',#2746);
#558=VERTEX_POINT('',#2750);
#559=VERTEX_POINT('',#2752);
#560=VERTEX_POINT('',#2756);
#561=VERTEX_POINT('',#2758);
#562=EDGE_CURVE('',#452,#452,#411,.T.);
#563=EDGE_CURVE('',#452,#453,#60,.T.);
#564=EDGE_CURVE('',#453,#453,#412,.T.);
#565=EDGE_CURVE('',#454,#454,#413,.T.);
#566=EDGE_CURVE('',#454,#455,#61,.T.);
#567=EDGE_CURVE('',#455,#455,#414,.T.);
#568=EDGE_CURVE('',#456,#457,#62,.T.);
#569=EDGE_CURVE('',#458,#457,#63,.T.);
#570=EDGE_CURVE('',#456,#458,#64,.T.);
#571=EDGE_CURVE('',#459,#460,#65,.T.);
#572=EDGE_CURVE('',#460,#461,#66,.T.);
#573=EDGE_CURVE('',#461,#459,#67,.T.);
#574=EDGE_CURVE('',#462,#463,#68,.T.);
#575=EDGE_CURVE('',#464,#463,#69,.T.);
#576=EDGE_CURVE('',#462,#464,#70,.T.);
#577=EDGE_CURVE('',#465,#466,#71,.T.);
#578=EDGE_CURVE('',#466,#467,#72,.T.);
#579=EDGE_CURVE('',#467,#465,#73,.T.);
#580=EDGE_CURVE('',#468,#469,#74,.T.);
#581=EDGE_CURVE('',#469,#470,#75,.T.);
#582=EDGE_CURVE('',#470,#468,#76,.T.);
#583=EDGE_CURVE('',#471,#472,#77,.T.);
#584=EDGE_CURVE('',#471,#473,#78,.T.);
#585=EDGE_CURVE('',#472,#473,#79,.T.);
#586=EDGE_CURVE('',#474,#475,#80,.T.);
#587=EDGE_CURVE('',#474,#476,#81,.T.);
#588=EDGE_CURVE('',#477,#476,#82,.T.);
#589=EDGE_CURVE('',#475,#477,#83,.T.);
#590=EDGE_CURVE('',#458,#478,#415,.T.);
#591=EDGE_CURVE('',#478,#474,#84,.T.);
#592=EDGE_CURVE('',#475,#479,#85,.T.);
#593=EDGE_CURVE('',#479,#469,#416,.T.);
#594=EDGE_CURVE('',#471,#468,#86,.T.);
#595=EDGE_CURVE('',#472,#467,#417,.T.);
#596=EDGE_CURVE('',#466,#462,#87,.T.);
#597=EDGE_CURVE('',#464,#461,#418,.T.);
#598=EDGE_CURVE('',#460,#456,#88,.T.);
#599=EDGE_CURVE('',#480,#480,#419,.T.);
#600=EDGE_CURVE('',#481,#482,#24,.F.);
#601=EDGE_CURVE('',#483,#482,#420,.T.);
#602=EDGE_CURVE('',#484,#483,#25,.T.);
#603=EDGE_CURVE('',#484,#481,#421,.T.);
#604=EDGE_CURVE('',#482,#485,#89,.T.);
#605=EDGE_CURVE('',#485,#486,#422,.T.);
#606=EDGE_CURVE('',#486,#485,#423,.T.);
#607=EDGE_CURVE('',#483,#482,#26,.T.);
#608=EDGE_CURVE('',#481,#487,#90,.T.);
#609=EDGE_CURVE('',#488,#484,#91,.T.);
#610=EDGE_CURVE('',#488,#487,#424,.T.);
#611=EDGE_CURVE('',#489,#488,#92,.T.);
#612=EDGE_CURVE('',#490,#489,#27,.T.);
#613=EDGE_CURVE('',#487,#490,#93,.T.);
#614=EDGE_CURVE('',#491,#491,#425,.T.);
#615=EDGE_CURVE('',#483,#492,#28,.T.);
#616=EDGE_CURVE('',#492,#493,#94,.T.);
#617=EDGE_CURVE('',#493,#494,#95,.T.);
#618=EDGE_CURVE('',#495,#494,#96,.T.);
#619=EDGE_CURVE('',#495,#496,#97,.T.);
#620=EDGE_CURVE('',#496,#489,#18,.T.);
#621=EDGE_CURVE('',#491,#485,#98,.T.);
#622=EDGE_CURVE('',#482,#497,#29,.F.);
#623=EDGE_CURVE('',#492,#497,#426,.T.);
#624=EDGE_CURVE('',#490,#498,#19,.T.);
#625=EDGE_CURVE('',#498,#499,#99,.T.);
#626=EDGE_CURVE('',#500,#499,#100,.T.);
#627=EDGE_CURVE('',#500,#501,#101,.T.);
#628=EDGE_CURVE('',#501,#497,#102,.T.);
#629=EDGE_CURVE('',#493,#501,#427,.T.);
#630=EDGE_CURVE('',#502,#503,#103,.T.);
#631=EDGE_CURVE('',#502,#504,#104,.T.);
#632=EDGE_CURVE('',#505,#504,#105,.T.);
#633=EDGE_CURVE('',#503,#505,#106,.T.);
#634=EDGE_CURVE('',#506,#507,#107,.T.);
#635=EDGE_CURVE('',#506,#508,#108,.T.);
#636=EDGE_CURVE('',#509,#508,#109,.T.);
#637=EDGE_CURVE('',#507,#509,#110,.T.);
#638=EDGE_CURVE('',#508,#505,#428,.T.);
#639=EDGE_CURVE('',#504,#509,#429,.T.);
#640=EDGE_CURVE('',#503,#495,#430,.T.);
#641=EDGE_CURVE('',#494,#502,#431,.T.);
#642=EDGE_CURVE('',#507,#500,#432,.T.);
#643=EDGE_CURVE('',#499,#506,#433,.T.);
#644=EDGE_CURVE('',#480,#500,#111,.T.);
#645=EDGE_CURVE('',#500,#494,#434,.T.);
#646=EDGE_CURVE('',#510,#476,#112,.T.);
#647=EDGE_CURVE('',#510,#511,#435,.T.);
#648=EDGE_CURVE('',#511,#477,#113,.T.);
#649=EDGE_CURVE('',#479,#512,#114,.T.);
#650=EDGE_CURVE('',#513,#511,#30,.T.);
#651=EDGE_CURVE('',#512,#513,#115,.T.);
#652=EDGE_CURVE('',#514,#478,#116,.T.);
#653=EDGE_CURVE('',#515,#514,#117,.T.);
#654=EDGE_CURVE('',#510,#515,#31,.T.);
#655=EDGE_CURVE('',#514,#512,#436,.T.);
#656=EDGE_CURVE('',#515,#513,#32,.T.);
#657=EDGE_CURVE('',#496,#498,#33,.T.);
#658=EDGE_CURVE('',#463,#465,#14,.T.);
#659=EDGE_CURVE('',#516,#459,#15,.T.);
#660=EDGE_CURVE('',#457,#516,#16,.T.);
#661=EDGE_CURVE('',#473,#470,#17,.T.);
#662=EDGE_CURVE('',#516,#499,#118,.T.);
#663=EDGE_CURVE('',#517,#518,#34,.T.);
#664=EDGE_CURVE('',#519,#517,#119,.T.);
#665=EDGE_CURVE('',#520,#519,#35,.T.);
#666=EDGE_CURVE('',#520,#518,#120,.T.);
#667=EDGE_CURVE('',#521,#521,#437,.T.);
#668=EDGE_CURVE('',#522,#523,#36,.T.);
#669=EDGE_CURVE('',#520,#523,#121,.T.);
#670=EDGE_CURVE('',#522,#519,#122,.T.);
#671=EDGE_CURVE('',#524,#524,#438,.T.);
#672=EDGE_CURVE('',#523,#525,#37,.T.);
#673=EDGE_CURVE('',#525,#526,#123,.T.);
#674=EDGE_CURVE('',#526,#527,#124,.F.);
#675=EDGE_CURVE('',#527,#528,#125,.T.);
#676=EDGE_CURVE('',#528,#518,#20,.T.);
#677=EDGE_CURVE('',#529,#522,#38,.T.);
#678=EDGE_CURVE('',#529,#525,#439,.T.);
#679=EDGE_CURVE('',#517,#530,#21,.T.);
#680=EDGE_CURVE('',#530,#531,#126,.T.);
#681=EDGE_CURVE('',#531,#532,#127,.F.);
#682=EDGE_CURVE('',#532,#529,#128,.T.);
#683=EDGE_CURVE('',#533,#534,#440,.T.);
#684=EDGE_CURVE('',#535,#533,#129,.T.);
#685=EDGE_CURVE('',#536,#535,#441,.T.);
#686=EDGE_CURVE('',#534,#536,#130,.T.);
#687=EDGE_CURVE('',#537,#538,#442,.T.);
#688=EDGE_CURVE('',#537,#539,#131,.T.);
#689=EDGE_CURVE('',#539,#540,#443,.T.);
#690=EDGE_CURVE('',#540,#538,#132,.T.);
#691=EDGE_CURVE('',#526,#532,#444,.T.);
#692=EDGE_CURVE('',#534,#537,#133,.T.);
#693=EDGE_CURVE('',#538,#533,#134,.T.);
#694=EDGE_CURVE('',#541,#531,#445,.T.);
#695=EDGE_CURVE('',#542,#541,#135,.T.);
#696=EDGE_CURVE('',#542,#543,#446,.T.);
#697=EDGE_CURVE('',#543,#544,#136,.T.);
#698=EDGE_CURVE('',#527,#544,#447,.T.);
#699=EDGE_CURVE('',#543,#539,#137,.T.);
#700=EDGE_CURVE('',#540,#542,#138,.T.);
#701=EDGE_CURVE('',#536,#544,#139,.T.);
#702=EDGE_CURVE('',#541,#535,#140,.T.);
#703=EDGE_CURVE('',#521,#524,#141,.T.);
#704=EDGE_CURVE('',#528,#530,#39,.T.);
#705=EDGE_CURVE('',#545,#518,#22,.T.);
#706=EDGE_CURVE('',#546,#547,#448,.T.);
#707=EDGE_CURVE('',#546,#548,#142,.T.);
#708=EDGE_CURVE('',#549,#548,#449,.T.);
#709=EDGE_CURVE('',#547,#549,#143,.T.);
#710=EDGE_CURVE('',#547,#550,#144,.T.);
#711=EDGE_CURVE('',#551,#549,#145,.T.);
#712=EDGE_CURVE('',#550,#551,#146,.T.);
#713=EDGE_CURVE('',#550,#552,#147,.T.);
#714=EDGE_CURVE('',#553,#551,#148,.T.);
#715=EDGE_CURVE('',#552,#553,#149,.T.);
#716=EDGE_CURVE('',#554,#552,#150,.T.);
#717=EDGE_CURVE('',#555,#553,#151,.T.);
#718=EDGE_CURVE('',#554,#555,#152,.T.);
#719=EDGE_CURVE('',#556,#554,#450,.T.);
#720=EDGE_CURVE('',#557,#555,#451,.T.);
#721=EDGE_CURVE('',#556,#557,#153,.T.);
#722=EDGE_CURVE('',#558,#556,#154,.T.);
#723=EDGE_CURVE('',#559,#557,#155,.T.);
#724=EDGE_CURVE('',#558,#559,#156,.T.);
#725=EDGE_CURVE('',#558,#560,#157,.T.);
#726=EDGE_CURVE('',#561,#559,#158,.T.);
#727=EDGE_CURVE('',#560,#561,#159,.T.);
#728=EDGE_CURVE('',#560,#546,#160,.T.);
#729=EDGE_CURVE('',#548,#561,#161,.T.);
#730=ORIENTED_EDGE('',*,*,#562,.T.);
#731=ORIENTED_EDGE('',*,*,#562,.F.);
#732=ORIENTED_EDGE('',*,*,#563,.T.);
#733=ORIENTED_EDGE('',*,*,#564,.T.);
#734=ORIENTED_EDGE('',*,*,#563,.F.);
#735=ORIENTED_EDGE('',*,*,#564,.F.);
#736=ORIENTED_EDGE('',*,*,#565,.F.);
#737=ORIENTED_EDGE('',*,*,#566,.T.);
#738=ORIENTED_EDGE('',*,*,#567,.F.);
#739=ORIENTED_EDGE('',*,*,#566,.F.);
#740=ORIENTED_EDGE('',*,*,#568,.T.);
#741=ORIENTED_EDGE('',*,*,#569,.F.);
#742=ORIENTED_EDGE('',*,*,#570,.F.);
#743=ORIENTED_EDGE('',*,*,#571,.T.);
#744=ORIENTED_EDGE('',*,*,#572,.T.);
#745=ORIENTED_EDGE('',*,*,#573,.T.);
#746=ORIENTED_EDGE('',*,*,#574,.T.);
#747=ORIENTED_EDGE('',*,*,#575,.F.);
#748=ORIENTED_EDGE('',*,*,#576,.F.);
#749=ORIENTED_EDGE('',*,*,#565,.T.);
#750=ORIENTED_EDGE('',*,*,#577,.T.);
#751=ORIENTED_EDGE('',*,*,#578,.T.);
#752=ORIENTED_EDGE('',*,*,#579,.T.);
#753=ORIENTED_EDGE('',*,*,#567,.T.);
#754=ORIENTED_EDGE('',*,*,#580,.T.);
#755=ORIENTED_EDGE('',*,*,#581,.T.);
#756=ORIENTED_EDGE('',*,*,#582,.T.);
#757=ORIENTED_EDGE('',*,*,#583,.F.);
#758=ORIENTED_EDGE('',*,*,#584,.T.);
#759=ORIENTED_EDGE('',*,*,#585,.F.);
#760=ORIENTED_EDGE('',*,*,#586,.F.);
#761=ORIENTED_EDGE('',*,*,#587,.T.);
#762=ORIENTED_EDGE('',*,*,#588,.F.);
#763=ORIENTED_EDGE('',*,*,#589,.F.);
#764=ORIENTED_EDGE('',*,*,#570,.T.);
#765=ORIENTED_EDGE('',*,*,#590,.T.);
#766=ORIENTED_EDGE('',*,*,#591,.T.);
#767=ORIENTED_EDGE('',*,*,#586,.T.);
#768=ORIENTED_EDGE('',*,*,#592,.T.);
#769=ORIENTED_EDGE('',*,*,#593,.T.);
#770=ORIENTED_EDGE('',*,*,#580,.F.);
#771=ORIENTED_EDGE('',*,*,#594,.F.);
#772=ORIENTED_EDGE('',*,*,#583,.T.);
#773=ORIENTED_EDGE('',*,*,#595,.T.);
#774=ORIENTED_EDGE('',*,*,#578,.F.);
#775=ORIENTED_EDGE('',*,*,#596,.T.);
#776=ORIENTED_EDGE('',*,*,#576,.T.);
#777=ORIENTED_EDGE('',*,*,#597,.T.);
#778=ORIENTED_EDGE('',*,*,#572,.F.);
#779=ORIENTED_EDGE('',*,*,#598,.T.);
#780=ORIENTED_EDGE('',*,*,#599,.T.);
#781=ORIENTED_EDGE('',*,*,#600,.T.);
#782=ORIENTED_EDGE('',*,*,#601,.F.);
#783=ORIENTED_EDGE('',*,*,#602,.F.);
#784=ORIENTED_EDGE('',*,*,#603,.T.);
#785=ORIENTED_EDGE('',*,*,#601,.T.);
#786=ORIENTED_EDGE('',*,*,#604,.T.);
#787=ORIENTED_EDGE('',*,*,#605,.T.);
#788=ORIENTED_EDGE('',*,*,#606,.T.);
#789=ORIENTED_EDGE('',*,*,#604,.F.);
#790=ORIENTED_EDGE('',*,*,#607,.F.);
#791=ORIENTED_EDGE('',*,*,#608,.F.);
#792=ORIENTED_EDGE('',*,*,#603,.F.);
#793=ORIENTED_EDGE('',*,*,#609,.F.);
#794=ORIENTED_EDGE('',*,*,#610,.T.);
#795=ORIENTED_EDGE('',*,*,#610,.F.);
#796=ORIENTED_EDGE('',*,*,#611,.F.);
#797=ORIENTED_EDGE('',*,*,#612,.F.);
#798=ORIENTED_EDGE('',*,*,#613,.F.);
#799=ORIENTED_EDGE('',*,*,#614,.T.);
#800=ORIENTED_EDGE('',*,*,#609,.T.);
#801=ORIENTED_EDGE('',*,*,#602,.T.);
#802=ORIENTED_EDGE('',*,*,#615,.T.);
#803=ORIENTED_EDGE('',*,*,#616,.T.);
#804=ORIENTED_EDGE('',*,*,#617,.T.);
#805=ORIENTED_EDGE('',*,*,#618,.F.);
#806=ORIENTED_EDGE('',*,*,#619,.T.);
#807=ORIENTED_EDGE('',*,*,#620,.T.);
#808=ORIENTED_EDGE('',*,*,#611,.T.);
#809=ORIENTED_EDGE('',*,*,#614,.F.);
#810=ORIENTED_EDGE('',*,*,#621,.T.);
#811=ORIENTED_EDGE('',*,*,#606,.F.);
#812=ORIENTED_EDGE('',*,*,#605,.F.);
#813=ORIENTED_EDGE('',*,*,#621,.F.);
#814=ORIENTED_EDGE('',*,*,#607,.T.);
#815=ORIENTED_EDGE('',*,*,#622,.T.);
#816=ORIENTED_EDGE('',*,*,#623,.F.);
#817=ORIENTED_EDGE('',*,*,#615,.F.);
#818=ORIENTED_EDGE('',*,*,#608,.T.);
#819=ORIENTED_EDGE('',*,*,#613,.T.);
#820=ORIENTED_EDGE('',*,*,#624,.T.);
#821=ORIENTED_EDGE('',*,*,#625,.T.);
#822=ORIENTED_EDGE('',*,*,#626,.F.);
#823=ORIENTED_EDGE('',*,*,#627,.T.);
#824=ORIENTED_EDGE('',*,*,#628,.T.);
#825=ORIENTED_EDGE('',*,*,#622,.F.);
#826=ORIENTED_EDGE('',*,*,#600,.F.);
#827=ORIENTED_EDGE('',*,*,#616,.F.);
#828=ORIENTED_EDGE('',*,*,#623,.T.);
#829=ORIENTED_EDGE('',*,*,#628,.F.);
#830=ORIENTED_EDGE('',*,*,#629,.F.);
#831=ORIENTED_EDGE('',*,*,#630,.F.);
#832=ORIENTED_EDGE('',*,*,#631,.T.);
#833=ORIENTED_EDGE('',*,*,#632,.F.);
#834=ORIENTED_EDGE('',*,*,#633,.F.);
#835=ORIENTED_EDGE('',*,*,#634,.F.);
#836=ORIENTED_EDGE('',*,*,#635,.T.);
#837=ORIENTED_EDGE('',*,*,#636,.F.);
#838=ORIENTED_EDGE('',*,*,#637,.F.);
#839=ORIENTED_EDGE('',*,*,#636,.T.);
#840=ORIENTED_EDGE('',*,*,#638,.T.);
#841=ORIENTED_EDGE('',*,*,#632,.T.);
#842=ORIENTED_EDGE('',*,*,#639,.T.);
#843=ORIENTED_EDGE('',*,*,#630,.T.);
#844=ORIENTED_EDGE('',*,*,#640,.T.);
#845=ORIENTED_EDGE('',*,*,#618,.T.);
#846=ORIENTED_EDGE('',*,*,#641,.T.);
#847=ORIENTED_EDGE('',*,*,#634,.T.);
#848=ORIENTED_EDGE('',*,*,#642,.T.);
#849=ORIENTED_EDGE('',*,*,#626,.T.);
#850=ORIENTED_EDGE('',*,*,#643,.T.);
#851=ORIENTED_EDGE('',*,*,#599,.F.);
#852=ORIENTED_EDGE('',*,*,#644,.T.);
#853=ORIENTED_EDGE('',*,*,#642,.F.);
#854=ORIENTED_EDGE('',*,*,#637,.T.);
#855=ORIENTED_EDGE('',*,*,#639,.F.);
#856=ORIENTED_EDGE('',*,*,#631,.F.);
#857=ORIENTED_EDGE('',*,*,#641,.F.);
#858=ORIENTED_EDGE('',*,*,#645,.F.);
#859=ORIENTED_EDGE('',*,*,#644,.F.);
#860=ORIENTED_EDGE('',*,*,#588,.T.);
#861=ORIENTED_EDGE('',*,*,#646,.F.);
#862=ORIENTED_EDGE('',*,*,#647,.T.);
#863=ORIENTED_EDGE('',*,*,#648,.T.);
#864=ORIENTED_EDGE('',*,*,#649,.F.);
#865=ORIENTED_EDGE('',*,*,#592,.F.);
#866=ORIENTED_EDGE('',*,*,#589,.T.);
#867=ORIENTED_EDGE('',*,*,#648,.F.);
#868=ORIENTED_EDGE('',*,*,#650,.F.);
#869=ORIENTED_EDGE('',*,*,#651,.F.);
#870=ORIENTED_EDGE('',*,*,#652,.F.);
#871=ORIENTED_EDGE('',*,*,#653,.F.);
#872=ORIENTED_EDGE('',*,*,#654,.F.);
#873=ORIENTED_EDGE('',*,*,#646,.T.);
#874=ORIENTED_EDGE('',*,*,#587,.F.);
#875=ORIENTED_EDGE('',*,*,#591,.F.);
#876=ORIENTED_EDGE('',*,*,#655,.T.);
#877=ORIENTED_EDGE('',*,*,#651,.T.);
#878=ORIENTED_EDGE('',*,*,#656,.F.);
#879=ORIENTED_EDGE('',*,*,#653,.T.);
#880=ORIENTED_EDGE('',*,*,#657,.T.);
#881=ORIENTED_EDGE('',*,*,#624,.F.);
#882=ORIENTED_EDGE('',*,*,#612,.T.);
#883=ORIENTED_EDGE('',*,*,#620,.F.);
#884=ORIENTED_EDGE('',*,*,#574,.F.);
#885=ORIENTED_EDGE('',*,*,#596,.F.);
#886=ORIENTED_EDGE('',*,*,#577,.F.);
#887=ORIENTED_EDGE('',*,*,#658,.F.);
#888=ORIENTED_EDGE('',*,*,#568,.F.);
#889=ORIENTED_EDGE('',*,*,#598,.F.);
#890=ORIENTED_EDGE('',*,*,#571,.F.);
#891=ORIENTED_EDGE('',*,*,#659,.F.);
#892=ORIENTED_EDGE('',*,*,#660,.F.);
#893=ORIENTED_EDGE('',*,*,#582,.F.);
#894=ORIENTED_EDGE('',*,*,#661,.F.);
#895=ORIENTED_EDGE('',*,*,#584,.F.);
#896=ORIENTED_EDGE('',*,*,#594,.T.);
#897=ORIENTED_EDGE('',*,*,#652,.T.);
#898=ORIENTED_EDGE('',*,*,#590,.F.);
#899=ORIENTED_EDGE('',*,*,#569,.T.);
#900=ORIENTED_EDGE('',*,*,#660,.T.);
#901=ORIENTED_EDGE('',*,*,#662,.T.);
#902=ORIENTED_EDGE('',*,*,#625,.F.);
#903=ORIENTED_EDGE('',*,*,#657,.F.);
#904=ORIENTED_EDGE('',*,*,#619,.F.);
#905=ORIENTED_EDGE('',*,*,#640,.F.);
#906=ORIENTED_EDGE('',*,*,#633,.T.);
#907=ORIENTED_EDGE('',*,*,#638,.F.);
#908=ORIENTED_EDGE('',*,*,#635,.F.);
#909=ORIENTED_EDGE('',*,*,#643,.F.);
#910=ORIENTED_EDGE('',*,*,#662,.F.);
#911=ORIENTED_EDGE('',*,*,#659,.T.);
#912=ORIENTED_EDGE('',*,*,#573,.F.);
#913=ORIENTED_EDGE('',*,*,#597,.F.);
#914=ORIENTED_EDGE('',*,*,#575,.T.);
#915=ORIENTED_EDGE('',*,*,#658,.T.);
#916=ORIENTED_EDGE('',*,*,#579,.F.);
#917=ORIENTED_EDGE('',*,*,#595,.F.);
#918=ORIENTED_EDGE('',*,*,#585,.T.);
#919=ORIENTED_EDGE('',*,*,#661,.T.);
#920=ORIENTED_EDGE('',*,*,#581,.F.);
#921=ORIENTED_EDGE('',*,*,#593,.F.);
#922=ORIENTED_EDGE('',*,*,#649,.T.);
#923=ORIENTED_EDGE('',*,*,#655,.F.);
#924=ORIENTED_EDGE('',*,*,#650,.T.);
#925=ORIENTED_EDGE('',*,*,#647,.F.);
#926=ORIENTED_EDGE('',*,*,#654,.T.);
#927=ORIENTED_EDGE('',*,*,#656,.T.);
#928=ORIENTED_EDGE('',*,*,#645,.T.);
#929=ORIENTED_EDGE('',*,*,#617,.F.);
#930=ORIENTED_EDGE('',*,*,#629,.T.);
#931=ORIENTED_EDGE('',*,*,#627,.F.);
#932=ORIENTED_EDGE('',*,*,#663,.F.);
#933=ORIENTED_EDGE('',*,*,#664,.F.);
#934=ORIENTED_EDGE('',*,*,#665,.F.);
#935=ORIENTED_EDGE('',*,*,#666,.T.);
#936=ORIENTED_EDGE('',*,*,#667,.F.);
#937=ORIENTED_EDGE('',*,*,#668,.T.);
#938=ORIENTED_EDGE('',*,*,#669,.F.);
#939=ORIENTED_EDGE('',*,*,#665,.T.);
#940=ORIENTED_EDGE('',*,*,#670,.F.);
#941=ORIENTED_EDGE('',*,*,#671,.F.);
#942=ORIENTED_EDGE('',*,*,#669,.T.);
#943=ORIENTED_EDGE('',*,*,#672,.T.);
#944=ORIENTED_EDGE('',*,*,#673,.T.);
#945=ORIENTED_EDGE('',*,*,#674,.T.);
#946=ORIENTED_EDGE('',*,*,#675,.T.);
#947=ORIENTED_EDGE('',*,*,#676,.T.);
#948=ORIENTED_EDGE('',*,*,#666,.F.);
#949=ORIENTED_EDGE('',*,*,#668,.F.);
#950=ORIENTED_EDGE('',*,*,#677,.F.);
#951=ORIENTED_EDGE('',*,*,#678,.T.);
#952=ORIENTED_EDGE('',*,*,#672,.F.);
#953=ORIENTED_EDGE('',*,*,#670,.T.);
#954=ORIENTED_EDGE('',*,*,#664,.T.);
#955=ORIENTED_EDGE('',*,*,#679,.T.);
#956=ORIENTED_EDGE('',*,*,#680,.T.);
#957=ORIENTED_EDGE('',*,*,#681,.T.);
#958=ORIENTED_EDGE('',*,*,#682,.T.);
#959=ORIENTED_EDGE('',*,*,#677,.T.);
#960=ORIENTED_EDGE('',*,*,#683,.F.);
#961=ORIENTED_EDGE('',*,*,#684,.F.);
#962=ORIENTED_EDGE('',*,*,#685,.F.);
#963=ORIENTED_EDGE('',*,*,#686,.F.);
#964=ORIENTED_EDGE('',*,*,#687,.F.);
#965=ORIENTED_EDGE('',*,*,#688,.T.);
#966=ORIENTED_EDGE('',*,*,#689,.T.);
#967=ORIENTED_EDGE('',*,*,#690,.T.);
#968=ORIENTED_EDGE('',*,*,#682,.F.);
#969=ORIENTED_EDGE('',*,*,#691,.F.);
#970=ORIENTED_EDGE('',*,*,#673,.F.);
#971=ORIENTED_EDGE('',*,*,#678,.F.);
#972=ORIENTED_EDGE('',*,*,#692,.T.);
#973=ORIENTED_EDGE('',*,*,#687,.T.);
#974=ORIENTED_EDGE('',*,*,#693,.T.);
#975=ORIENTED_EDGE('',*,*,#683,.T.);
#976=ORIENTED_EDGE('',*,*,#691,.T.);
#977=ORIENTED_EDGE('',*,*,#681,.F.);
#978=ORIENTED_EDGE('',*,*,#694,.F.);
#979=ORIENTED_EDGE('',*,*,#695,.F.);
#980=ORIENTED_EDGE('',*,*,#696,.T.);
#981=ORIENTED_EDGE('',*,*,#697,.T.);
#982=ORIENTED_EDGE('',*,*,#698,.F.);
#983=ORIENTED_EDGE('',*,*,#674,.F.);
#984=ORIENTED_EDGE('',*,*,#689,.F.);
#985=ORIENTED_EDGE('',*,*,#699,.F.);
#986=ORIENTED_EDGE('',*,*,#696,.F.);
#987=ORIENTED_EDGE('',*,*,#700,.F.);
#988=ORIENTED_EDGE('',*,*,#699,.T.);
#989=ORIENTED_EDGE('',*,*,#688,.F.);
#990=ORIENTED_EDGE('',*,*,#692,.F.);
#991=ORIENTED_EDGE('',*,*,#686,.T.);
#992=ORIENTED_EDGE('',*,*,#701,.T.);
#993=ORIENTED_EDGE('',*,*,#697,.F.);
#994=ORIENTED_EDGE('',*,*,#700,.T.);
#995=ORIENTED_EDGE('',*,*,#695,.T.);
#996=ORIENTED_EDGE('',*,*,#702,.T.);
#997=ORIENTED_EDGE('',*,*,#684,.T.);
#998=ORIENTED_EDGE('',*,*,#693,.F.);
#999=ORIENTED_EDGE('',*,*,#690,.F.);
#1000=ORIENTED_EDGE('',*,*,#667,.T.);
#1001=ORIENTED_EDGE('',*,*,#703,.T.);
#1002=ORIENTED_EDGE('',*,*,#671,.T.);
#1003=ORIENTED_EDGE('',*,*,#703,.F.);
#1004=ORIENTED_EDGE('',*,*,#702,.F.);
#1005=ORIENTED_EDGE('',*,*,#694,.T.);
#1006=ORIENTED_EDGE('',*,*,#680,.F.);
#1007=ORIENTED_EDGE('',*,*,#704,.F.);
#1008=ORIENTED_EDGE('',*,*,#675,.F.);
#1009=ORIENTED_EDGE('',*,*,#698,.T.);
#1010=ORIENTED_EDGE('',*,*,#701,.F.);
#1011=ORIENTED_EDGE('',*,*,#685,.T.);
#1012=ORIENTED_EDGE('',*,*,#663,.T.);
#1013=ORIENTED_EDGE('',*,*,#705,.F.);
#1014=ORIENTED_EDGE('',*,*,#705,.T.);
#1015=ORIENTED_EDGE('',*,*,#676,.F.);
#1016=ORIENTED_EDGE('',*,*,#704,.T.);
#1017=ORIENTED_EDGE('',*,*,#679,.F.);
#1018=ORIENTED_EDGE('',*,*,#706,.F.);
#1019=ORIENTED_EDGE('',*,*,#707,.T.);
#1020=ORIENTED_EDGE('',*,*,#708,.F.);
#1021=ORIENTED_EDGE('',*,*,#709,.F.);
#1022=ORIENTED_EDGE('',*,*,#710,.F.);
#1023=ORIENTED_EDGE('',*,*,#709,.T.);
#1024=ORIENTED_EDGE('',*,*,#711,.F.);
#1025=ORIENTED_EDGE('',*,*,#712,.F.);
#1026=ORIENTED_EDGE('',*,*,#713,.F.);
#1027=ORIENTED_EDGE('',*,*,#712,.T.);
#1028=ORIENTED_EDGE('',*,*,#714,.F.);
#1029=ORIENTED_EDGE('',*,*,#715,.F.);
#1030=ORIENTED_EDGE('',*,*,#716,.T.);
#1031=ORIENTED_EDGE('',*,*,#715,.T.);
#1032=ORIENTED_EDGE('',*,*,#717,.F.);
#1033=ORIENTED_EDGE('',*,*,#718,.F.);
#1034=ORIENTED_EDGE('',*,*,#719,.T.);
#1035=ORIENTED_EDGE('',*,*,#718,.T.);
#1036=ORIENTED_EDGE('',*,*,#720,.F.);
#1037=ORIENTED_EDGE('',*,*,#721,.F.);
#1038=ORIENTED_EDGE('',*,*,#722,.T.);
#1039=ORIENTED_EDGE('',*,*,#721,.T.);
#1040=ORIENTED_EDGE('',*,*,#723,.F.);
#1041=ORIENTED_EDGE('',*,*,#724,.F.);
#1042=ORIENTED_EDGE('',*,*,#725,.F.);
#1043=ORIENTED_EDGE('',*,*,#724,.T.);
#1044=ORIENTED_EDGE('',*,*,#726,.F.);
#1045=ORIENTED_EDGE('',*,*,#727,.F.);
#1046=ORIENTED_EDGE('',*,*,#728,.F.);
#1047=ORIENTED_EDGE('',*,*,#727,.T.);
#1048=ORIENTED_EDGE('',*,*,#729,.F.);
#1049=ORIENTED_EDGE('',*,*,#707,.F.);
#1050=ORIENTED_EDGE('',*,*,#728,.T.);
#1051=ORIENTED_EDGE('',*,*,#706,.T.);
#1052=ORIENTED_EDGE('',*,*,#710,.T.);
#1053=ORIENTED_EDGE('',*,*,#713,.T.);
#1054=ORIENTED_EDGE('',*,*,#716,.F.);
#1055=ORIENTED_EDGE('',*,*,#719,.F.);
#1056=ORIENTED_EDGE('',*,*,#722,.F.);
#1057=ORIENTED_EDGE('',*,*,#725,.T.);
#1058=ORIENTED_EDGE('',*,*,#729,.T.);
#1059=ORIENTED_EDGE('',*,*,#726,.T.);
#1060=ORIENTED_EDGE('',*,*,#723,.T.);
#1061=ORIENTED_EDGE('',*,*,#720,.T.);
#1062=ORIENTED_EDGE('',*,*,#717,.T.);
#1063=ORIENTED_EDGE('',*,*,#714,.T.);
#1064=ORIENTED_EDGE('',*,*,#711,.T.);
#1065=ORIENTED_EDGE('',*,*,#708,.T.);
#1066=PLANE('',#1190);
#1067=PLANE('',#1194);
#1068=PLANE('',#1198);
#1069=PLANE('',#1199);
#1070=PLANE('',#1200);
#1071=PLANE('',#1201);
#1072=PLANE('',#1202);
#1073=PLANE('',#1203);
#1074=PLANE('',#1204);
#1075=PLANE('',#1205);
#1076=PLANE('',#1218);
#1077=PLANE('',#1220);
#1078=PLANE('',#1223);
#1079=PLANE('',#1226);
#1080=PLANE('',#1227);
#1081=PLANE('',#1228);
#1082=PLANE('',#1231);
#1083=PLANE('',#1234);
#1084=PLANE('',#1239);
#1085=PLANE('',#1241);
#1086=PLANE('',#1242);
#1087=PLANE('',#1243);
#1088=PLANE('',#1245);
#1089=PLANE('',#1247);
#1090=PLANE('',#1250);
#1091=PLANE('',#1253);
#1092=PLANE('',#1254);
#1093=PLANE('',#1256);
#1094=PLANE('',#1258);
#1095=PLANE('',#1260);
#1096=PLANE('',#1261);
#1097=PLANE('',#1264);
#1098=PLANE('',#1269);
#1099=PLANE('',#1274);
#1100=PLANE('',#1275);
#1101=PLANE('',#1281);
#1102=PLANE('',#1282);
#1103=PLANE('',#1283);
#1104=PLANE('',#1287);
#1105=PLANE('',#1288);
#1106=PLANE('',#1289);
#1107=PLANE('',#1290);
#1108=PLANE('',#1291);
#1109=ADVANCED_FACE('',(#277),#1066,.T.);
#1110=ADVANCED_FACE('',(#278),#264,.T.);
#1111=ADVANCED_FACE('',(#279),#1067,.F.);
#1112=ADVANCED_FACE('',(#280),#265,.F.);
#1113=ADVANCED_FACE('',(#281),#1068,.T.);
#1114=ADVANCED_FACE('',(#282),#1069,.T.);
#1115=ADVANCED_FACE('',(#283,#46),#1070,.T.);
#1116=ADVANCED_FACE('',(#284,#47),#1071,.T.);
#1117=ADVANCED_FACE('',(#285),#1072,.T.);
#1118=ADVANCED_FACE('',(#286),#1073,.T.);
#1119=ADVANCED_FACE('',(#287),#1074,.F.);
#1120=ADVANCED_FACE('',(#288,#48),#1075,.T.);
#1121=ADVANCED_FACE('',(#289),#40,.T.);
#1122=ADVANCED_FACE('',(#290),#23,.F.);
#1123=ADVANCED_FACE('',(#291),#266,.T.);
#1124=ADVANCED_FACE('',(#292,#49),#1076,.T.);
#1125=ADVANCED_FACE('',(#293),#1077,.F.);
#1126=ADVANCED_FACE('',(#294),#267,.F.);
#1127=ADVANCED_FACE('',(#295),#41,.F.);
#1128=ADVANCED_FACE('',(#296),#1078,.F.);
#1129=ADVANCED_FACE('',(#297),#268,.F.);
#1130=ADVANCED_FACE('',(#298),#1079,.T.);
#1131=ADVANCED_FACE('',(#299),#1080,.T.);
#1132=ADVANCED_FACE('',(#300),#1081,.T.);
#1133=ADVANCED_FACE('',(#301),#1082,.T.);
#1134=ADVANCED_FACE('',(#302),#1083,.T.);
#1135=ADVANCED_FACE('',(#303),#269,.F.);
#1136=ADVANCED_FACE('',(#304),#1084,.T.);
#1137=ADVANCED_FACE('',(#305),#1085,.F.);
#1138=ADVANCED_FACE('',(#306),#1086,.F.);
#1139=ADVANCED_FACE('',(#307),#1087,.F.);
#1140=ADVANCED_FACE('',(#308),#42,.T.);
#1141=ADVANCED_FACE('',(#309),#1088,.T.);
#1142=ADVANCED_FACE('',(#310),#1089,.T.);
#1143=ADVANCED_FACE('',(#311),#1090,.T.);
#1144=ADVANCED_FACE('',(#312),#270,.T.);
#1145=ADVANCED_FACE('',(#313),#43,.T.);
#1146=ADVANCED_FACE('',(#314),#1091,.T.);
#1147=ADVANCED_FACE('',(#315,#50),#1092,.T.);
#1148=ADVANCED_FACE('',(#316),#13,.F.);
#1149=ADVANCED_FACE('',(#317),#1093,.F.);
#1150=ADVANCED_FACE('',(#318),#1094,.F.);
#1151=ADVANCED_FACE('',(#319),#44,.F.);
#1152=ADVANCED_FACE('',(#320),#1095,.F.);
#1153=ADVANCED_FACE('',(#321),#1096,.F.);
#1154=ADVANCED_FACE('',(#322),#1097,.F.);
#1155=ADVANCED_FACE('',(#323,#51),#271,.F.);
#1156=ADVANCED_FACE('',(#324),#1098,.F.);
#1157=ADVANCED_FACE('',(#325),#272,.T.);
#1158=ADVANCED_FACE('',(#326),#1099,.F.);
#1159=ADVANCED_FACE('',(#327),#1100,.F.);
#1160=ADVANCED_FACE('',(#328),#273,.T.);
#1161=ADVANCED_FACE('',(#329),#274,.T.);
#1162=ADVANCED_FACE('',(#330),#45,.T.);
#1163=ADVANCED_FACE('',(#331),#275,.T.);
#1164=ADVANCED_FACE('',(#332),#1101,.T.);
#1165=ADVANCED_FACE('',(#333),#1102,.T.);
#1166=ADVANCED_FACE('',(#334),#1103,.T.);
#1167=ADVANCED_FACE('',(#335),#276,.F.);
#1168=ADVANCED_FACE('',(#336),#1104,.T.);
#1169=ADVANCED_FACE('',(#337),#1105,.T.);
#1170=ADVANCED_FACE('',(#338),#1106,.T.);
#1171=ADVANCED_FACE('',(#339),#1107,.T.);
#1172=ADVANCED_FACE('',(#340),#1108,.F.);
#1173=CLOSED_SHELL('',(#1109,#1110,#1111));
#1174=CLOSED_SHELL('',(#1112,#1113,#1114,#1115,#1116,#1117,#1118,#1119,
#1120,#1121,#1122,#1123,#1124,#1125,#1126,#1127,#1128,#1129,#1130,#1131,
#1132,#1133,#1134,#1135,#1136,#1137,#1138,#1139,#1140,#1141,#1142,#1143,
#1144,#1145,#1146));
#1175=CLOSED_SHELL('',(#1147,#1148,#1149,#1150,#1151,#1152,#1153,#1154,
#1155,#1156,#1157,#1158,#1159,#1160,#1161,#1162));
#1176=CLOSED_SHELL('',(#1163,#1164,#1165,#1166,#1167,#1168,#1169,#1170,
#1171,#1172));
#1177=DERIVED_UNIT_ELEMENT(#1179,1.);
#1178=DERIVED_UNIT_ELEMENT(#2771,-3.);
#1179=(
MASS_UNIT()
NAMED_UNIT(*)
SI_UNIT(.KILO.,.GRAM.)
);
#1180=DERIVED_UNIT((#1177,#1178));
#1181=MEASURE_REPRESENTATION_ITEM('density measure',
POSITIVE_RATIO_MEASURE(7850.),#1180);
#1182=PROPERTY_DEFINITION_REPRESENTATION(#1187,#1184);
#1183=PROPERTY_DEFINITION_REPRESENTATION(#1188,#1185);
#1184=REPRESENTATION('material name',(#1186),#2768);
#1185=REPRESENTATION('density',(#1181),#2768);
#1186=DESCRIPTIVE_REPRESENTATION_ITEM('\X2\92FC\X0\','\X2\92FC\X0\');
#1187=PROPERTY_DEFINITION('material property','material name',#2778);
#1188=PROPERTY_DEFINITION('material property','density of part',#2778);
#1189=AXIS2_PLACEMENT_3D('',#1600,#1292,#1293);
#1190=AXIS2_PLACEMENT_3D('',#1601,#1294,#1295);
#1191=AXIS2_PLACEMENT_3D('',#1603,#1296,#1297);
#1192=AXIS2_PLACEMENT_3D('',#1604,#1298,#1299);
#1193=AXIS2_PLACEMENT_3D('',#1607,#1301,#1302);
#1194=AXIS2_PLACEMENT_3D('',#1608,#1303,#1304);
#1195=AXIS2_PLACEMENT_3D('',#1609,#1305,#1306);
#1196=AXIS2_PLACEMENT_3D('',#1611,#1307,#1308);
#1197=AXIS2_PLACEMENT_3D('',#1614,#1310,#1311);
#1198=AXIS2_PLACEMENT_3D('',#1615,#1312,#1313);
#1199=AXIS2_PLACEMENT_3D('',#1622,#1317,#1318);
#1200=AXIS2_PLACEMENT_3D('',#1629,#1322,#1323);
#1201=AXIS2_PLACEMENT_3D('',#1636,#1327,#1328);
#1202=AXIS2_PLACEMENT_3D('',#1643,#1332,#1333);
#1203=AXIS2_PLACEMENT_3D('',#1650,#1337,#1338);
#1204=AXIS2_PLACEMENT_3D('',#1657,#1342,#1343);
#1205=AXIS2_PLACEMENT_3D('',#1666,#1348,#1349);
#1206=AXIS2_PLACEMENT_3D('',#1668,#1350,#1351);
#1207=AXIS2_PLACEMENT_3D('',#1672,#1354,#1355);
#1208=AXIS2_PLACEMENT_3D('',#1674,#1357,#1358);
#1209=AXIS2_PLACEMENT_3D('',#1676,#1360,#1361);
#1210=AXIS2_PLACEMENT_3D('',#1679,#1363,#1364);
#1211=AXIS2_PLACEMENT_3D('',#1723,#1365,#1366);
#1212=AXIS2_PLACEMENT_3D('',#1729,#1367,#1368);
#1213=AXIS2_PLACEMENT_3D('',#1730,#1369,#1370);
#1214=AXIS2_PLACEMENT_3D('',#1734,#1372,#1373);
#1215=AXIS2_PLACEMENT_3D('',#1735,#1374,#1375);
#1216=AXIS2_PLACEMENT_3D('',#1860,#1376,#1377);
#1217=AXIS2_PLACEMENT_3D('',#1865,#1380,#1381);
#1218=AXIS2_PLACEMENT_3D('',#1866,#1382,#1383);
#1219=AXIS2_PLACEMENT_3D('',#1892,#1386,#1387);
#1220=AXIS2_PLACEMENT_3D('',#1893,#1388,#1389);
#1221=AXIS2_PLACEMENT_3D('',#1918,#1394,#1395);
#1222=AXIS2_PLACEMENT_3D('',#2044,#1397,#1398);
#1223=AXIS2_PLACEMENT_3D('',#2045,#1399,#1400);
#1224=AXIS2_PLACEMENT_3D('',#2063,#1405,#1406);
#1225=AXIS2_PLACEMENT_3D('',#2064,#1407,#1408);
#1226=AXIS2_PLACEMENT_3D('',#2065,#1409,#1410);
#1227=AXIS2_PLACEMENT_3D('',#2074,#1415,#1416);
#1228=AXIS2_PLACEMENT_3D('',#2083,#1421,#1422);
#1229=AXIS2_PLACEMENT_3D('',#2084,#1423,#1424);
#1230=AXIS2_PLACEMENT_3D('',#2085,#1425,#1426);
#1231=AXIS2_PLACEMENT_3D('',#2086,#1427,#1428);
#1232=AXIS2_PLACEMENT_3D('',#2087,#1429,#1430);
#1233=AXIS2_PLACEMENT_3D('',#2088,#1431,#1432);
#1234=AXIS2_PLACEMENT_3D('',#2089,#1433,#1434);
#1235=AXIS2_PLACEMENT_3D('',#2090,#1435,#1436);
#1236=AXIS2_PLACEMENT_3D('',#2091,#1437,#1438);
#1237=AXIS2_PLACEMENT_3D('',#2092,#1439,#1440);
#1238=AXIS2_PLACEMENT_3D('',#2094,#1442,#1443);
#1239=AXIS2_PLACEMENT_3D('',#2095,#1444,#1445);
#1240=AXIS2_PLACEMENT_3D('',#2099,#1447,#1448);
#1241=AXIS2_PLACEMENT_3D('',#2101,#1450,#1451);
#1242=AXIS2_PLACEMENT_3D('',#2110,#1454,#1455);
#1243=AXIS2_PLACEMENT_3D('',#2119,#1458,#1459);
#1244=AXIS2_PLACEMENT_3D('',#2120,#1460,#1461);
#1245=AXIS2_PLACEMENT_3D('',#2200,#1462,#1463);
#1246=AXIS2_PLACEMENT_3D('',#2201,#1464,#1465);
#1247=AXIS2_PLACEMENT_3D('',#2202,#1466,#1467);
#1248=AXIS2_PLACEMENT_3D('',#2204,#1468,#1469);
#1249=AXIS2_PLACEMENT_3D('',#2205,#1470,#1471);
#1250=AXIS2_PLACEMENT_3D('',#2206,#1472,#1473);
#1251=AXIS2_PLACEMENT_3D('',#2207,#1474,#1475);
#1252=AXIS2_PLACEMENT_3D('',#2208,#1476,#1477);
#1253=AXIS2_PLACEMENT_3D('',#2245,#1479,#1480);
#1254=AXIS2_PLACEMENT_3D('',#2246,#1481,#1482);
#1255=AXIS2_PLACEMENT_3D('',#2305,#1485,#1486);
#1256=AXIS2_PLACEMENT_3D('',#2378,#1489,#1490);
#1257=AXIS2_PLACEMENT_3D('',#2380,#1491,#1492);
#1258=AXIS2_PLACEMENT_3D('',#2381,#1493,#1494);
#1259=AXIS2_PLACEMENT_3D('',#2536,#1498,#1499);
#1260=AXIS2_PLACEMENT_3D('',#2537,#1500,#1501);
#1261=AXIS2_PLACEMENT_3D('',#2553,#1505,#1506);
#1262=AXIS2_PLACEMENT_3D('',#2556,#1507,#1508);
#1263=AXIS2_PLACEMENT_3D('',#2560,#1510,#1511);
#1264=AXIS2_PLACEMENT_3D('',#2562,#1513,#1514);
#1265=AXIS2_PLACEMENT_3D('',#2565,#1515,#1516);
#1266=AXIS2_PLACEMENT_3D('',#2569,#1518,#1519);
#1267=AXIS2_PLACEMENT_3D('',#2571,#1521,#1522);
#1268=AXIS2_PLACEMENT_3D('',#2572,#1523,#1524);
#1269=AXIS2_PLACEMENT_3D('',#2575,#1527,#1528);
#1270=AXIS2_PLACEMENT_3D('',#2577,#1529,#1530);
#1271=AXIS2_PLACEMENT_3D('',#2581,#1532,#1533);
#1272=AXIS2_PLACEMENT_3D('',#2584,#1535,#1536);
#1273=AXIS2_PLACEMENT_3D('',#2585,#1537,#1538);
#1274=AXIS2_PLACEMENT_3D('',#2588,#1541,#1542);
#1275=AXIS2_PLACEMENT_3D('',#2590,#1544,#1545);
#1276=AXIS2_PLACEMENT_3D('',#2592,#1547,#1548);
#1277=AXIS2_PLACEMENT_3D('',#2594,#1550,#1551);
#1278=AXIS2_PLACEMENT_3D('',#2716,#1552,#1553);
#1279=AXIS2_PLACEMENT_3D('',#2719,#1554,#1555);
#1280=AXIS2_PLACEMENT_3D('',#2723,#1557,#1558);
#1281=AXIS2_PLACEMENT_3D('',#2725,#1560,#1561);
#1282=AXIS2_PLACEMENT_3D('',#2731,#1565,#1566);
#1283=AXIS2_PLACEMENT_3D('',#2737,#1570,#1571);
#1284=AXIS2_PLACEMENT_3D('',#2743,#1575,#1576);
#1285=AXIS2_PLACEMENT_3D('',#2745,#1577,#1578);
#1286=AXIS2_PLACEMENT_3D('',#2747,#1579,#1580);
#1287=AXIS2_PLACEMENT_3D('',#2749,#1582,#1583);
#1288=AXIS2_PLACEMENT_3D('',#2755,#1587,#1588);
#1289=AXIS2_PLACEMENT_3D('',#2761,#1592,#1593);
#1290=AXIS2_PLACEMENT_3D('',#2764,#1596,#1597);
#1291=AXIS2_PLACEMENT_3D('',#2765,#1598,#1599);
#1292=DIRECTION('axis',(0.,0.,1.));
#1293=DIRECTION('refdir',(1.,0.,0.));
#1294=DIRECTION('center_axis',(0.,1.,0.));
#1295=DIRECTION('ref_axis',(1.,0.,0.));
#1296=DIRECTION('center_axis',(0.,1.,0.));
#1297=DIRECTION('ref_axis',(1.,0.,0.));
#1298=DIRECTION('center_axis',(0.,1.,0.));
#1299=DIRECTION('ref_axis',(1.,0.,0.));
#1300=DIRECTION('',(0.,-1.,0.));
#1301=DIRECTION('center_axis',(0.,1.,0.));
#1302=DIRECTION('ref_axis',(1.,0.,0.));
#1303=DIRECTION('center_axis',(0.,1.,0.));
#1304=DIRECTION('ref_axis',(1.,0.,0.));
#1305=DIRECTION('center_axis',(1.,0.,0.));
#1306=DIRECTION('ref_axis',(0.,0.,1.));
#1307=DIRECTION('center_axis',(1.,0.,0.));
#1308=DIRECTION('ref_axis',(0.,0.,1.));
#1309=DIRECTION('',(1.,0.,0.));
#1310=DIRECTION('center_axis',(-1.,0.,0.));
#1311=DIRECTION('ref_axis',(0.,0.,1.));
#1312=DIRECTION('center_axis',(0.,0.,-1.));
#1313=DIRECTION('ref_axis',(-1.,0.,0.));
#1314=DIRECTION('',(0.707106781186547,0.707106781186547,0.));
#1315=DIRECTION('',(0.,1.,0.));
#1316=DIRECTION('',(1.,0.,-5.20731536139745E-17));
#1317=DIRECTION('center_axis',(0.,0.,1.));
#1318=DIRECTION('ref_axis',(1.,0.,0.));
#1319=DIRECTION('',(-0.707106781186547,-0.707106781186547,0.));
#1320=DIRECTION('',(1.,0.,0.));
#1321=DIRECTION('',(0.,1.,0.));
#1322=DIRECTION('center_axis',(-1.,0.,0.));
#1323=DIRECTION('ref_axis',(0.,0.,1.));
#1324=DIRECTION('',(0.,0.628337095246322,-0.777941189767847));
#1325=DIRECTION('',(0.,1.,0.));
#1326=DIRECTION('',(0.,0.,-1.));
#1327=DIRECTION('center_axis',(1.,0.,0.));
#1328=DIRECTION('ref_axis',(0.,0.,-1.));
#1329=DIRECTION('',(0.,-0.628337095246322,0.777941189767847));
#1330=DIRECTION('',(0.,0.,-1.));
#1331=DIRECTION('',(0.,1.,0.));
#1332=DIRECTION('center_axis',(0.,0.,-1.));
#1333=DIRECTION('ref_axis',(-1.,0.,0.));
#1334=DIRECTION('',(-1.,0.,0.));
#1335=DIRECTION('',(0.,1.,0.));
#1336=DIRECTION('',(0.707106781186547,-0.707106781186547,0.));
#1337=DIRECTION('center_axis',(0.,0.,1.));
#1338=DIRECTION('ref_axis',(1.,0.,0.));
#1339=DIRECTION('',(-1.,0.,1.1419793760606E-17));
#1340=DIRECTION('',(-0.707106781186547,0.707106781186547,0.));
#1341=DIRECTION('',(0.,1.,0.));
#1342=DIRECTION('center_axis',(0.,0.,1.));
#1343=DIRECTION('ref_axis',(1.,0.,0.));
#1344=DIRECTION('',(1.,0.,0.));
#1345=DIRECTION('',(0.,1.,0.));
#1346=DIRECTION('',(-1.,0.,0.));
#1347=DIRECTION('',(0.,1.,0.));
#1348=DIRECTION('center_axis',(0.,-1.,0.));
#1349=DIRECTION('ref_axis',(0.,0.,-1.));
#1350=DIRECTION('center_axis',(0.,-1.,0.));
#1351=DIRECTION('ref_axis',(1.,0.,0.));
#1352=DIRECTION('',(0.,0.,1.));
#1353=DIRECTION('',(0.,0.,-1.));
#1354=DIRECTION('center_axis',(0.,-1.,0.));
#1355=DIRECTION('ref_axis',(1.,0.,0.));
#1356=DIRECTION('',(0.,0.,-1.));
#1357=DIRECTION('center_axis',(0.,-1.,0.));
#1358=DIRECTION('ref_axis',(1.,0.,0.));
#1359=DIRECTION('',(-1.,0.,0.));
#1360=DIRECTION('center_axis',(0.,-1.,0.));
#1361=DIRECTION('ref_axis',(1.,0.,0.));
#1362=DIRECTION('',(0.,0.,-1.));
#1363=DIRECTION('center_axis',(0.,1.,0.));
#1364=DIRECTION('ref_axis',(1.,0.,0.));
#1365=DIRECTION('center_axis',(0.,-1.,0.));
#1366=DIRECTION('ref_axis',(1.,0.,0.));
#1367=DIRECTION('center_axis',(0.,-1.,0.));
#1368=DIRECTION('ref_axis',(1.,0.,0.));
#1369=DIRECTION('center_axis',(0.,-1.,0.));
#1370=DIRECTION('ref_axis',(1.,0.,2.30577088021212E-15));
#1371=DIRECTION('',(0.707106781186522,0.707106781186572,1.71702183088396E-15));
#1372=DIRECTION('center_axis',(0.,1.,0.));
#1373=DIRECTION('ref_axis',(1.,0.,0.));
#1374=DIRECTION('center_axis',(0.,1.,0.));
#1375=DIRECTION('ref_axis',(1.,0.,0.));
#1376=DIRECTION('center_axis',(0.,-1.,0.));
#1377=DIRECTION('ref_axis',(1.,0.,0.));
#1378=DIRECTION('',(0.,1.,0.));
#1379=DIRECTION('',(0.,-1.,0.));
#1380=DIRECTION('center_axis',(0.,-1.,0.));
#1381=DIRECTION('ref_axis',(1.,0.,0.));
#1382=DIRECTION('center_axis',(0.,1.,0.));
#1383=DIRECTION('ref_axis',(-1.,0.,0.));
#1384=DIRECTION('',(-1.,0.,-1.22464679914735E-16));
#1385=DIRECTION('',(-1.,0.,-1.22464679914735E-16));
#1386=DIRECTION('center_axis',(0.,-1.,0.));
#1387=DIRECTION('ref_axis',(1.,0.,0.));
#1388=DIRECTION('center_axis',(1.22464679914735E-16,0.,-1.));
#1389=DIRECTION('ref_axis',(-1.,0.,-1.22464679914735E-16));
#1390=DIRECTION('',(1.40576991960028E-10,-1.,0.));
#1391=DIRECTION('',(0.999999999999453,1.04549300221595E-6,0.));
#1392=DIRECTION('',(-1.,0.,0.));
#1393=DIRECTION('',(0.,1.,0.));
#1394=DIRECTION('center_axis',(0.,-1.,0.));
#1395=DIRECTION('ref_axis',(1.,0.,0.));
#1396=DIRECTION('',(0.,-1.,0.));
#1397=DIRECTION('center_axis',(-1.40576991960028E-10,1.,0.));
#1398=DIRECTION('ref_axis',(1.,1.40576991960028E-10,0.));
#1399=DIRECTION('center_axis',(1.22464679914735E-16,0.,-1.));
#1400=DIRECTION('ref_axis',(-1.,0.,-1.22464679914735E-16));
#1401=DIRECTION('',(0.,-1.,0.));
#1402=DIRECTION('',(-1.,0.,-1.22464679914735E-16));
#1403=DIRECTION('',(0.999999999999453,-1.04549300221595E-6,1.22464679914668E-16));
#1404=DIRECTION('',(-1.40576991960028E-10,1.,0.));
#1405=DIRECTION('center_axis',(-1.40576991960028E-10,1.,0.));
#1406=DIRECTION('ref_axis',(1.,1.40576946427489E-10,6.83919242938244E-17));
#1407=DIRECTION('center_axis',(0.,1.,0.));
#1408=DIRECTION('ref_axis',(1.,0.,1.38777878078146E-16));
#1409=DIRECTION('center_axis',(1.,0.,0.));
#1410=DIRECTION('ref_axis',(0.,0.,-1.));
#1411=DIRECTION('',(0.,0.,1.));
#1412=DIRECTION('',(0.,1.,0.));
#1413=DIRECTION('',(0.,0.,-1.));
#1414=DIRECTION('',(0.,1.,0.));
#1415=DIRECTION('center_axis',(-1.,0.,0.));
#1416=DIRECTION('ref_axis',(0.,0.,1.));
#1417=DIRECTION('',(0.,0.,-1.));
#1418=DIRECTION('',(0.,1.,0.));
#1419=DIRECTION('',(0.,0.,1.));
#1420=DIRECTION('',(0.,1.,0.));
#1421=DIRECTION('center_axis',(0.,1.,0.));
#1422=DIRECTION('ref_axis',(-1.,0.,0.));
#1423=DIRECTION('center_axis',(0.,1.,0.));
#1424=DIRECTION('ref_axis',(-1.,0.,-8.88159601721985E-17));
#1425=DIRECTION('center_axis',(0.,-1.,0.));
#1426=DIRECTION('ref_axis',(-1.,0.,6.12323399573676E-17));
#1427=DIRECTION('center_axis',(0.,1.,0.));
#1428=DIRECTION('ref_axis',(0.,0.,1.));
#1429=DIRECTION('center_axis',(0.,1.,0.));
#1430=DIRECTION('ref_axis',(-1.,0.,0.));
#1431=DIRECTION('center_axis',(0.,-1.,0.));
#1432=DIRECTION('ref_axis',(1.,0.,0.));
#1433=DIRECTION('center_axis',(0.,1.,0.));
#1434=DIRECTION('ref_axis',(0.,0.,1.));
#1435=DIRECTION('center_axis',(0.,-1.,0.));
#1436=DIRECTION('ref_axis',(1.,0.,0.));
#1437=DIRECTION('center_axis',(0.,1.,0.));
#1438=DIRECTION('ref_axis',(-1.,0.,0.));
#1439=DIRECTION('center_axis',(0.,1.,0.));
#1440=DIRECTION('ref_axis',(1.,0.,0.));
#1441=DIRECTION('',(0.,1.,0.));
#1442=DIRECTION('center_axis',(0.,-1.,0.));
#1443=DIRECTION('ref_axis',(1.,0.,0.));
#1444=DIRECTION('center_axis',(0.,1.,0.));
#1445=DIRECTION('ref_axis',(0.,0.,1.));
#1446=DIRECTION('',(0.,0.,-1.));
#1447=DIRECTION('center_axis',(0.,-1.,0.));
#1448=DIRECTION('ref_axis',(1.,0.,0.));
#1449=DIRECTION('',(0.,0.,-1.));
#1450=DIRECTION('center_axis',(1.,0.,0.));
#1451=DIRECTION('ref_axis',(0.,0.,1.));
#1452=DIRECTION('',(0.,1.,0.));
#1453=DIRECTION('',(0.,0.,1.));
#1454=DIRECTION('center_axis',(-1.,0.,0.));
#1455=DIRECTION('ref_axis',(0.,0.,-1.));
#1456=DIRECTION('',(0.,-1.,0.));
#1457=DIRECTION('',(0.,0.,-1.));
#1458=DIRECTION('center_axis',(0.,1.,0.));
#1459=DIRECTION('ref_axis',(-1.,0.,0.));
#1460=DIRECTION('center_axis',(0.,-1.,0.));
#1461=DIRECTION('ref_axis',(1.,0.,0.));
#1462=DIRECTION('center_axis',(0.,0.777941189767848,0.628337095246322));
#1463=DIRECTION('ref_axis',(0.,-0.628337095246322,0.777941189767847));
#1464=DIRECTION('center_axis',(0.,0.777941189767848,0.628337095246322));
#1465=DIRECTION('ref_axis',(0.,0.628337095246322,-0.777941189767847));
#1466=DIRECTION('center_axis',(-0.707106781186548,0.707106781186548,0.));
#1467=DIRECTION('ref_axis',(-0.707106781186548,-0.707106781186548,0.));
#1468=DIRECTION('center_axis',(-0.707106781186548,0.707106781186548,0.));
#1469=DIRECTION('ref_axis',(0.707106781186547,0.707106781186547,0.));
#1470=DIRECTION('center_axis',(-0.707106781186548,0.707106781186548,0.));
#1471=DIRECTION('ref_axis',(0.707106781186547,0.707106781186547,0.));
#1472=DIRECTION('center_axis',(0.707106781186548,0.707106781186548,0.));
#1473=DIRECTION('ref_axis',(-0.707106781186548,0.707106781186548,0.));
#1474=DIRECTION('center_axis',(0.707106781186548,0.707106781186548,0.));
#1475=DIRECTION('ref_axis',(0.707106781186547,-0.707106781186547,0.));
#1476=DIRECTION('center_axis',(0.,1.,0.));
#1477=DIRECTION('ref_axis',(1.,0.,0.));
#1478=DIRECTION('',(0.,1.,0.));
#1479=DIRECTION('center_axis',(0.,-1.,0.));
#1480=DIRECTION('ref_axis',(0.,0.,-1.));
#1481=DIRECTION('center_axis',(0.,-1.,0.));
#1482=DIRECTION('ref_axis',(0.,0.,-1.));
#1483=DIRECTION('',(1.,0.,6.69535286834775E-17));
#1484=DIRECTION('',(-1.,0.,-6.69535286834775E-17));
#1485=DIRECTION('center_axis',(0.,-1.,0.));
#1486=DIRECTION('ref_axis',(1.,0.,0.));
#1487=DIRECTION('',(0.,-1.,0.));
#1488=DIRECTION('',(0.,1.,0.));
#1489=DIRECTION('center_axis',(0.,1.,0.));
#1490=DIRECTION('ref_axis',(0.,0.,1.));
#1491=DIRECTION('center_axis',(0.,1.,0.));
#1492=DIRECTION('ref_axis',(-1.,0.,0.));
#1493=DIRECTION('center_axis',(-6.69535286834775E-17,0.,1.));
#1494=DIRECTION('ref_axis',(1.,0.,6.69535286834775E-17));
#1495=DIRECTION('',(1.40576991960028E-10,-1.,-2.10962209625989E-59));
#1496=DIRECTION('',(1.,0.,6.69535286834775E-17));
#1497=DIRECTION('',(0.,1.,0.));
#1498=DIRECTION('center_axis',(1.40576991960028E-10,-1.,-2.10962209625989E-59));
#1499=DIRECTION('ref_axis',(1.,1.40576991960028E-10,2.96564328464623E-69));
#1500=DIRECTION('center_axis',(-6.69535286834775E-17,0.,1.));
#1501=DIRECTION('ref_axis',(1.,0.,6.69535286834775E-17));
#1502=DIRECTION('',(0.,-1.,0.));
#1503=DIRECTION('',(1.,0.,6.69535286834775E-17));
#1504=DIRECTION('',(-1.40576991960028E-10,1.,2.10962209625989E-59));
#1505=DIRECTION('center_axis',(0.,1.,0.));
#1506=DIRECTION('ref_axis',(0.,0.,1.));
#1507=DIRECTION('center_axis',(0.,-1.,0.));
#1508=DIRECTION('ref_axis',(-1.,0.,9.47350828778665E-59));
#1509=DIRECTION('',(0.,0.,-1.));
#1510=DIRECTION('center_axis',(0.,1.,0.));
#1511=DIRECTION('ref_axis',(-1.,0.,5.55111512312578E-17));
#1512=DIRECTION('',(0.,0.,1.));
#1513=DIRECTION('center_axis',(0.,-1.,0.));
#1514=DIRECTION('ref_axis',(1.,0.,0.));
#1515=DIRECTION('center_axis',(0.,1.,0.));
#1516=DIRECTION('ref_axis',(-1.,0.,9.47350828778665E-59));
#1517=DIRECTION('',(0.,0.,1.));
#1518=DIRECTION('center_axis',(0.,1.,0.));
#1519=DIRECTION('ref_axis',(1.,0.,0.));
#1520=DIRECTION('',(0.,0.,-1.));
#1521=DIRECTION('center_axis',(1.40576991960028E-10,-1.,-2.10962209625989E-59));
#1522=DIRECTION('ref_axis',(-1.,-1.40576991639094E-10,9.47350828749009E-59));
#1523=DIRECTION('center_axis',(0.,1.,0.));
#1524=DIRECTION('ref_axis',(-1.,0.,9.47350828778665E-59));
#1525=DIRECTION('',(-1.85037170770859E-16,-1.,-2.683409050519E-11));
#1526=DIRECTION('',(1.85037170770859E-16,1.,-2.683409050519E-11));
#1527=DIRECTION('center_axis',(0.,1.,0.));
#1528=DIRECTION('ref_axis',(0.,0.,1.));
#1529=DIRECTION('center_axis',(0.,1.,0.));
#1530=DIRECTION('ref_axis',(-1.,0.,5.55111512312578E-17));
#1531=DIRECTION('',(5.55111512312578E-17,0.,1.));
#1532=DIRECTION('center_axis',(0.,-1.,0.));
#1533=DIRECTION('ref_axis',(1.,0.,0.));
#1534=DIRECTION('',(5.55111512312578E-17,0.,1.));
#1535=DIRECTION('center_axis',(0.,1.,0.));
#1536=DIRECTION('ref_axis',(-1.,0.,5.55111512312578E-17));
#1537=DIRECTION('center_axis',(0.,-1.,0.));
#1538=DIRECTION('ref_axis',(1.,0.,0.));
#1539=DIRECTION('',(0.,1.,0.));
#1540=DIRECTION('',(0.,-1.,0.));
#1541=DIRECTION('center_axis',(-1.,0.,5.55111512312578E-17));
#1542=DIRECTION('ref_axis',(-5.55111512312578E-17,0.,-1.));
#1543=DIRECTION('',(0.,-1.,0.));
#1544=DIRECTION('center_axis',(1.,0.,-5.55111512312578E-17));
#1545=DIRECTION('ref_axis',(5.55111512312578E-17,0.,1.));
#1546=DIRECTION('',(0.,1.,0.));
#1547=DIRECTION('center_axis',(0.,1.,0.));
#1548=DIRECTION('ref_axis',(-1.,0.,0.));
#1549=DIRECTION('',(0.,-1.,0.));
#1550=DIRECTION('center_axis',(0.,1.,0.));
#1551=DIRECTION('ref_axis',(-1.,0.,5.55111512312578E-17));
#1552=DIRECTION('center_axis',(0.,-1.,0.));
#1553=DIRECTION('ref_axis',(-1.,0.,0.));
#1554=DIRECTION('center_axis',(0.,1.,0.));
#1555=DIRECTION('ref_axis',(-1.,0.,0.));
#1556=DIRECTION('',(0.,-1.,0.));
#1557=DIRECTION('center_axis',(0.,-1.,0.));
#1558=DIRECTION('ref_axis',(-1.,0.,0.));
#1559=DIRECTION('',(0.,-1.,0.));
#1560=DIRECTION('center_axis',(-1.,0.,0.));
#1561=DIRECTION('ref_axis',(0.,0.,-1.));
#1562=DIRECTION('',(0.,0.,1.));
#1563=DIRECTION('',(0.,0.,-1.));
#1564=DIRECTION('',(0.,-1.,0.));
#1565=DIRECTION('center_axis',(0.,0.,1.));
#1566=DIRECTION('ref_axis',(-1.,0.,0.));
#1567=DIRECTION('',(1.,0.,0.));
#1568=DIRECTION('',(-1.,0.,0.));
#1569=DIRECTION('',(0.,-1.,0.));
#1570=DIRECTION('center_axis',(1.,0.,0.));
#1571=DIRECTION('ref_axis',(0.,0.,1.));
#1572=DIRECTION('',(0.,0.,1.));
#1573=DIRECTION('',(0.,0.,1.));
#1574=DIRECTION('',(0.,-1.,0.));
#1575=DIRECTION('center_axis',(0.,-1.,0.));
#1576=DIRECTION('ref_axis',(-1.,0.,0.));
#1577=DIRECTION('center_axis',(0.,1.,0.));
#1578=DIRECTION('ref_axis',(-1.,0.,0.));
#1579=DIRECTION('center_axis',(0.,1.,0.));
#1580=DIRECTION('ref_axis',(-1.,0.,0.));
#1581=DIRECTION('',(0.,-1.,0.));
#1582=DIRECTION('center_axis',(-1.,0.,0.));
#1583=DIRECTION('ref_axis',(0.,0.,-1.));
#1584=DIRECTION('',(0.,0.,-1.));
#1585=DIRECTION('',(0.,0.,-1.));
#1586=DIRECTION('',(0.,-1.,0.));
#1587=DIRECTION('center_axis',(0.,0.,1.));
#1588=DIRECTION('ref_axis',(-1.,0.,0.));
#1589=DIRECTION('',(1.,0.,0.));
#1590=DIRECTION('',(-1.,0.,0.));
#1591=DIRECTION('',(0.,-1.,0.));
#1592=DIRECTION('center_axis',(1.,0.,0.));
#1593=DIRECTION('ref_axis',(0.,0.,1.));
#1594=DIRECTION('',(0.,0.,-1.));
#1595=DIRECTION('',(0.,0.,1.));
#1596=DIRECTION('center_axis',(0.,1.,0.));
#1597=DIRECTION('ref_axis',(-1.,0.,0.));
#1598=DIRECTION('center_axis',(0.,1.,0.));
#1599=DIRECTION('ref_axis',(-1.,0.,0.));
#1600=CARTESIAN_POINT('',(0.,0.,0.));
#1601=CARTESIAN_POINT('Origin',(0.,70.,0.));
#1602=CARTESIAN_POINT('',(-9.,70.,1.10218211923262E-15));
#1603=CARTESIAN_POINT('Origin',(0.,70.,0.));
#1604=CARTESIAN_POINT('Origin',(0.,0.,0.));
#1605=CARTESIAN_POINT('',(-9.,0.,1.10218211923262E-15));
#1606=CARTESIAN_POINT('',(-9.,0.,1.10218211923262E-15));
#1607=CARTESIAN_POINT('Origin',(0.,0.,0.));
#1608=CARTESIAN_POINT('Origin',(0.,0.,0.));
#1609=CARTESIAN_POINT('Origin',(-0.2,2.,48.6741393138009));
#1610=CARTESIAN_POINT('',(-0.2,2.,48.1741393138009));
#1611=CARTESIAN_POINT('Origin',(-0.2,2.,48.6741393138009));
#1612=CARTESIAN_POINT('',(0.2,2.,48.1741393138009));
#1613=CARTESIAN_POINT('',(-0.2,2.,48.1741393138009));
#1614=CARTESIAN_POINT('Origin',(0.2,2.,48.6741393138009));
#1615=CARTESIAN_POINT('Origin',(-25.000000372529,25.000000372529,-0.2));
#1616=CARTESIAN_POINT('',(-61.0000009089708,0.,-0.2));
#1617=CARTESIAN_POINT('',(-9.99799994900141,51.0020009599694,-0.2));
#1618=CARTESIAN_POINT('',(-41.0000006109476,20.0000002980232,-0.2));
#1619=CARTESIAN_POINT('',(-9.99799994900141,0.,-0.2));
#1620=CARTESIAN_POINT('',(-9.99799994900141,0.,-0.2));
#1621=CARTESIAN_POINT('',(-5.37409091591695,0.,-0.199999999999996));
#1622=CARTESIAN_POINT('Origin',(-25.000000372529,25.000000372529,0.2));
#1623=CARTESIAN_POINT('',(-9.99799994900141,51.0020009599694,0.2));
#1624=CARTESIAN_POINT('',(-61.0000009089708,0.,0.2));
#1625=CARTESIAN_POINT('',(-41.0000006109476,20.0000002980232,0.2));
#1626=CARTESIAN_POINT('',(-9.99799994900141,0.,0.2));
#1627=CARTESIAN_POINT('',(0.,0.,0.2));
#1628=CARTESIAN_POINT('',(-9.99799994900141,0.,0.2));
#1629=CARTESIAN_POINT('Origin',(-0.2,17.5000002607703,23.0000003427267));
#1630=CARTESIAN_POINT('',(-0.2,0.,54.3333346827163));
#1631=CARTESIAN_POINT('',(-0.2,35.8093077082973,9.99799994900141));
#1632=CARTESIAN_POINT('',(-0.2,14.0000002086163,37.000000551343));
#1633=CARTESIAN_POINT('',(-0.199999995529652,0.,9.99799994909084));
#1634=CARTESIAN_POINT('',(-0.199999995529652,0.,9.99799994909084));
#1635=CARTESIAN_POINT('',(-0.199999995529652,0.,40.4990909159169));
#1636=CARTESIAN_POINT('Origin',(0.2,17.5000002607703,23.0000003427267));
#1637=CARTESIAN_POINT('',(0.2,35.8093077082973,9.99799994900141));
#1638=CARTESIAN_POINT('',(0.2,0.,54.3333346827163));
#1639=CARTESIAN_POINT('',(0.2,14.0000002086163,37.000000551343));
#1640=CARTESIAN_POINT('',(0.199999995529652,0.,9.99799994909084));
#1641=CARTESIAN_POINT('',(0.2,0.,0.));
#1642=CARTESIAN_POINT('',(0.199999995529652,0.,9.99799994909084));
#1643=CARTESIAN_POINT('Origin',(25.000000372529,25.000000372529,-0.2));
#1644=CARTESIAN_POINT('',(61.0000009089708,0.,-0.2));
#1645=CARTESIAN_POINT('',(9.99799994900141,0.,-0.200000000000001));
#1646=CARTESIAN_POINT('',(0.,0.,-0.2));
#1647=CARTESIAN_POINT('',(9.99799994900141,51.0020009599694,-0.2));
#1648=CARTESIAN_POINT('',(9.99799994900141,0.,-0.200000000000001));
#1649=CARTESIAN_POINT('',(41.0000006109476,20.0000002980232,-0.2));
#1650=CARTESIAN_POINT('Origin',(25.000000372529,25.000000372529,0.2));
#1651=CARTESIAN_POINT('',(61.0000009089708,0.,0.2));
#1652=CARTESIAN_POINT('',(9.99799994900141,0.,0.2));
#1653=CARTESIAN_POINT('',(5.62409091591694,0.,0.199999999999996));
#1654=CARTESIAN_POINT('',(9.99799994900141,51.0020009599694,0.2));
#1655=CARTESIAN_POINT('',(41.0000006109476,20.0000002980232,0.2));
#1656=CARTESIAN_POINT('',(9.99799994900141,0.,0.2));
#1657=CARTESIAN_POINT('Origin',(-1.49999996647239,0.,-9.49999978765845));
#1658=CARTESIAN_POINT('',(-1.49999996647239,0.,-9.49999978765845));
#1659=CARTESIAN_POINT('',(1.49999996647239,0.,-9.49999978765845));
#1660=CARTESIAN_POINT('',(-0.624999983236194,0.,-9.49999978765845));
#1661=CARTESIAN_POINT('',(-1.49999996647239,70.,-9.49999978765845));
#1662=CARTESIAN_POINT('',(-1.49999996647239,0.,-9.49999978765845));
#1663=CARTESIAN_POINT('',(1.49999996647239,70.,-9.49999978765845));
#1664=CARTESIAN_POINT('',(-0.624999983236194,70.,-9.49999978765845));
#1665=CARTESIAN_POINT('',(1.49999996647239,0.,-9.49999978765845));
#1666=CARTESIAN_POINT('Origin',(0.25,0.,70.));
#1667=CARTESIAN_POINT('',(-1.49999996647239,0.,-9.88686012244611));
#1668=CARTESIAN_POINT('Origin',(0.,0.,0.));
#1669=CARTESIAN_POINT('',(-1.49999996647239,0.,30.0565699387769));
#1670=CARTESIAN_POINT('',(1.49999996647239,0.,-9.88686012244611));
#1671=CARTESIAN_POINT('',(1.49999996647239,0.,30.2500001061708));
#1672=CARTESIAN_POINT('Origin',(0.,0.,0.));
#1673=CARTESIAN_POINT('',(61.0000009089708,0.,35.));
#1674=CARTESIAN_POINT('Origin',(0.,0.,0.));
#1675=CARTESIAN_POINT('',(0.125,0.,54.3333346827163));
#1676=CARTESIAN_POINT('Origin',(0.,0.,0.));
#1677=CARTESIAN_POINT('',(-61.0000009089708,0.,35.));
#1678=CARTESIAN_POINT('',(-8.99721969865092,0.,1.10184163051784E-15));
#1679=CARTESIAN_POINT('Origin',(0.,0.,0.));
#1680=CARTESIAN_POINT('Ctrl Pts',(2.40963206008454,169.340376097603,-4.60317181320785E-16));
#1681=CARTESIAN_POINT('Ctrl Pts',(2.40963206008458,169.340376097603,2.40963206008454));
#1682=CARTESIAN_POINT('Ctrl Pts',(3.57570112140444E-14,169.340376097603,
2.40963206008458));
#1683=CARTESIAN_POINT('Ctrl Pts',(-2.40963206008451,169.340376097603,2.40963206008461));
#1684=CARTESIAN_POINT('Ctrl Pts',(-2.40963206008454,169.340376097603,7.1053705246768E-14));
#1685=CARTESIAN_POINT('Ctrl Pts',(-2.40963206008458,169.340376097603,-2.40963206008447));
#1686=CARTESIAN_POINT('Ctrl Pts',(-3.57570112140444E-14,169.340376097603,
-2.40963206008451));
#1687=CARTESIAN_POINT('Ctrl Pts',(2.40963206008451,169.340376097603,-2.40963206008454));
#1688=CARTESIAN_POINT('Ctrl Pts',(2.40963206008454,169.340376097603,-4.60317181320785E-16));
#1689=CARTESIAN_POINT('Ctrl Pts',(2.3854701678319,169.560966928768,-4.63276159721643E-16));
#1690=CARTESIAN_POINT('Ctrl Pts',(2.38547016783193,169.560966928768,2.38547016783189));
#1691=CARTESIAN_POINT('Ctrl Pts',(3.57599701924453E-14,169.560966928768,
2.38547016783193));
#1692=CARTESIAN_POINT('Ctrl Pts',(-2.38547016783186,169.560966928768,2.38547016783197));
#1693=CARTESIAN_POINT('Ctrl Pts',(-2.3854701678319,169.560966928768,7.10566642251689E-14));
#1694=CARTESIAN_POINT('Ctrl Pts',(-2.38547016783193,169.560966928768,-2.38547016783182));
#1695=CARTESIAN_POINT('Ctrl Pts',(-3.57599701924453E-14,169.560966928768,
-2.38547016783186));
#1696=CARTESIAN_POINT('Ctrl Pts',(2.38547016783186,169.560966928768,-2.3854701678319));
#1697=CARTESIAN_POINT('Ctrl Pts',(2.3854701678319,169.560966928768,-4.63276159721643E-16));
#1698=CARTESIAN_POINT('Ctrl Pts',(2.36119682365321,169.780866009929,-4.66248787046942E-16));
#1699=CARTESIAN_POINT('Ctrl Pts',(2.36119682365324,169.780866009929,2.36119682365321));
#1700=CARTESIAN_POINT('Ctrl Pts',(3.57629428197706E-14,169.780866009929,
2.36119682365324));
#1701=CARTESIAN_POINT('Ctrl Pts',(-2.36119682365317,169.780866009929,2.36119682365328));
#1702=CARTESIAN_POINT('Ctrl Pts',(-2.36119682365321,169.780866009929,7.10596368524942E-14));
#1703=CARTESIAN_POINT('Ctrl Pts',(-2.36119682365324,169.780866009929,-2.36119682365313));
#1704=CARTESIAN_POINT('Ctrl Pts',(-3.57629428197706E-14,169.780866009929,
-2.36119682365317));
#1705=CARTESIAN_POINT('Ctrl Pts',(2.36119682365317,169.780866009929,-2.36119682365321));
#1706=CARTESIAN_POINT('Ctrl Pts',(2.36119682365321,169.780866009929,-4.66248787046942E-16));
#1707=CARTESIAN_POINT('Ctrl Pts',(2.33681403776377,170.000002832446,-4.69234817116323E-16));
#1708=CARTESIAN_POINT('Ctrl Pts',(2.3368140377638,170.000002832446,2.33681403776376));
#1709=CARTESIAN_POINT('Ctrl Pts',(3.57659288498399E-14,170.000002832446,
2.3368140377638));
#1710=CARTESIAN_POINT('Ctrl Pts',(-2.33681403776373,170.000002832446,2.33681403776384));
#1711=CARTESIAN_POINT('Ctrl Pts',(-2.33681403776377,170.000002832446,7.10626228825636E-14));
#1712=CARTESIAN_POINT('Ctrl Pts',(-2.3368140377638,170.000002832446,-2.33681403776369));
#1713=CARTESIAN_POINT('Ctrl Pts',(-3.57659288498399E-14,170.000002832446,
-2.33681403776373));
#1714=CARTESIAN_POINT('Ctrl Pts',(2.33681403776373,170.000002832446,-2.33681403776377));
#1715=CARTESIAN_POINT('Ctrl Pts',(2.33681403776377,170.000002832446,-4.69234817116323E-16));
#1716=CARTESIAN_POINT('',(-2.33681403790015,170.000002831221,2.86177183171702E-16));
#1717=CARTESIAN_POINT('',(-2.40963206008454,169.340376097603,-2.95094818950538E-16));
#1718=CARTESIAN_POINT('Ctrl Pts',(-2.40963206038359,169.340376097636,-3.23022773485475E-16));
#1719=CARTESIAN_POINT('Ctrl Pts',(-2.38547016834293,169.560966927436,-3.20063795110581E-16));
#1720=CARTESIAN_POINT('Ctrl Pts',(-2.36119682426679,169.780866008249,-3.17091167797836E-16));
#1721=CARTESIAN_POINT('Ctrl Pts',(-2.33681403838338,170.000002831274,-3.14105137729195E-16));
#1722=CARTESIAN_POINT('',(2.40963206008454,169.340376097603,-4.60317181320785E-16));
#1723=CARTESIAN_POINT('Origin',(0.,169.340376097603,3.52966940327236E-14));
#1724=CARTESIAN_POINT('',(2.33681403790015,170.000002831221,1.50315343297182E-15));
#1725=CARTESIAN_POINT('Ctrl Pts',(2.33681403776377,170.000002832446,-5.63852627630447E-16));
#1726=CARTESIAN_POINT('Ctrl Pts',(2.3611968236532,169.780866009929,-5.68525917711427E-16));
#1727=CARTESIAN_POINT('Ctrl Pts',(2.38547016783189,169.560966928769,2.9240768884594E-16));
#1728=CARTESIAN_POINT('Ctrl Pts',(2.40963206008454,169.340376097603,2.95094818954687E-16));
#1729=CARTESIAN_POINT('Origin',(0.,170.000002831221,0.));
#1730=CARTESIAN_POINT('Origin',(0.,169.670192086085,3.52966940327236E-14));
#1731=CARTESIAN_POINT('',(-1.75,170.000002831221,-2.14313189850787E-16));
#1732=CARTESIAN_POINT('',(-2.07981607160254,169.670192086085,3.0246410689135E-14));
#1733=CARTESIAN_POINT('',(1.75,170.000002831221,7.10542702011133E-14));
#1734=CARTESIAN_POINT('Origin',(0.,170.000002831221,0.));
#1735=CARTESIAN_POINT('Origin',(0.,170.000002831221,0.));
#1736=CARTESIAN_POINT('Ctrl Pts',(2.40963100992235,169.340375982574,9.02055436827802E-16));
#1737=CARTESIAN_POINT('Ctrl Pts',(2.40963100992235,169.340375982574,-0.0607242968677518));
#1738=CARTESIAN_POINT('Ctrl Pts',(2.40733363197724,169.340375982574,-0.122403218253049));
#1739=CARTESIAN_POINT('Ctrl Pts',(2.40253433926045,169.340375982573,-0.184798140294807));
#1740=CARTESIAN_POINT('Ctrl Pts',(2.39781872228086,169.340375982573,-0.246105205977839));
#1741=CARTESIAN_POINT('Ctrl Pts',(2.39068707442167,169.340375982572,-0.30810323865588));
#1742=CARTESIAN_POINT('Ctrl Pts',(2.38097326495548,169.34037598257,-0.370523839391566));
#1743=CARTESIAN_POINT('Ctrl Pts',(2.37141037249736,169.340375982569,-0.431974652698483));
#1744=CARTESIAN_POINT('Ctrl Pts',(2.35934439894502,169.340375982567,-0.493834598544676));
#1745=CARTESIAN_POINT('Ctrl Pts',(2.34465244608395,169.340375982565,-0.555811578753492));
#1746=CARTESIAN_POINT('Ctrl Pts',(2.33016054578831,169.340375982563,-0.6169446511438));
#1747=CARTESIAN_POINT('Ctrl Pts',(2.31311325463512,169.340375982561,-0.678191077419053));
#1748=CARTESIAN_POINT('Ctrl Pts',(2.29343472510642,169.340375982558,-0.739242021058879));
#1749=CARTESIAN_POINT('Ctrl Pts',(2.27398599871781,169.340375982555,-0.799580020241492));
#1750=CARTESIAN_POINT('Ctrl Pts',(2.25196680788454,169.340375982552,-0.85972647415793));
#1751=CARTESIAN_POINT('Ctrl Pts',(2.22735098531427,169.340375982549,-0.919363471249349));
#1752=CARTESIAN_POINT('Ctrl Pts',(2.20297450534595,169.340375982545,-0.978420610648994));
#1753=CARTESIAN_POINT('Ctrl Pts',(2.17605145535198,169.340375982541,-1.03697749027781));
#1754=CARTESIAN_POINT('Ctrl Pts',(2.14660664534426,169.340375982537,-1.09471526628727));
#1755=CARTESIAN_POINT('Ctrl Pts',(2.11739018043492,169.340375982533,-1.15200528467357));
#1756=CARTESIAN_POINT('Ctrl Pts',(2.08569087492487,169.340375982529,-1.20848816298027));
#1757=CARTESIAN_POINT('Ctrl Pts',(2.05158438340515,169.340375982524,-1.26385249213762));
#1758=CARTESIAN_POINT('Ctrl Pts',(2.01626516375933,169.340375982519,-1.32118541660218));
#1759=CARTESIAN_POINT('Ctrl Pts',(1.97836426816775,169.340375982514,-1.3773179578571));
#1760=CARTESIAN_POINT('Ctrl Pts',(1.93802398589657,169.340375982508,-1.43191642013307));
#1761=CARTESIAN_POINT('Ctrl Pts',(1.89894433744637,169.340375982503,-1.48480868046291));
#1762=CARTESIAN_POINT('Ctrl Pts',(1.85757591173282,169.340375982497,-1.53626062514797));
#1763=CARTESIAN_POINT('Ctrl Pts',(1.81409873947555,169.340375982491,-1.58599097337818));
#1764=CARTESIAN_POINT('Ctrl Pts',(1.77121830474841,169.340375982485,-1.63503875731925));
#1765=CARTESIAN_POINT('Ctrl Pts',(1.72628710789568,169.340375982478,-1.68241134974181));
#1766=CARTESIAN_POINT('Ctrl Pts',(1.67952061603857,169.340375982472,-1.7278692382689));
#1767=CARTESIAN_POINT('Ctrl Pts',(1.63269808968585,169.340375982465,-1.77338159335431));
#1768=CARTESIAN_POINT('Ctrl Pts',(1.58403638313341,169.340375982458,-1.81697416600384));
#1769=CARTESIAN_POINT('Ctrl Pts',(1.53378746869415,169.340375982451,-1.85844494273741));
#1770=CARTESIAN_POINT('Ctrl Pts',(1.48338171469266,169.340375982444,-1.90004516024678));
#1771=CARTESIAN_POINT('Ctrl Pts',(1.43137944160206,169.340375982437,-1.93950995079411));
#1772=CARTESIAN_POINT('Ctrl Pts',(1.37806241689878,169.340375982429,-1.97668044445713));
#1773=CARTESIAN_POINT('Ctrl Pts',(1.3244767204455,169.340375982422,-2.01403824530085));
#1774=CARTESIAN_POINT('Ctrl Pts',(1.26956366807421,169.340375982414,-2.04907834510431));
#1775=CARTESIAN_POINT('Ctrl Pts',(1.2136271999928,169.340375982406,-2.08168936776546));
#1776=CARTESIAN_POINT('Ctrl Pts',(1.15730203399324,169.340375982398,-2.11452700174212));
#1777=CARTESIAN_POINT('Ctrl Pts',(1.09993989252248,169.34037598239,-2.14490161235735));
#1778=CARTESIAN_POINT('Ctrl Pts',(1.04185862924753,169.340375982382,-2.17275221807672));
#1779=CARTESIAN_POINT('Ctrl Pts',(0.983263478214145,169.340375982374,-2.20084923863863));
#1780=CARTESIAN_POINT('Ctrl Pts',(0.923937134804997,169.340375982365,-2.22637747986173));
#1781=CARTESIAN_POINT('Ctrl Pts',(0.864202772475676,169.340375982357,-2.249327715698));
#1782=CARTESIAN_POINT('Ctrl Pts',(0.803827292424821,169.340375982348,-2.27252427211649));
#1783=CARTESIAN_POINT('Ctrl Pts',(0.743035662032023,169.34037598234,-2.29308742570776));
#1784=CARTESIAN_POINT('Ctrl Pts',(0.682147759127538,169.340375982331,-2.31105950579982));
#1785=CARTESIAN_POINT('Ctrl Pts',(0.620492579184135,169.340375982323,-2.32925806050733));
#1786=CARTESIAN_POINT('Ctrl Pts',(0.558739289672365,169.340375982314,-2.34480020383814));
#1787=CARTESIAN_POINT('Ctrl Pts',(0.497196141421467,169.340375982305,-2.35777810695912));
#1788=CARTESIAN_POINT('Ctrl Pts',(0.43476362281752,169.340375982297,-2.37094355593383));
#1789=CARTESIAN_POINT('Ctrl Pts',(0.372547870146234,169.340375982288,-2.38147061093125));
#1790=CARTESIAN_POINT('Ctrl Pts',(0.310837742658785,169.340375982279,-2.38949816959736));
#1791=CARTESIAN_POINT('Ctrl Pts',(0.248123003333634,169.34037598227,-2.39765641314118));
#1792=CARTESIAN_POINT('Ctrl Pts',(0.185930873653384,169.340375982262,-2.40323370324981));
#1793=CARTESIAN_POINT('Ctrl Pts',(0.124523869268126,169.340375982253,-2.40641131372487));
#1794=CARTESIAN_POINT('Ctrl Pts',(0.0870256166365357,169.340375982248,-2.40835172494589));
#1795=CARTESIAN_POINT('Ctrl Pts',(0.0498193052306364,169.340375982243,-2.4093979608791));
#1796=CARTESIAN_POINT('Ctrl Pts',(0.0129566831825765,169.340375982237,-2.4095961755538));
#1797=CARTESIAN_POINT('Ctrl Pts',(0.00810187871494196,169.340375982237,
-2.4096222804111));
#1798=CARTESIAN_POINT('Ctrl Pts',(0.0032552400857827,169.340375982236,-2.40963368306701));
#1799=CARTESIAN_POINT('Ctrl Pts',(-0.00159019721558415,169.340375982235,
-2.40963048539831));
#1800=CARTESIAN_POINT('Ctrl Pts',(-0.0623214834915092,169.340375982227,
-2.40959040675908));
#1801=CARTESIAN_POINT('Ctrl Pts',(-0.124005207614794,169.340375982218,-2.40725178782297));
#1802=CARTESIAN_POINT('Ctrl Pts',(-0.186402463286636,169.340375982209,-2.40241039929451));
#1803=CARTESIAN_POINT('Ctrl Pts',(-0.247728021790112,169.340375982201,-2.39765216349963));
#1804=CARTESIAN_POINT('Ctrl Pts',(-0.309742528009997,169.340375982192,-2.39047579323751));
#1805=CARTESIAN_POINT('Ctrl Pts',(-0.372177144043074,169.340375982183,-2.38071539216255));
#1806=CARTESIAN_POINT('Ctrl Pts',(-0.433654151446714,169.340375982175,-2.37110469400705));
#1807=CARTESIAN_POINT('Ctrl Pts',(-0.495538072509428,169.340375982166,-2.35898809145549));
#1808=CARTESIAN_POINT('Ctrl Pts',(-0.557536236179422,169.340375982157,-2.34424293759083));
#1809=CARTESIAN_POINT('Ctrl Pts',(-0.620598198392515,169.340375982148,-2.32924477827777));
#1810=CARTESIAN_POINT('Ctrl Pts',(-0.683777941661903,169.340375982139,-2.31152636241376));
#1811=CARTESIAN_POINT('Ctrl Pts',(-0.746735829926342,169.340375982131,-2.2910057192144));
#1812=CARTESIAN_POINT('Ctrl Pts',(-0.806811583834944,169.340375982122,-2.27142448571253));
#1813=CARTESIAN_POINT('Ctrl Pts',(-0.86668458857944,169.340375982114,-2.24929167065421));
#1814=CARTESIAN_POINT('Ctrl Pts',(-0.926040211672905,169.340375982105,-2.22458336135135));
#1815=CARTESIAN_POINT('Ctrl Pts',(-0.984890122908235,169.340375982097,-2.20008556765523));
#1816=CARTESIAN_POINT('Ctrl Pts',(-1.04323077890851,169.340375982089,-2.17305579053951));
#1817=CARTESIAN_POINT('Ctrl Pts',(-1.10074588721749,169.340375982081,-2.14352049140569));
#1818=CARTESIAN_POINT('Ctrl Pts',(-1.15787380441818,169.340375982073,-2.11418402359709));
#1819=CARTESIAN_POINT('Ctrl Pts',(-1.21418656610835,169.340375982065,-2.08237561054674));
#1820=CARTESIAN_POINT('Ctrl Pts',(-1.26937465998197,169.340375982057,-2.04817225300059));
#1821=CARTESIAN_POINT('Ctrl Pts',(-1.32429048401248,169.340375982049,-2.01413763733587));
#1822=CARTESIAN_POINT('Ctrl Pts',(-1.37809202454417,169.340375982042,-1.9777317567692));
#1823=CARTESIAN_POINT('Ctrl Pts',(-1.43048501565563,169.340375982034,-1.93908076815054));
#1824=CARTESIAN_POINT('Ctrl Pts',(-1.48271416589143,169.340375982027,-1.90055064706942));
#1825=CARTESIAN_POINT('Ctrl Pts',(-1.53354291187964,169.34037598202,-1.85978969348803));
#1826=CARTESIAN_POINT('Ctrl Pts',(-1.5827004087064,169.340375982013,-1.81697028642862));
#1827=CARTESIAN_POINT('Ctrl Pts',(-1.63179322777999,169.340375982006,-1.7742072179385));
#1828=CARTESIAN_POINT('Ctrl Pts',(-1.67921861049253,169.340375981999,-1.72939150339799));
#1829=CARTESIAN_POINT('Ctrl Pts',(-1.72473669970976,169.340375981993,-1.68273733012961));
#1830=CARTESIAN_POINT('Ctrl Pts',(-1.77027745490707,169.340375981987,-1.63605992516192));
#1831=CARTESIAN_POINT('Ctrl Pts',(-1.81390853332194,169.340375981981,-1.58754274416104));
#1832=CARTESIAN_POINT('Ctrl Pts',(-1.85542772834882,169.340375981975,-1.53743603133953));
#1833=CARTESIAN_POINT('Ctrl Pts',(-1.89704287379666,169.340375981969,-1.48721352243418));
#1834=CARTESIAN_POINT('Ctrl Pts',(-1.9365360040677,169.340375981963,-1.43539473486132));
#1835=CARTESIAN_POINT('Ctrl Pts',(-1.97374806353818,169.340375981958,-1.38225908834435));
#1836=CARTESIAN_POINT('Ctrl Pts',(-2.01125799817111,169.340375981953,-1.32869810150593));
#1837=CARTESIAN_POINT('Ctrl Pts',(-2.04644994475907,169.340375981948,-1.27379975843022));
#1838=CARTESIAN_POINT('Ctrl Pts',(-2.07921092896769,169.340375981943,-1.21786843235727));
#1839=CARTESIAN_POINT('Ctrl Pts',(-2.11217280561183,169.340375981939,-1.16159413184114));
#1840=CARTESIAN_POINT('Ctrl Pts',(-2.14267374740388,169.340375981934,-1.10427485596588));
#1841=CARTESIAN_POINT('Ctrl Pts',(-2.17065144339712,169.34037598193,-1.04622842485925));
#1842=CARTESIAN_POINT('Ctrl Pts',(-2.19884533633753,169.340375981926,-0.987733441405715));
#1843=CARTESIAN_POINT('Ctrl Pts',(-2.22447692799846,169.340375981923,-0.928500730199692));
#1844=CARTESIAN_POINT('Ctrl Pts',(-2.24753569989747,169.34037598192,-0.868852624684331));
#1845=CARTESIAN_POINT('Ctrl Pts',(-2.2708092075673,169.340375981916,-0.808649043709485));
#1846=CARTESIAN_POINT('Ctrl Pts',(-2.29146199693959,169.340375981913,-0.748022962033439));
#1847=CARTESIAN_POINT('Ctrl Pts',(-2.30953475885629,169.340375981911,-0.687292371114701));
#1848=CARTESIAN_POINT('Ctrl Pts',(-2.32793796452909,169.340375981908,-0.625451377443675));
#1849=CARTESIAN_POINT('Ctrl Pts',(-2.34366626406747,169.340375981906,-0.563502652284287));
#1850=CARTESIAN_POINT('Ctrl Pts',(-2.35681149971425,169.340375981904,-0.501758069780969));
#1851=CARTESIAN_POINT('Ctrl Pts',(-2.37010020826778,169.340375981902,-0.439339579637956));
#1852=CARTESIAN_POINT('Ctrl Pts',(-2.3807496785774,169.340375981901,-0.377130206465187));
#1853=CARTESIAN_POINT('Ctrl Pts',(-2.38889770254987,169.3403759819,-0.315419359804826));
#1854=CARTESIAN_POINT('Ctrl Pts',(-2.39721192149933,169.340375981899,-0.252449799034774));
#1855=CARTESIAN_POINT('Ctrl Pts',(-2.40292217848353,169.340375981898,-0.189999732839223));
#1856=CARTESIAN_POINT('Ctrl Pts',(-2.40621104505144,169.340375981897,-0.12833554638805));
#1857=CARTESIAN_POINT('Ctrl Pts',(-2.4085145529353,169.340375981897,-0.0851462175695186));
#1858=CARTESIAN_POINT('Ctrl Pts',(-2.4096310102992,169.340375981897,-0.0423415195750386));
#1859=CARTESIAN_POINT('Ctrl Pts',(-2.4096310102992,169.340375981897,-1.02846486481944E-15));
#1860=CARTESIAN_POINT('Origin',(0.,175.000002831221,0.));
#1861=CARTESIAN_POINT('',(-2.33681403790015,175.000002831221,2.86177183171702E-16));
#1862=CARTESIAN_POINT('',(-2.33681403790015,175.000002831221,-2.86177183171702E-16));
#1863=CARTESIAN_POINT('',(2.33681403790015,175.000002831221,2.86177183171702E-16));
#1864=CARTESIAN_POINT('',(2.33681403790015,175.000002831221,2.86177183171702E-16));
#1865=CARTESIAN_POINT('Origin',(0.,175.000002831221,0.));
#1866=CARTESIAN_POINT('Origin',(0.,175.000002831221,0.));
#1867=CARTESIAN_POINT('',(3.75777433383261,175.000002831221,0.));
#1868=CARTESIAN_POINT('',(-2.87262652116262,175.000002831221,-3.5179528742876E-16));
#1869=CARTESIAN_POINT('',(-3.75777433383261,175.000002831221,-4.60194630984618E-16));
#1870=CARTESIAN_POINT('Ctrl Pts',(-3.7577743338326,175.000002831221,-2.08166817117217E-16));
#1871=CARTESIAN_POINT('Ctrl Pts',(-3.7577743338326,175.000002831221,-0.260562788155757));
#1872=CARTESIAN_POINT('Ctrl Pts',(-3.73067333180053,175.000002831221,-0.520420408876194));
#1873=CARTESIAN_POINT('Ctrl Pts',(-3.62314471472964,175.000002831221,-1.03033163918675));
#1874=CARTESIAN_POINT('Ctrl Pts',(-3.54300810701254,175.000002831221,-1.27900526356462));
#1875=CARTESIAN_POINT('Ctrl Pts',(-3.24020798901397,175.000002831221,-1.96503235696287));
#1876=CARTESIAN_POINT('Ctrl Pts',(-2.95707522843173,175.000002831221,-2.3698113995372));
#1877=CARTESIAN_POINT('Ctrl Pts',(-2.25158849377029,175.000002831221,-3.04805663180694));
#1878=CARTESIAN_POINT('Ctrl Pts',(-1.83597935739445,175.000002831221,-3.31503842740963));
#1879=CARTESIAN_POINT('Ctrl Pts',(-0.92581633065767,175.000002831221,-3.6746651681301));
#1880=CARTESIAN_POINT('Ctrl Pts',(-0.43996409490952,175.000002831221,-3.76387188559487));
#1881=CARTESIAN_POINT('Ctrl Pts',(0.5385874903718,175.000002831221,-3.75102965746687));
#1882=CARTESIAN_POINT('Ctrl Pts',(1.02193135339786,175.000002831221,-3.64910349057456));
#1883=CARTESIAN_POINT('Ctrl Pts',(1.92234326680426,175.000002831221,-3.26571528773611));
#1884=CARTESIAN_POINT('Ctrl Pts',(2.33080288853003,175.000002831221,-2.98791865197182));
#1885=CARTESIAN_POINT('Ctrl Pts',(3.01824752740415,175.000002831221,-2.29139299102091));
#1886=CARTESIAN_POINT('Ctrl Pts',(3.2906601991186,175.000002831221,-1.87932313078879));
#1887=CARTESIAN_POINT('Ctrl Pts',(3.66219966221876,175.000002831221,-0.973957704433711));
#1888=CARTESIAN_POINT('Ctrl Pts',(3.75777433383261,175.000002831221,-0.489317925248983));
#1889=CARTESIAN_POINT('Ctrl Pts',(3.75777433383261,175.000002831221,1.38777878078145E-16));
#1890=CARTESIAN_POINT('',(-2.87262652116262,175.000002831221,0.));
#1891=CARTESIAN_POINT('',(-1.75,175.000002831221,-2.14313189850787E-16));
#1892=CARTESIAN_POINT('Origin',(0.,175.000002831221,0.));
#1893=CARTESIAN_POINT('Origin',(-5.74525304232525,129.860409940912,-7.0359057485752E-16));
#1894=CARTESIAN_POINT('',(8.00000014901161,89.8114120270399,6.69350915529927E-16));
#1895=CARTESIAN_POINT('Ctrl Pts',(2.40963206008454,169.340376097603,2.95094818954719E-16));
#1896=CARTESIAN_POINT('Ctrl Pts',(3.0200009775874,163.7678909039,3.6984345306661E-16));
#1897=CARTESIAN_POINT('Ctrl Pts',(3.55905445938013,157.753944212146,1.01311465108227E-15));
#1898=CARTESIAN_POINT('Ctrl Pts',(5.59512809611091,133.050918007734,1.26246175728734E-15));
#1899=CARTESIAN_POINT('Ctrl Pts',(6.98735617657467,109.088269912195,1.43351623060129E-15));
#1900=CARTESIAN_POINT('Ctrl Pts',(8.00000014901161,89.8114120270399,1.55752935055336E-15));
#1901=CARTESIAN_POINT('',(7.99999999999991,70.0000000000309,0.));
#1902=CARTESIAN_POINT('',(8.00000014901161,79.90570601352,9.79717457566542E-16));
#1903=CARTESIAN_POINT('',(8.99721969865092,70.0000010426171,0.));
#1904=CARTESIAN_POINT('',(7.99999999999991,70.0000000000309,0.));
#1905=CARTESIAN_POINT('',(10.0000001490116,70.,0.));
#1906=CARTESIAN_POINT('',(2.99762652116262,70.,0.));
#1907=CARTESIAN_POINT('',(10.0000001490116,89.8639011660218,0.));
#1908=CARTESIAN_POINT('',(10.0000001490116,70.5000010505319,1.22464681739601E-15));
#1909=CARTESIAN_POINT('Ctrl Pts',(10.0000001490116,89.8639011660218,0.));
#1910=CARTESIAN_POINT('Ctrl Pts',(9.76000014543717,94.4336717461899,0.));
#1911=CARTESIAN_POINT('Ctrl Pts',(9.08000013530768,107.044652654785,0.));
#1912=CARTESIAN_POINT('Ctrl Pts',(7.9600001186221,126.238147130859,0.));
#1913=CARTESIAN_POINT('Ctrl Pts',(6.71155495558645,144.684934220185,0.));
#1914=CARTESIAN_POINT('Ctrl Pts',(5.46310979254903,159.658476780339,0.));
#1915=CARTESIAN_POINT('Ctrl Pts',(4.45466463308625,169.332577144203,0.));
#1916=CARTESIAN_POINT('Ctrl Pts',(3.88621948018032,173.988870117724,0.));
#1917=CARTESIAN_POINT('Ctrl Pts',(3.75777433383163,175.000002831228,0.));
#1918=CARTESIAN_POINT('Origin',(0.,175.000002831221,0.));
#1919=CARTESIAN_POINT('',(-1.75,175.000002831221,-2.14313189850787E-16));
#1920=CARTESIAN_POINT('Ctrl Pts',(-2.91146884379145E-9,188.710851195719,
1.32839539898365E-16));
#1921=CARTESIAN_POINT('Ctrl Pts',(-2.91146883743536E-9,188.710851195719,
2.12609498431256E-16));
#1922=CARTESIAN_POINT('Ctrl Pts',(-2.9114687576654E-9,188.710851195719,
2.06253406993242E-16));
#1923=CARTESIAN_POINT('Ctrl Pts',(-2.91146867789545E-9,188.710851195719,
1.99897315555228E-16));
#1924=CARTESIAN_POINT('Ctrl Pts',(-2.91146868425154E-9,188.710851195719,
1.20127357022337E-16));
#1925=CARTESIAN_POINT('Ctrl Pts',(-2.91146869060763E-9,188.710851195719,
4.03573984894466E-17));
#1926=CARTESIAN_POINT('Ctrl Pts',(-2.91146877037759E-9,188.710851195719,
4.67134899274605E-17));
#1927=CARTESIAN_POINT('Ctrl Pts',(-2.91146885014755E-9,188.710851195719,
5.30695813654745E-17));
#1928=CARTESIAN_POINT('Ctrl Pts',(-2.91146884379145E-9,188.710851195719,
1.32839539898365E-16));
#1929=CARTESIAN_POINT('Ctrl Pts',(0.591239493512425,184.056556243017,1.72425110480987E-16));
#1930=CARTESIAN_POINT('Ctrl Pts',(0.591239493512425,184.056556243017,-0.591239495769607));
#1931=CARTESIAN_POINT('Ctrl Pts',(-2.25718193392249E-9,184.056556242934,
-0.591239495769607));
#1932=CARTESIAN_POINT('Ctrl Pts',(-0.591239498026789,184.056556242851,-0.591239495769607));
#1933=CARTESIAN_POINT('Ctrl Pts',(-0.591239498026789,184.056556242851,8.05417864397153E-17));
#1934=CARTESIAN_POINT('Ctrl Pts',(-0.591239498026789,184.056556242851,0.591239495769607));
#1935=CARTESIAN_POINT('Ctrl Pts',(-2.25718202580581E-9,184.056556242934,
0.591239495769607));
#1936=CARTESIAN_POINT('Ctrl Pts',(0.591239493512425,184.056556243017,0.591239495769607));
#1937=CARTESIAN_POINT('Ctrl Pts',(0.591239493512425,184.056556243017,1.72425110480987E-16));
#1938=CARTESIAN_POINT('Ctrl Pts',(1.18247898993632,179.402261290314,2.1201068106361E-16));
#1939=CARTESIAN_POINT('Ctrl Pts',(1.18247898993632,179.402261290314,-1.18247899153922));
#1940=CARTESIAN_POINT('Ctrl Pts',(-1.60289511017958E-9,179.402261290148,
-1.18247899153922));
#1941=CARTESIAN_POINT('Ctrl Pts',(-1.18247899314211,179.402261289982,-1.18247899153922));
#1942=CARTESIAN_POINT('Ctrl Pts',(-1.18247899314211,179.402261289982,4.09562158570931E-17));
#1943=CARTESIAN_POINT('Ctrl Pts',(-1.18247899314211,179.402261289982,1.18247899153922));
#1944=CARTESIAN_POINT('Ctrl Pts',(-1.60289528123404E-9,179.402261290148,
1.18247899153922));
#1945=CARTESIAN_POINT('Ctrl Pts',(1.18247898993632,179.402261290314,1.18247899153922));
#1946=CARTESIAN_POINT('Ctrl Pts',(1.18247898993632,179.402261290314,2.1201068106361E-16));
#1947=CARTESIAN_POINT('Ctrl Pts',(1.77371848636022,174.747966337612,2.51596251646232E-16));
#1948=CARTESIAN_POINT('Ctrl Pts',(1.77371848636022,174.747966337612,-1.77371848730882));
#1949=CARTESIAN_POINT('Ctrl Pts',(-9.4860828643666E-10,174.747966337362,
-1.77371848730882));
#1950=CARTESIAN_POINT('Ctrl Pts',(-1.77371848825743,174.747966337113,-1.77371848730882));
#1951=CARTESIAN_POINT('Ctrl Pts',(-1.77371848825743,174.747966337113,1.37064527447092E-18));
#1952=CARTESIAN_POINT('Ctrl Pts',(-1.77371848825743,174.747966337113,1.77371848730882));
#1953=CARTESIAN_POINT('Ctrl Pts',(-9.48608536662266E-10,174.747966337362,
1.77371848730882));
#1954=CARTESIAN_POINT('Ctrl Pts',(1.77371848636022,174.747966337612,1.77371848730882));
#1955=CARTESIAN_POINT('Ctrl Pts',(1.77371848636022,174.747966337612,2.51596251646232E-16));
#1956=CARTESIAN_POINT('Ctrl Pts',(2.03338448977256,172.703850245266,2.69121250466247E-16));
#1957=CARTESIAN_POINT('Ctrl Pts',(2.03338448977256,172.703850245266,-2.03338449043381));
#1958=CARTESIAN_POINT('Ctrl Pts',(-6.61252577427472E-10,172.70385024498,
-2.03338449043381));
#1959=CARTESIAN_POINT('Ctrl Pts',(-2.03338449109506,172.703850244694,-2.03338449043381));
#1960=CARTESIAN_POINT('Ctrl Pts',(-2.03338449109507,172.703850244694,-1.61543535455444E-17));
#1961=CARTESIAN_POINT('Ctrl Pts',(-2.03338449109506,172.703850244694,2.03338449043381));
#1962=CARTESIAN_POINT('Ctrl Pts',(-6.61252862703076E-10,172.70385024498,
2.03338449043381));
#1963=CARTESIAN_POINT('Ctrl Pts',(2.03338448977256,172.703850245266,2.03338449043381));
#1964=CARTESIAN_POINT('Ctrl Pts',(2.03338448977256,172.703850245266,2.69121250466247E-16));
#1965=CARTESIAN_POINT('Ctrl Pts',(2.29366058734623,170.45211471325,2.86646249286258E-16));
#1966=CARTESIAN_POINT('Ctrl Pts',(2.29366058734623,170.45211471325,-2.29366058769094));
#1967=CARTESIAN_POINT('Ctrl Pts',(-3.44710352116973E-10,170.452114712927,
-2.29366058769094));
#1968=CARTESIAN_POINT('Ctrl Pts',(-2.29366058803565,170.452114712605,-2.29366058769094));
#1969=CARTESIAN_POINT('Ctrl Pts',(-2.29366058803565,170.452114712605,-3.36793523655553E-17));
#1970=CARTESIAN_POINT('Ctrl Pts',(-2.29366058803565,170.452114712605,2.29366058769094));
#1971=CARTESIAN_POINT('Ctrl Pts',(-3.44710672442575E-10,170.452114712927,
2.29366058769094));
#1972=CARTESIAN_POINT('Ctrl Pts',(2.29366058734623,170.45211471325,2.29366058769094));
#1973=CARTESIAN_POINT('Ctrl Pts',(2.29366058734623,170.45211471325,2.86646249286258E-16));
#1974=CARTESIAN_POINT('Ctrl Pts',(2.55421640548366,168.000002831221,3.04171248106265E-16));
#1975=CARTESIAN_POINT('Ctrl Pts',(2.55421640548366,168.000002831221,-2.55421640548366));
#1976=CARTESIAN_POINT('Ctrl Pts',(1.77738280927734E-16,168.000002830862,
-2.55421640548366));
#1977=CARTESIAN_POINT('Ctrl Pts',(-2.55421640548366,168.000002830502,-2.55421640548366));
#1978=CARTESIAN_POINT('Ctrl Pts',(-2.55421640548366,168.000002830502,-5.12043511855625E-17));
#1979=CARTESIAN_POINT('Ctrl Pts',(-2.55421640548366,168.000002830502,2.55421640548366));
#1980=CARTESIAN_POINT('Ctrl Pts',(-1.77637318364093E-16,168.000002830862,
2.55421640548366));
#1981=CARTESIAN_POINT('Ctrl Pts',(2.55421640548366,168.000002831221,2.55421640548366));
#1982=CARTESIAN_POINT('Ctrl Pts',(2.55421640548366,168.000002831221,3.04171248106265E-16));
#1983=CARTESIAN_POINT('Ctrl Pts',(3.62532318309897,157.919730300414,3.76213949543501E-16));
#1984=CARTESIAN_POINT('Ctrl Pts',(3.62532318309897,157.919730300414,-3.62532318168192));
#1985=CARTESIAN_POINT('Ctrl Pts',(1.41705464032017E-9,157.919730299905,
-3.62532318168192));
#1986=CARTESIAN_POINT('Ctrl Pts',(-3.62532318026487,157.919730299395,-3.62532318168192));
#1987=CARTESIAN_POINT('Ctrl Pts',(-3.62532318026487,157.919730299395,-1.23247052622798E-16));
#1988=CARTESIAN_POINT('Ctrl Pts',(-3.62532318026487,157.919730299395,3.62532318168192));
#1989=CARTESIAN_POINT('Ctrl Pts',(1.41705414085917E-9,157.919730299905,
3.62532318168192));
#1990=CARTESIAN_POINT('Ctrl Pts',(3.62532318309897,157.919730300414,3.62532318168192));
#1991=CARTESIAN_POINT('Ctrl Pts',(3.62532318309897,157.919730300414,3.76213949543501E-16));
#1992=CARTESIAN_POINT('Ctrl Pts',(4.70151058125266,144.45205717056,4.48335458302775E-16));
#1993=CARTESIAN_POINT('Ctrl Pts',(4.70151058125266,144.45205717056,-4.70151057794236));
#1994=CARTESIAN_POINT('Ctrl Pts',(3.31029968975871E-9,144.4520571699,-4.70151057794236));
#1995=CARTESIAN_POINT('Ctrl Pts',(-4.70151057463206,144.452057169239,-4.70151057794236));
#1996=CARTESIAN_POINT('Ctrl Pts',(-4.70151057463206,144.452057169239,-1.95368561382072E-16));
#1997=CARTESIAN_POINT('Ctrl Pts',(-4.70151057463206,144.452057169239,4.70151057794236));
#1998=CARTESIAN_POINT('Ctrl Pts',(3.31029904605469E-9,144.4520571699,4.70151057794236));
#1999=CARTESIAN_POINT('Ctrl Pts',(4.70151058125266,144.45205717056,4.70151057794236));
#2000=CARTESIAN_POINT('Ctrl Pts',(4.70151058125266,144.45205717056,4.48335458302775E-16));
#2001=CARTESIAN_POINT('Ctrl Pts',(5.7770783074636,128.000763573359,5.20417563400872E-16));
#2002=CARTESIAN_POINT('Ctrl Pts',(5.7770783074636,128.000763573359,-5.77707830184062));
#2003=CARTESIAN_POINT('Ctrl Pts',(5.6229731296079E-9,128.000763572547,-5.77707830184062));
#2004=CARTESIAN_POINT('Ctrl Pts',(-5.77707829621765,128.000763571735,-5.77707830184062));
#2005=CARTESIAN_POINT('Ctrl Pts',(-5.77707829621765,128.000763571735,-2.67450666480169E-16));
#2006=CARTESIAN_POINT('Ctrl Pts',(-5.77707829621765,128.000763571735,5.77707830184062));
#2007=CARTESIAN_POINT('Ctrl Pts',(5.62297234173967E-9,128.000763572547,
5.77707830184062));
#2008=CARTESIAN_POINT('Ctrl Pts',(5.77707830746359,128.000763573359,5.77707830184062));
#2009=CARTESIAN_POINT('Ctrl Pts',(5.7770783074636,128.000763573359,5.20417563400872E-16));
#2010=CARTESIAN_POINT('Ctrl Pts',(6.51784425618561,116.670414203202,5.70062014110618E-16));
#2011=CARTESIAN_POINT('Ctrl Pts',(6.51784425618561,116.670414203202,-6.51784424896985));
#2012=CARTESIAN_POINT('Ctrl Pts',(7.21575961157986E-9,116.670414202286,
-6.51784424896985));
#2013=CARTESIAN_POINT('Ctrl Pts',(-6.51784424175409,116.67041420137,-6.51784424896985));
#2014=CARTESIAN_POINT('Ctrl Pts',(-6.5178442417541,116.67041420137,-3.17095117189915E-16));
#2015=CARTESIAN_POINT('Ctrl Pts',(-6.51784424175409,116.67041420137,6.51784424896985));
#2016=CARTESIAN_POINT('Ctrl Pts',(7.21575872442273E-9,116.670414202286,
6.51784424896985));
#2017=CARTESIAN_POINT('Ctrl Pts',(6.51784425618561,116.670414203202,6.51784424896985));
#2018=CARTESIAN_POINT('Ctrl Pts',(6.51784425618561,116.670414203202,5.70062014110618E-16));
#2019=CARTESIAN_POINT('Ctrl Pts',(7.25887658969423,103.919562489755,6.19706419094311E-16));
#2020=CARTESIAN_POINT('Ctrl Pts',(7.25887658969423,103.919562489755,-7.258876580686));
#2021=CARTESIAN_POINT('Ctrl Pts',(9.00823604004367E-9,103.919562488735,
-7.258876580686));
#2022=CARTESIAN_POINT('Ctrl Pts',(-7.25887657167776,103.919562487714,-7.258876580686));
#2023=CARTESIAN_POINT('Ctrl Pts',(-7.25887657167776,103.919562487714,-3.66739522173609E-16));
#2024=CARTESIAN_POINT('Ctrl Pts',(-7.25887657167776,103.919562487714,7.258876580686));
#2025=CARTESIAN_POINT('Ctrl Pts',(9.00823505359773E-9,103.919562488735,
7.258876580686));
#2026=CARTESIAN_POINT('Ctrl Pts',(7.25887658969423,103.919562489755,7.258876580686));
#2027=CARTESIAN_POINT('Ctrl Pts',(7.25887658969423,103.919562489755,6.19706419094311E-16));
#2028=CARTESIAN_POINT('Ctrl Pts',(8.00000014901161,89.8114120270399,6.69350915529928E-16));
#2029=CARTESIAN_POINT('Ctrl Pts',(8.00000014901161,89.8114120270399,-8.00000013802009));
#2030=CARTESIAN_POINT('Ctrl Pts',(1.09915174438708E-8,89.8114120259153,
-8.00000013802009));
#2031=CARTESIAN_POINT('Ctrl Pts',(-8.00000012702858,89.8114120247907,-8.00000013802009));
#2032=CARTESIAN_POINT('Ctrl Pts',(-8.00000012702858,89.8114120247907,-4.16384018609225E-16));
#2033=CARTESIAN_POINT('Ctrl Pts',(-8.00000012702858,89.8114120247907,8.00000013802009));
#2034=CARTESIAN_POINT('Ctrl Pts',(1.09915163581358E-8,89.8114120259153,
8.00000013802009));
#2035=CARTESIAN_POINT('Ctrl Pts',(8.00000014901161,89.8114120270399,8.00000013802009));
#2036=CARTESIAN_POINT('Ctrl Pts',(8.00000014901161,89.8114120270399,6.69350915529928E-16));
#2037=CARTESIAN_POINT('',(-8.00000012702858,89.8114120247907,-9.79717454874397E-16));
#2038=CARTESIAN_POINT('Ctrl Pts',(-8.00000012702857,89.8114120247907,-1.39610147482969E-15));
#2039=CARTESIAN_POINT('Ctrl Pts',(-6.98735616001139,109.088269910231,-1.27208835554135E-15));
#2040=CARTESIAN_POINT('Ctrl Pts',(-5.59512808628483,133.050918006161,-8.33333901230625E-16));
#2041=CARTESIAN_POINT('Ctrl Pts',(-3.5590544537409,157.753944244614,-5.839867955383E-16));
#2042=CARTESIAN_POINT('Ctrl Pts',(-3.02000099930351,163.767890694002,-4.66831835063396E-16));
#2043=CARTESIAN_POINT('Ctrl Pts',(-2.40963206038358,169.340376097636,-3.92083198328671E-16));
#2044=CARTESIAN_POINT('Origin',(1.09915169010033E-8,89.8114120259153,1.26483448460351E-16));
#2045=CARTESIAN_POINT('Origin',(-5.74525304232525,129.860409940912,-7.0359057485752E-16));
#2046=CARTESIAN_POINT('',(-10.0000001490116,89.8639011660218,-1.22464681739601E-15));
#2047=CARTESIAN_POINT('Ctrl Pts',(-3.75777433383163,175.000002831228,-4.60194630984499E-16));
#2048=CARTESIAN_POINT('Ctrl Pts',(-3.88621948018032,173.988870117724,-4.75924624718693E-16));
#2049=CARTESIAN_POINT('Ctrl Pts',(-4.45466463308625,169.332577144203,-5.45539078418399E-16));
#2050=CARTESIAN_POINT('Ctrl Pts',(-5.46310979254903,159.658476780339,-6.69037992083573E-16));
#2051=CARTESIAN_POINT('Ctrl Pts',(-6.71155495558645,144.684934220185,-8.2192842936605E-16));
#2052=CARTESIAN_POINT('Ctrl Pts',(-7.9600001186221,126.238147130859,-9.74818866648311E-16));
#2053=CARTESIAN_POINT('Ctrl Pts',(-9.08000013530768,107.044652654785,-1.11197931019621E-15));
#2054=CARTESIAN_POINT('Ctrl Pts',(-9.76000014543717,94.4336717461899,-1.19525529377873E-15));
#2055=CARTESIAN_POINT('Ctrl Pts',(-10.0000001490116,89.8639011660218,-1.22464681739601E-15));
#2056=CARTESIAN_POINT('',(-10.0000001490116,70.,-8.88159614956594E-16));
#2057=CARTESIAN_POINT('',(-10.0000001490116,70.5000010505319,-1.22464681739601E-15));
#2058=CARTESIAN_POINT('',(-8.99721969865092,70.,1.10184163051784E-15));
#2059=CARTESIAN_POINT('',(-3.40699874922625,70.,0.));
#2060=CARTESIAN_POINT('',(-7.99999999999991,70.0000000000309,-9.79717439317872E-16));
#2061=CARTESIAN_POINT('',(-7.99999999999991,70.0000000000309,-9.79717439317872E-16));
#2062=CARTESIAN_POINT('',(-8.00000012424355,79.9057060112708,-9.79717454533329E-16));
#2063=CARTESIAN_POINT('Origin',(1.23840312556243E-8,79.9057060123954,1.26483448460351E-16));
#2064=CARTESIAN_POINT('Origin',(-1.87767638144534E-16,70.0000000000309,
-1.11022302462516E-15));
#2065=CARTESIAN_POINT('Origin',(1.49999996647239,70.,9.88686012244611));
#2066=CARTESIAN_POINT('',(1.49999996647239,70.,8.87129992765294));
#2067=CARTESIAN_POINT('',(1.49999996647239,70.,9.88686012244611));
#2068=CARTESIAN_POINT('',(1.49999996647239,70.,10.4420095051813));
#2069=CARTESIAN_POINT('',(1.49999996647239,72.,8.87129992765294));
#2070=CARTESIAN_POINT('',(1.49999996647239,70.,8.87129992765294));
#2071=CARTESIAN_POINT('',(1.49999996647239,72.,9.88686012244611));
#2072=CARTESIAN_POINT('',(1.49999996647239,72.,8.59999980777502));
#2073=CARTESIAN_POINT('',(1.49999996647239,70.,9.88686012244611));
#2074=CARTESIAN_POINT('Origin',(-1.49999996647239,70.,8.87129992765294));
#2075=CARTESIAN_POINT('',(-1.49999996647239,70.,9.88686012244611));
#2076=CARTESIAN_POINT('',(-1.49999996647239,70.,8.87129992765294));
#2077=CARTESIAN_POINT('',(-1.49999996647239,70.,9.93422940778472));
#2078=CARTESIAN_POINT('',(-1.49999996647239,72.,9.88686012244611));
#2079=CARTESIAN_POINT('',(-1.49999996647239,70.,9.88686012244611));
#2080=CARTESIAN_POINT('',(-1.49999996647239,72.,8.87129992765294));
#2081=CARTESIAN_POINT('',(-1.49999996647239,72.,11.2999997474253));
#2082=CARTESIAN_POINT('',(-1.49999996647239,70.,8.87129992765294));
#2083=CARTESIAN_POINT('Origin',(-2.77555756156289E-16,72.,9.43565003833228));
#2084=CARTESIAN_POINT('Origin',(0.,72.,0.));
#2085=CARTESIAN_POINT('Origin',(0.,72.,0.));
#2086=CARTESIAN_POINT('Origin',(0.25,70.,10.9971588879165));
#2087=CARTESIAN_POINT('Origin',(0.,70.,0.));
#2088=CARTESIAN_POINT('Origin',(0.,70.,0.));
#2089=CARTESIAN_POINT('Origin',(0.25,70.,10.9971588879165));
#2090=CARTESIAN_POINT('Origin',(0.,70.,0.));
#2091=CARTESIAN_POINT('Origin',(0.,70.,0.));
#2092=CARTESIAN_POINT('Origin',(0.,0.,0.));
#2093=CARTESIAN_POINT('',(-8.99721969865092,0.,1.10184163051784E-15));
#2094=CARTESIAN_POINT('Origin',(0.,70.,0.));
#2095=CARTESIAN_POINT('Origin',(0.25,70.,10.9971588879165));
#2096=CARTESIAN_POINT('',(-1.50000002235174,70.,-8.8717501821414));
#2097=CARTESIAN_POINT('',(-1.49999996647239,70.,-10.1999997720122));
#2098=CARTESIAN_POINT('',(1.49999996647239,70.,-8.87175019158925));
#2099=CARTESIAN_POINT('Origin',(0.,70.0000010430813,0.));
#2100=CARTESIAN_POINT('',(1.49999996647239,70.,-10.1999997720122));
#2101=CARTESIAN_POINT('Origin',(1.49999996647239,70.,-12.4999997206032));
#2102=CARTESIAN_POINT('',(1.49999996647239,72.0000010728836,-9.88686012244611));
#2103=CARTESIAN_POINT('',(1.49999996647239,0.,-9.88686012244611));
#2104=CARTESIAN_POINT('',(1.49999996647239,72.0000010728836,-8.77326131337144));
#2105=CARTESIAN_POINT('Ctrl Pts',(1.49999996647239,72.0000010728836,-8.77326131337144));
#2106=CARTESIAN_POINT('Ctrl Pts',(1.49999996647239,71.3333448213514,-8.80622323586659));
#2107=CARTESIAN_POINT('Ctrl Pts',(1.49999996647239,70.6666470614001,-8.83905330588519));
#2108=CARTESIAN_POINT('Ctrl Pts',(1.49999996647239,70.0000010430813,-8.87175019016741));
#2109=CARTESIAN_POINT('',(1.49999996647239,72.0000010728836,-10.1999997720122));
#2110=CARTESIAN_POINT('Origin',(-1.49999996647239,70.,-10.1999997720122));
#2111=CARTESIAN_POINT('',(-1.50000002235174,72.0000010728836,-9.88686011396829));
#2112=CARTESIAN_POINT('',(-1.49999996647239,0.,-9.88686012244611));
#2113=CARTESIAN_POINT('',(-1.50000002235174,72.0000010728836,-8.77326130381751));
#2114=CARTESIAN_POINT('',(-1.50000002235174,72.0000010728836,-10.1999997720122));
#2115=CARTESIAN_POINT('Ctrl Pts',(-1.50000002235174,70.0000010430813,-8.87175018071955));
#2116=CARTESIAN_POINT('Ctrl Pts',(-1.50000002235174,70.6666470614211,-8.83905329640148));
#2117=CARTESIAN_POINT('Ctrl Pts',(-1.50000002235174,71.333344821365,-8.80622322634789));
#2118=CARTESIAN_POINT('Ctrl Pts',(-1.50000002235174,72.0000010728836,-8.77326130381751));
#2119=CARTESIAN_POINT('Origin',(1.49999996647239,72.0000010728836,-10.1999997720122));
#2120=CARTESIAN_POINT('Origin',(0.,72.0000010728836,0.));
#2121=CARTESIAN_POINT('Ctrl Pts',(-1.50000002235174,72.0000010728836,-8.77326130381752));
#2122=CARTESIAN_POINT('Ctrl Pts',(-1.00479304288901,72.0000010728836,-8.85792884699666));
#2123=CARTESIAN_POINT('Ctrl Pts',(-0.503001641564901,72.0000010728836,-8.90056818092374));
#2124=CARTESIAN_POINT('Ctrl Pts',(0.50300158443785,72.0000010728836,-8.90056818416455));
#2125=CARTESIAN_POINT('Ctrl Pts',(1.00479298625445,72.0000010728836,-8.85792885343339));
#2126=CARTESIAN_POINT('Ctrl Pts',(1.49999996647239,72.0000010728836,-8.77326131337144));
#2127=CARTESIAN_POINT('Ctrl Pts',(0.500000007450581,189.730312925455,0.));
#2128=CARTESIAN_POINT('Ctrl Pts',(0.500000007450581,189.730312925455,-0.500000007450581));
#2129=CARTESIAN_POINT('Ctrl Pts',(0.,189.730312925455,-0.500000007450581));
#2130=CARTESIAN_POINT('Ctrl Pts',(-0.500000007450581,189.730312925455,-0.500000007450581));
#2131=CARTESIAN_POINT('Ctrl Pts',(-0.500000007450581,189.730312925455,0.));
#2132=CARTESIAN_POINT('Ctrl Pts',(0.840000012518124,189.363660084339,0.));
#2133=CARTESIAN_POINT('Ctrl Pts',(0.840000012518124,189.363660084339,-0.840000012518124));
#2134=CARTESIAN_POINT('Ctrl Pts',(0.,189.363660084339,-0.840000012518124));
#2135=CARTESIAN_POINT('Ctrl Pts',(-0.840000012518124,189.363660084339,-0.840000012518124));
#2136=CARTESIAN_POINT('Ctrl Pts',(-0.840000012518124,189.363660084339,0.));
#2137=CARTESIAN_POINT('Ctrl Pts',(1.62000002414332,187.808480783408,0.));
#2138=CARTESIAN_POINT('Ctrl Pts',(1.62000002414332,187.808480783408,-1.62000002414332));
#2139=CARTESIAN_POINT('Ctrl Pts',(0.,187.808480783408,-1.62000002414332));
#2140=CARTESIAN_POINT('Ctrl Pts',(-1.62000002414332,187.808480783408,-1.62000002414332));
#2141=CARTESIAN_POINT('Ctrl Pts',(-1.62000002414332,187.808480783408,0.));
#2142=CARTESIAN_POINT('Ctrl Pts',(2.84000004232604,182.825146542118,0.));
#2143=CARTESIAN_POINT('Ctrl Pts',(2.84000004232604,182.825146542118,-2.84000004232604));
#2144=CARTESIAN_POINT('Ctrl Pts',(0.,182.825146542118,-2.84000004232604));
#2145=CARTESIAN_POINT('Ctrl Pts',(-2.84000004232604,182.825146542118,-2.84000004232604));
#2146=CARTESIAN_POINT('Ctrl Pts',(-2.84000004232604,182.825146542118,0.));
#2147=CARTESIAN_POINT('Ctrl Pts',(4.50000006706563,170.757419010788,0.));
#2148=CARTESIAN_POINT('Ctrl Pts',(4.50000006706563,170.757419010788,-4.50000006706563));
#2149=CARTESIAN_POINT('Ctrl Pts',(0.,170.757419010788,-4.50000006706563));
#2150=CARTESIAN_POINT('Ctrl Pts',(-4.50000006706563,170.757419010788,-4.50000006706563));
#2151=CARTESIAN_POINT('Ctrl Pts',(-4.50000006706563,170.757419010788,0.));
#2152=CARTESIAN_POINT('Ctrl Pts',(6.60000009835999,147.028513520018,0.));
#2153=CARTESIAN_POINT('Ctrl Pts',(6.60000009835999,147.028513520018,-6.60000009835999));
#2154=CARTESIAN_POINT('Ctrl Pts',(0.,147.028513520018,-6.60000009835999));
#2155=CARTESIAN_POINT('Ctrl Pts',(-6.60000009835999,147.028513520018,-6.60000009835999));
#2156=CARTESIAN_POINT('Ctrl Pts',(-6.60000009835999,147.028513520018,0.));
#2157=CARTESIAN_POINT('Ctrl Pts',(8.36000012458394,120.238686829098,0.));
#2158=CARTESIAN_POINT('Ctrl Pts',(8.36000012458394,120.238686829098,-8.36000012458394));
#2159=CARTESIAN_POINT('Ctrl Pts',(0.,120.238686829098,-8.36000012458394));
#2160=CARTESIAN_POINT('Ctrl Pts',(-8.36000012458394,120.238686829098,-8.36000012458394));
#2161=CARTESIAN_POINT('Ctrl Pts',(-8.36000012458394,120.238686829098,0.));
#2162=CARTESIAN_POINT('Ctrl Pts',(9.6800001442494,96.5102918546256,0.));
#2163=CARTESIAN_POINT('Ctrl Pts',(9.6800001442494,96.5102918546256,-9.6800001442494));
#2164=CARTESIAN_POINT('Ctrl Pts',(0.,96.5102918546256,-9.6800001442494));
#2165=CARTESIAN_POINT('Ctrl Pts',(-9.6800001442494,96.5102918546256,-9.6800001442494));
#2166=CARTESIAN_POINT('Ctrl Pts',(-9.6800001442494,96.5102918546256,0.));
#2167=CARTESIAN_POINT('Ctrl Pts',(10.5600001573585,79.1017140673102,0.));
#2168=CARTESIAN_POINT('Ctrl Pts',(10.5600001573585,79.1017140673102,-10.5600001573585));
#2169=CARTESIAN_POINT('Ctrl Pts',(0.,79.1017140673102,-10.5600001573585));
#2170=CARTESIAN_POINT('Ctrl Pts',(-10.5600001573585,79.1017140673102,-10.5600001573585));
#2171=CARTESIAN_POINT('Ctrl Pts',(-10.5600001573585,79.1017140673102,0.));
#2172=CARTESIAN_POINT('Ctrl Pts',(11.0000001639128,70.0000010430813,0.));
#2173=CARTESIAN_POINT('Ctrl Pts',(11.0000001639128,70.0000010430813,-11.0000001639128));
#2174=CARTESIAN_POINT('Ctrl Pts',(0.,70.0000010430813,-11.0000001639128));
#2175=CARTESIAN_POINT('Ctrl Pts',(-11.0000001639128,70.0000010430813,-11.0000001639128));
#2176=CARTESIAN_POINT('Ctrl Pts',(-11.0000001639128,70.0000010430813,0.));
#2177=CARTESIAN_POINT('Ctrl Pts',(10.0000001490116,89.8639011660218,0.));
#2178=CARTESIAN_POINT('Ctrl Pts',(10.0000001490116,89.8639011660218,-0.066687335780277));
#2179=CARTESIAN_POINT('Ctrl Pts',(9.99933306934907,89.8639011660219,-0.133357314160775));
#2180=CARTESIAN_POINT('Ctrl Pts',(9.99799994900141,89.8639011660219,-0.200000000000001));
#2181=CARTESIAN_POINT('Ctrl Pts',(9.97195698410895,89.8639011660218,-1.50188780833337));
#2182=CARTESIAN_POINT('Ctrl Pts',(9.69187536550775,89.8639011660218,-2.78624208948249));
#2183=CARTESIAN_POINT('Ctrl Pts',(8.65517233866586,89.8639011660218,-5.17528116062941));
#2184=CARTESIAN_POINT('Ctrl Pts',(7.90846092772635,89.8639011660219,-6.25714700290748));
#2185=CARTESIAN_POINT('Ctrl Pts',(6.04236254757212,89.8639011660219,-8.0737474661566));
#2186=CARTESIAN_POINT('Ctrl Pts',(4.94082662022251,89.8639011660219,-8.79112479551218));
#2187=CARTESIAN_POINT('Ctrl Pts',(2.52476990704483,89.8639011660219,-9.76325151883599));
#2188=CARTESIAN_POINT('Ctrl Pts',(1.23335335853371,89.8639011660219,-10.008720315523));
#2189=CARTESIAN_POINT('Ctrl Pts',(-1.37088156273593,89.8639011660219,-9.99080712678025));
#2190=CARTESIAN_POINT('Ctrl Pts',(-2.65880212923915,89.8639011660219,-9.72761091424415));
#2191=CARTESIAN_POINT('Ctrl Pts',(-5.06125734493543,89.8639011660219,-8.72234013278028));
#2192=CARTESIAN_POINT('Ctrl Pts',(-6.15282881430725,89.8639011660219,-7.98988988930379));
#2193=CARTESIAN_POINT('Ctrl Pts',(-7.99376088656452,89.8639011660219,-6.14779067568208));
#2194=CARTESIAN_POINT('Ctrl Pts',(-8.72553144063898,89.8639011660219,-5.05576343787851));
#2195=CARTESIAN_POINT('Ctrl Pts',(-9.72927935891101,89.8639011660219,-2.65267157029296));
#2196=CARTESIAN_POINT('Ctrl Pts',(-9.99167373770753,89.8639011660219,-1.36458740305415));
#2197=CARTESIAN_POINT('Ctrl Pts',(-9.99993517707357,89.8639011660219,-0.0416274057347742));
#2198=CARTESIAN_POINT('Ctrl Pts',(-10.0000001490116,89.8639011660219,-0.0208121688714796));
#2199=CARTESIAN_POINT('Ctrl Pts',(-10.0000001490116,89.8639011660219,-1.94289029309402E-15));
#2200=CARTESIAN_POINT('Origin',(0.,35.,11.));
#2201=CARTESIAN_POINT('Origin',(0.,43.884615107952,0.));
#2202=CARTESIAN_POINT('Origin',(-11.0000001639128,50.0000007450581,0.));
#2203=CARTESIAN_POINT('',(-10.0000001490116,51.0000007599592,1.22464681739601E-15));
#2204=CARTESIAN_POINT('Origin',(0.,61.0000009089708,0.));
#2205=CARTESIAN_POINT('Origin',(0.,61.0000009089708,0.));
#2206=CARTESIAN_POINT('Origin',(41.0000006109476,20.0000002980232,0.));
#2207=CARTESIAN_POINT('Origin',(0.,61.0000009089708,0.));
#2208=CARTESIAN_POINT('Origin',(0.,0.,0.));
#2209=CARTESIAN_POINT('',(-10.0000001490116,0.,1.22464681739601E-15));
#2210=CARTESIAN_POINT('Ctrl Pts',(5.13033133703458,137.529611603517,0.));
#2211=CARTESIAN_POINT('Ctrl Pts',(5.13033133703458,137.529611603517,-5.13033133703458));
#2212=CARTESIAN_POINT('Ctrl Pts',(0.,137.529611603517,-5.13033133703458));
#2213=CARTESIAN_POINT('Ctrl Pts',(-5.13033133703458,137.529611603517,-5.13033133703458));
#2214=CARTESIAN_POINT('Ctrl Pts',(-5.13033133703458,137.529611603517,0.));
#2215=CARTESIAN_POINT('Ctrl Pts',(5.13814018835943,137.418977340082,0.));
#2216=CARTESIAN_POINT('Ctrl Pts',(5.13814018835942,137.418977340082,-5.13814018835942));
#2217=CARTESIAN_POINT('Ctrl Pts',(0.,137.418977340082,-5.13814018835943));
#2218=CARTESIAN_POINT('Ctrl Pts',(-5.13814018835942,137.418977340082,-5.13814018835942));
#2219=CARTESIAN_POINT('Ctrl Pts',(-5.13814018835943,137.418977340082,0.));
#2220=CARTESIAN_POINT('Ctrl Pts',(5.1459490297206,137.308182108596,0.));
#2221=CARTESIAN_POINT('Ctrl Pts',(5.14594902972059,137.308182108596,-5.14594902972059));
#2222=CARTESIAN_POINT('Ctrl Pts',(0.,137.308182108596,-5.1459490297206));
#2223=CARTESIAN_POINT('Ctrl Pts',(-5.14594902972059,137.308182108596,-5.14594902972059));
#2224=CARTESIAN_POINT('Ctrl Pts',(-5.1459490297206,137.308182108596,0.));
#2225=CARTESIAN_POINT('Ctrl Pts',(5.15375785846194,137.197226071352,0.));
#2226=CARTESIAN_POINT('Ctrl Pts',(5.15375785846194,137.197226071352,-5.15375785846194));
#2227=CARTESIAN_POINT('Ctrl Pts',(0.,137.197226071352,-5.15375785846194));
#2228=CARTESIAN_POINT('Ctrl Pts',(-5.15375785846194,137.197226071352,-5.15375785846194));
#2229=CARTESIAN_POINT('Ctrl Pts',(-5.15375785846194,137.197226071352,0.));
#2230=CARTESIAN_POINT('Ctrl Pts',(6.43436672861523,119.000990733336,0.));
#2231=CARTESIAN_POINT('Ctrl Pts',(6.43436672861523,119.000990733336,-6.43436672861523));
#2232=CARTESIAN_POINT('Ctrl Pts',(0.,119.000990733336,-6.43436672861523));
#2233=CARTESIAN_POINT('Ctrl Pts',(-6.43436672861523,119.000990733336,-6.43436672861523));
#2234=CARTESIAN_POINT('Ctrl Pts',(-6.43436672861523,119.000990733336,0.));
#2235=CARTESIAN_POINT('Ctrl Pts',(7.71596407964303,96.5030361396715,0.));
#2236=CARTESIAN_POINT('Ctrl Pts',(7.71596407964303,96.5030361396715,-7.71596407964303));
#2237=CARTESIAN_POINT('Ctrl Pts',(0.,96.5030361396715,-7.71596407964303));
#2238=CARTESIAN_POINT('Ctrl Pts',(-7.71596407964303,96.5030361396715,-7.71596407964303));
#2239=CARTESIAN_POINT('Ctrl Pts',(-7.71596407964303,96.5030361396715,0.));
#2240=CARTESIAN_POINT('Ctrl Pts',(8.99766365987041,70.0000010430813,0.));
#2241=CARTESIAN_POINT('Ctrl Pts',(8.99766365987041,70.0000010430813,-8.99766365987041));
#2242=CARTESIAN_POINT('Ctrl Pts',(0.,70.0000010430813,-8.99766365987041));
#2243=CARTESIAN_POINT('Ctrl Pts',(-8.99766365987041,70.0000010430813,-8.99766365987041));
#2244=CARTESIAN_POINT('Ctrl Pts',(-8.99766365987041,70.0000010430813,0.));
#2245=CARTESIAN_POINT('Origin',(8.99766365987041,70.0000010430813,0.));
#2246=CARTESIAN_POINT('Origin',(0.,175.000002831221,-5.49328674885739));
#2247=CARTESIAN_POINT('',(3.75777433383261,175.000002831221,2.51596251646297E-16));
#2248=CARTESIAN_POINT('',(-3.75777433383261,175.000002831221,2.08598379338321E-16));
#2249=CARTESIAN_POINT('Ctrl Pts',(3.7577743338326,175.000002831221,-4.4728110104586E-13));
#2250=CARTESIAN_POINT('Ctrl Pts',(3.75777433383256,175.000002831221,-0.339516056381197));
#2251=CARTESIAN_POINT('Ctrl Pts',(3.71175836308879,175.000002831221,-0.6781675852498));
#2252=CARTESIAN_POINT('Ctrl Pts',(3.48937826734526,175.000002831221,-1.47801870196546));
#2253=CARTESIAN_POINT('Ctrl Pts',(3.26747744395792,175.000002831221,-1.91934653702953));
#2254=CARTESIAN_POINT('Ctrl Pts',(2.66699831854807,175.000002831221,-2.69210325672007));
#2255=CARTESIAN_POINT('Ctrl Pts',(2.29416092425087,175.000002831221,-3.01614416592135));
#2256=CARTESIAN_POINT('Ctrl Pts',(1.44526227036223,175.000002831221,-3.50307250079818));
#2257=CARTESIAN_POINT('Ctrl Pts',(0.977316944587469,175.000002831221,-3.66130462619586));
#2258=CARTESIAN_POINT('Ctrl Pts',(0.00711277381709223,175.000002831221,
-3.7894919691734));
#2259=CARTESIAN_POINT('Ctrl Pts',(-0.485870390503832,175.000002831221,-3.75822164588688));
#2260=CARTESIAN_POINT('Ctrl Pts',(-1.43210178886914,175.000002831221,-3.50847323522624));
#2261=CARTESIAN_POINT('Ctrl Pts',(-1.87630353500918,175.000002831221,-3.29238287878143));
#2262=CARTESIAN_POINT('Ctrl Pts',(-2.48756459778462,175.000002831221,-2.83013174885704));
#2263=CARTESIAN_POINT('Ctrl Pts',(-2.68938408914808,175.000002831221,-2.63909768009391));
#2264=CARTESIAN_POINT('Ctrl Pts',(-3.04734453351731,175.000002831221,-2.21614860469287));
#2265=CARTESIAN_POINT('Ctrl Pts',(-3.20239017549321,175.000002831221,-1.98552776559396));
#2266=CARTESIAN_POINT('Ctrl Pts',(-3.33067203777802,175.000002831221,-1.73996888500187));
#2267=CARTESIAN_POINT('Ctrl Pts',(-3.55724178070842,175.000002831221,-1.30626601026108));
#2268=CARTESIAN_POINT('Ctrl Pts',(-3.6969335778516,175.000002831221,-0.832455462432915));
#2269=CARTESIAN_POINT('Ctrl Pts',(-3.75249025074363,175.000002831221,-0.230246093871455));
#2270=CARTESIAN_POINT('Ctrl Pts',(-3.75777433383265,175.000002831221,-0.115056136913504));
#2271=CARTESIAN_POINT('Ctrl Pts',(-3.7577743338326,175.000002831221,1.46493928099289E-12));
#2272=CARTESIAN_POINT('',(2.33681403741095,175.000002831221,4.30211422042248E-15));
#2273=CARTESIAN_POINT('',(2.87262652116262,175.000002831221,-1.5946280524718E-16));
#2274=CARTESIAN_POINT('',(-2.33681403790015,175.000002831221,-1.92683574310833E-15));
#2275=CARTESIAN_POINT('Ctrl Pts',(-2.33681403790015,175.000002831221,-1.26309282888095E-15));
#2276=CARTESIAN_POINT('Ctrl Pts',(-2.33681403790015,175.000002831221,0.0286752364696431));
#2277=CARTESIAN_POINT('Ctrl Pts',(-2.3362862245163,175.000002831236,0.057359995118768));
#2278=CARTESIAN_POINT('Ctrl Pts',(-2.33522954146659,175.000002831236,0.08603973721538));
#2279=CARTESIAN_POINT('Ctrl Pts',(-2.32402589218831,175.000002831236,0.390121242004536));
#2280=CARTESIAN_POINT('Ctrl Pts',(-2.25353547625123,175.000002831235,0.689107240034554));
#2281=CARTESIAN_POINT('Ctrl Pts',(-2.12772598779762,175.000002831235,0.966168706007409));
#2282=CARTESIAN_POINT('Ctrl Pts',(-2.00191649934412,175.000002831235,1.24323017198));
#2283=CARTESIAN_POINT('Ctrl Pts',(-1.82319355293666,175.000002831233,1.49306938864592));
#2284=CARTESIAN_POINT('Ctrl Pts',(-1.60161692731445,175.000002831233,1.70162365565977));
#2285=CARTESIAN_POINT('Ctrl Pts',(-1.38004030169238,175.000002831233,1.91017792267348));
#2286=CARTESIAN_POINT('Ctrl Pts',(-1.11984678347503,175.00000283123,2.07345945510859));
#2287=CARTESIAN_POINT('Ctrl Pts',(-0.835681885593399,175.00000283123,2.18227762511532));
#2288=CARTESIAN_POINT('Ctrl Pts',(-0.551516987711824,175.00000283123,2.29109579512202));
#2289=CARTESIAN_POINT('Ctrl Pts',(-0.248814252777341,175.000002831227,2.3433698806695));
#2290=CARTESIAN_POINT('Ctrl Pts',(0.0553880899368152,175.000002831227,2.33615753022924));
#2291=CARTESIAN_POINT('Ctrl Pts',(0.359590432651048,175.000002831227,2.32894517978899));
#2292=CARTESIAN_POINT('Ctrl Pts',(0.659475702746132,175.000002831224,2.26238430136414));
#2293=CARTESIAN_POINT('Ctrl Pts',(0.938164257596009,175.000002831224,2.14022140721298));
#2294=CARTESIAN_POINT('Ctrl Pts',(1.21685281244607,175.000002831224,2.01805851306173));
#2295=CARTESIAN_POINT('Ctrl Pts',(1.46901582308843,175.000002831221,1.84262949088866));
#2296=CARTESIAN_POINT('Ctrl Pts',(1.68045978978279,175.000002831221,1.62380871431481));
#2297=CARTESIAN_POINT('Ctrl Pts',(1.89190375647735,175.000002831221,1.40498793774074));
#2298=CARTESIAN_POINT('Ctrl Pts',(2.05858564008921,175.00000283122,1.14695949854728));
#2299=CARTESIAN_POINT('Ctrl Pts',(2.17112341719727,175.00000283122,0.864247043859511));
#2300=CARTESIAN_POINT('Ctrl Pts',(2.28061203095203,175.00000283122,0.589194563257861));
#2301=CARTESIAN_POINT('Ctrl Pts',(2.33681403741095,175.000002831221,0.295894356764714));
#2302=CARTESIAN_POINT('Ctrl Pts',(2.33681403741095,175.000002831221,4.44089209850063E-15));
#2303=CARTESIAN_POINT('',(2.87262652116262,175.000002831221,0.));
#2304=CARTESIAN_POINT('',(1.5,175.000002831221,1.00430293025216E-16));
#2305=CARTESIAN_POINT('Origin',(0.,175.000002831221,0.));
#2306=CARTESIAN_POINT('Ctrl Pts',(-2.33681403790015,170.000002831221,-1.26309282888095E-15));
#2307=CARTESIAN_POINT('Ctrl Pts',(-2.33681403790015,175.000002831221,-1.26309282888095E-15));
#2308=CARTESIAN_POINT('Ctrl Pts',(-2.33681403790015,170.000002831221,0.0286752364696431));
#2309=CARTESIAN_POINT('Ctrl Pts',(-2.33681403790015,175.000002831221,0.0286752364696431));
#2310=CARTESIAN_POINT('Ctrl Pts',(-2.3362862245163,170.000002831236,0.057359995118768));
#2311=CARTESIAN_POINT('Ctrl Pts',(-2.3362862245163,175.000002831236,0.057359995118768));
#2312=CARTESIAN_POINT('Ctrl Pts',(-2.32402589218831,170.000002831236,0.390121242004536));
#2313=CARTESIAN_POINT('Ctrl Pts',(-2.32402589218831,175.000002831236,0.390121242004536));
#2314=CARTESIAN_POINT('Ctrl Pts',(-2.25353547625123,170.000002831235,0.689107240034554));
#2315=CARTESIAN_POINT('Ctrl Pts',(-2.25353547625123,175.000002831235,0.689107240034554));
#2316=CARTESIAN_POINT('Ctrl Pts',(-2.00191649934412,170.000002831235,1.24323017198));
#2317=CARTESIAN_POINT('Ctrl Pts',(-2.00191649934412,175.000002831235,1.24323017198));
#2318=CARTESIAN_POINT('Ctrl Pts',(-1.82319355293666,170.000002831233,1.49306938864592));
#2319=CARTESIAN_POINT('Ctrl Pts',(-1.82319355293666,175.000002831233,1.49306938864592));
#2320=CARTESIAN_POINT('Ctrl Pts',(-1.38004030169238,170.000002831233,1.91017792267348));
#2321=CARTESIAN_POINT('Ctrl Pts',(-1.38004030169238,175.000002831233,1.91017792267348));
#2322=CARTESIAN_POINT('Ctrl Pts',(-1.11984678347503,170.00000283123,2.07345945510859));
#2323=CARTESIAN_POINT('Ctrl Pts',(-1.11984678347503,175.00000283123,2.07345945510859));
#2324=CARTESIAN_POINT('Ctrl Pts',(-0.551516987711824,170.00000283123,2.29109579512202));
#2325=CARTESIAN_POINT('Ctrl Pts',(-0.551516987711824,175.00000283123,2.29109579512202));
#2326=CARTESIAN_POINT('Ctrl Pts',(-0.248814252777341,170.000002831227,2.3433698806695));
#2327=CARTESIAN_POINT('Ctrl Pts',(-0.248814252777341,175.000002831227,2.3433698806695));
#2328=CARTESIAN_POINT('Ctrl Pts',(0.359590432651048,170.000002831227,2.32894517978899));
#2329=CARTESIAN_POINT('Ctrl Pts',(0.359590432651048,175.000002831227,2.32894517978899));
#2330=CARTESIAN_POINT('Ctrl Pts',(0.659475702746132,170.000002831224,2.26238430136414));
#2331=CARTESIAN_POINT('Ctrl Pts',(0.659475702746132,175.000002831224,2.26238430136414));
#2332=CARTESIAN_POINT('Ctrl Pts',(1.21685281244607,170.000002831224,2.01805851306173));
#2333=CARTESIAN_POINT('Ctrl Pts',(1.21685281244607,175.000002831224,2.01805851306173));
#2334=CARTESIAN_POINT('Ctrl Pts',(1.46901582308843,170.000002831221,1.84262949088866));
#2335=CARTESIAN_POINT('Ctrl Pts',(1.46901582308843,175.000002831221,1.84262949088866));
#2336=CARTESIAN_POINT('Ctrl Pts',(1.89190375647735,170.000002831221,1.40498793774074));
#2337=CARTESIAN_POINT('Ctrl Pts',(1.89190375647735,175.000002831221,1.40498793774074));
#2338=CARTESIAN_POINT('Ctrl Pts',(2.05858564008921,170.00000283122,1.14695949854728));
#2339=CARTESIAN_POINT('Ctrl Pts',(2.05858564008921,175.00000283122,1.14695949854728));
#2340=CARTESIAN_POINT('Ctrl Pts',(2.28061203095203,170.00000283122,0.589194563257861));
#2341=CARTESIAN_POINT('Ctrl Pts',(2.28061203095203,175.00000283122,0.589194563257861));
#2342=CARTESIAN_POINT('Ctrl Pts',(2.33681403741095,170.000002831221,0.295894356764714));
#2343=CARTESIAN_POINT('Ctrl Pts',(2.33681403741095,175.000002831221,0.295894356764714));
#2344=CARTESIAN_POINT('Ctrl Pts',(2.33681403741095,170.000002831221,3.95516952522712E-15));
#2345=CARTESIAN_POINT('Ctrl Pts',(2.33681403741095,175.000002831221,3.95516952522712E-15));
#2346=CARTESIAN_POINT('',(2.33681403790015,170.000002831221,0.));
#2347=CARTESIAN_POINT('',(-2.33681403790015,170.000002831221,-8.0478855597228E-16));
#2348=CARTESIAN_POINT('Ctrl Pts',(2.33681403741095,170.000002831221,3.88578058618805E-15));
#2349=CARTESIAN_POINT('Ctrl Pts',(2.33681403741095,170.000002831221,0.295894356764714));
#2350=CARTESIAN_POINT('Ctrl Pts',(2.28061203095203,170.00000283122,0.589194563257861));
#2351=CARTESIAN_POINT('Ctrl Pts',(2.17112341719727,170.00000283122,0.864247043859511));
#2352=CARTESIAN_POINT('Ctrl Pts',(2.05858564008921,170.00000283122,1.14695949854728));
#2353=CARTESIAN_POINT('Ctrl Pts',(1.89190375647735,170.000002831221,1.40498793774074));
#2354=CARTESIAN_POINT('Ctrl Pts',(1.68045978978279,170.000002831221,1.62380871431481));
#2355=CARTESIAN_POINT('Ctrl Pts',(1.46901582308843,170.000002831221,1.84262949088866));
#2356=CARTESIAN_POINT('Ctrl Pts',(1.21685281244607,170.000002831224,2.01805851306173));
#2357=CARTESIAN_POINT('Ctrl Pts',(0.938164257596009,170.000002831224,2.14022140721298));
#2358=CARTESIAN_POINT('Ctrl Pts',(0.659475702746132,170.000002831224,2.26238430136414));
#2359=CARTESIAN_POINT('Ctrl Pts',(0.359590432651049,170.000002831227,2.32894517978899));
#2360=CARTESIAN_POINT('Ctrl Pts',(0.0553880899368152,170.000002831227,2.33615753022924));
#2361=CARTESIAN_POINT('Ctrl Pts',(-0.248814252777341,170.000002831227,2.3433698806695));
#2362=CARTESIAN_POINT('Ctrl Pts',(-0.551516987711824,170.00000283123,2.29109579512202));
#2363=CARTESIAN_POINT('Ctrl Pts',(-0.835681885593399,170.00000283123,2.18227762511532));
#2364=CARTESIAN_POINT('Ctrl Pts',(-1.11984678347503,170.00000283123,2.07345945510859));
#2365=CARTESIAN_POINT('Ctrl Pts',(-1.38004030169238,170.000002831233,1.91017792267348));
#2366=CARTESIAN_POINT('Ctrl Pts',(-1.60161692731445,170.000002831233,1.70162365565977));
#2367=CARTESIAN_POINT('Ctrl Pts',(-1.82319355293666,170.000002831233,1.49306938864592));
#2368=CARTESIAN_POINT('Ctrl Pts',(-2.00191649934412,170.000002831235,1.24323017198));
#2369=CARTESIAN_POINT('Ctrl Pts',(-2.12772598779762,170.000002831235,0.966168706007409));
#2370=CARTESIAN_POINT('Ctrl Pts',(-2.25353547625123,170.000002831235,0.689107240034554));
#2371=CARTESIAN_POINT('Ctrl Pts',(-2.32402589218831,170.000002831236,0.390121242004536));
#2372=CARTESIAN_POINT('Ctrl Pts',(-2.33522954146659,170.000002831236,0.08603973721538));
#2373=CARTESIAN_POINT('Ctrl Pts',(-2.3362862245163,170.000002831236,0.057359995118768));
#2374=CARTESIAN_POINT('Ctrl Pts',(-2.33681403790015,170.000002831221,0.0286752364696431));
#2375=CARTESIAN_POINT('Ctrl Pts',(-2.33681403790015,170.000002831221,-1.26309282888095E-15));
#2376=CARTESIAN_POINT('',(-2.33681403790015,170.000002831221,-1.26309282888095E-15));
#2377=CARTESIAN_POINT('',(2.33681403741095,170.000002831221,3.95516952522712E-15));
#2378=CARTESIAN_POINT('Origin',(-3.69482222595252E-10,170.000002831221,
-1.66868463491454E-10));
#2379=CARTESIAN_POINT('',(1.5,170.000002831221,-1.83697019872103E-16));
#2380=CARTESIAN_POINT('Origin',(0.,170.000002831221,0.));
#2381=CARTESIAN_POINT('Origin',(5.74525304232525,129.860409940912,3.8466496436316E-16));
#2382=CARTESIAN_POINT('',(-8.00000014901161,89.8114120270399,5.54958650117152E-16));
#2383=CARTESIAN_POINT('Ctrl Pts',(-2.33681403875545,170.000002830452,-2.86177183229187E-16));
#2384=CARTESIAN_POINT('Ctrl Pts',(-2.40926405162265,169.348868637466,-2.95049750865096E-16));
#2385=CARTESIAN_POINT('Ctrl Pts',(-2.48173519711883,168.68212935131,-1.19967863329174E-16));
#2386=CARTESIAN_POINT('Ctrl Pts',(-2.55421640622951,168.0000028313,-3.12801294575549E-16));
#2387=CARTESIAN_POINT('Ctrl Pts',(-3.40852806568672,159.960006694443,-4.17424298502202E-16));
#2388=CARTESIAN_POINT('Ctrl Pts',(-4.26549615926047,149.770792956061,-5.22372621783668E-16));
#2389=CARTESIAN_POINT('Ctrl Pts',(-5.1226618477419,137.63821961288,-6.27345143463174E-16));
#2390=CARTESIAN_POINT('Ctrl Pts',(-6.08142593765702,124.067592841397,-7.44759880854784E-16));
#2391=CARTESIAN_POINT('Ctrl Pts',(-7.04013860308913,108.083494930225,-8.62168320564683E-16));
#2392=CARTESIAN_POINT('Ctrl Pts',(-8.00000014916086,89.8114120270478,-9.79717457575457E-16));
#2393=CARTESIAN_POINT('',(-8.00000014818141,70.,-9.52865250682984E-16));
#2394=CARTESIAN_POINT('',(-8.00000014901161,75.905706475456,-5.35628239444673E-16));
#2395=CARTESIAN_POINT('',(-10.0000001490116,70.,5.55111520584384E-16));
#2396=CARTESIAN_POINT('',(3.40699874922625,70.,-1.89126422813004E-16));
#2397=CARTESIAN_POINT('',(-10.0000001490116,89.8639011660218,5.55111520584384E-16));
#2398=CARTESIAN_POINT('',(-10.0000001490116,70.5000010505319,-6.69535296811628E-16));
#2399=CARTESIAN_POINT('Ctrl Pts',(-10.0000001490116,89.8639011660218,5.55111520584384E-16));
#2400=CARTESIAN_POINT('Ctrl Pts',(-9.76000014543717,94.4336717461899,5.41788844090461E-16));
#2401=CARTESIAN_POINT('Ctrl Pts',(-9.08000013530768,107.044652654785,5.04041260690906E-16));
#2402=CARTESIAN_POINT('Ctrl Pts',(-7.9600001186221,126.238147130859,4.41868770385662E-16));
#2403=CARTESIAN_POINT('Ctrl Pts',(-6.71155495558645,144.684934220185,3.72566142136457E-16));
#2404=CARTESIAN_POINT('Ctrl Pts',(-5.46310979254903,159.658476780339,3.03263513887155E-16));
#2405=CARTESIAN_POINT('Ctrl Pts',(-4.45466463308625,169.332577144203,2.47283562131786E-16));
#2406=CARTESIAN_POINT('Ctrl Pts',(-3.88621948018032,173.988870117724,2.1572851728215E-16));
#2407=CARTESIAN_POINT('Ctrl Pts',(-3.75777433383163,175.000002831228,2.08598379338267E-16));
#2408=CARTESIAN_POINT('Ctrl Pts',(-8.00000014901161,89.8114120270399,5.54958650117152E-16));
#2409=CARTESIAN_POINT('Ctrl Pts',(-8.00000014901161,89.8114120270399,-8.00000016000313));
#2410=CARTESIAN_POINT('Ctrl Pts',(1.09915163457285E-8,89.8114120281646,
-8.00000016000313));
#2411=CARTESIAN_POINT('Ctrl Pts',(8.00000017099464,89.8114120292892,-8.00000016000313));
#2412=CARTESIAN_POINT('Ctrl Pts',(8.00000017099464,89.8114120292892,-5.54958650117152E-16));
#2413=CARTESIAN_POINT('Ctrl Pts',(8.00000017099464,89.8114120292892,8.00000016000313));
#2414=CARTESIAN_POINT('Ctrl Pts',(1.09915174556458E-8,89.8114120281646,
8.00000016000313));
#2415=CARTESIAN_POINT('Ctrl Pts',(-8.00000014901161,89.8114120270399,8.00000016000313));
#2416=CARTESIAN_POINT('Ctrl Pts',(-8.00000014901161,89.8114120270399,5.54958650117152E-16));
#2417=CARTESIAN_POINT('Ctrl Pts',(-6.66320403541046,115.258883601185,4.8071617734706E-16));
#2418=CARTESIAN_POINT('Ctrl Pts',(-6.66320403541046,115.258883601185,-6.66320404282464));
#2419=CARTESIAN_POINT('Ctrl Pts',(7.41418741311577E-9,115.258883602121,
-6.66320404282464));
#2420=CARTESIAN_POINT('Ctrl Pts',(6.66320405023883,115.258883603058,-6.66320404282464));
#2421=CARTESIAN_POINT('Ctrl Pts',(6.66320405023883,115.258883603058,-4.8071617734706E-16));
#2422=CARTESIAN_POINT('Ctrl Pts',(6.66320405023883,115.258883603058,6.66320404282464));
#2423=CARTESIAN_POINT('Ctrl Pts',(7.41418837454813E-9,115.258883602121,
6.66320404282464));
#2424=CARTESIAN_POINT('Ctrl Pts',(-6.66320403541046,115.258883601185,6.66320404282464));
#2425=CARTESIAN_POINT('Ctrl Pts',(-6.66320403541046,115.258883601185,4.8071617734706E-16));
#2426=CARTESIAN_POINT('Ctrl Pts',(-5.32643695087697,136.324739245608,4.06474115973701E-16));
#2427=CARTESIAN_POINT('Ctrl Pts',(-5.32643695087697,136.324739245608,-5.32643695532978));
#2428=CARTESIAN_POINT('Ctrl Pts',(4.45281286782706E-9,136.324739246357,
-5.32643695532978));
#2429=CARTESIAN_POINT('Ctrl Pts',(5.32643695978259,136.324739247105,-5.32643695532978));
#2430=CARTESIAN_POINT('Ctrl Pts',(5.3264369597826,136.324739247105,-4.06474115973701E-16));
#2431=CARTESIAN_POINT('Ctrl Pts',(5.3264369597826,136.324739247105,5.32643695532978));
#2432=CARTESIAN_POINT('Ctrl Pts',(4.45281368077529E-9,136.324739246357,
5.32643695532978));
#2433=CARTESIAN_POINT('Ctrl Pts',(-5.32643695087697,136.324739245608,5.32643695532978));
#2434=CARTESIAN_POINT('Ctrl Pts',(-5.32643695087697,136.324739245608,4.06474115973701E-16));
#2435=CARTESIAN_POINT('Ctrl Pts',(-3.99172746302674,152.504432292564,3.32231848901759E-16));
#2436=CARTESIAN_POINT('Ctrl Pts',(-3.99172746302674,152.504432292564,-3.99172746520506));
#2437=CARTESIAN_POINT('Ctrl Pts',(2.1783203627181E-9,152.504432293125,-3.99172746520506));
#2438=CARTESIAN_POINT('Ctrl Pts',(3.99172746738338,152.504432293686,-3.99172746520506));
#2439=CARTESIAN_POINT('Ctrl Pts',(3.99172746738338,152.504432293686,-3.32231848901759E-16));
#2440=CARTESIAN_POINT('Ctrl Pts',(3.99172746738338,152.504432293686,3.99172746520506));
#2441=CARTESIAN_POINT('Ctrl Pts',(2.1783210271818E-9,152.504432293125,3.99172746520506));
#2442=CARTESIAN_POINT('Ctrl Pts',(-3.99172746302674,152.504432292564,3.99172746520506));
#2443=CARTESIAN_POINT('Ctrl Pts',(-3.99172746302674,152.504432292564,3.32231848901759E-16));
#2444=CARTESIAN_POINT('Ctrl Pts',(-3.51205958279534,158.319090191735,3.055506638243E-16));
#2445=CARTESIAN_POINT('Ctrl Pts',(-3.51205958279534,158.319090191735,-3.51205958415625));
#2446=CARTESIAN_POINT('Ctrl Pts',(1.36091327266656E-9,158.319090192229,
-3.51205958415626));
#2447=CARTESIAN_POINT('Ctrl Pts',(3.51205958551717,158.319090192723,-3.51205958415626));
#2448=CARTESIAN_POINT('Ctrl Pts',(3.51205958551717,158.319090192723,-3.055506638243E-16));
#2449=CARTESIAN_POINT('Ctrl Pts',(3.51205958551717,158.319090192723,3.51205958415625));
#2450=CARTESIAN_POINT('Ctrl Pts',(1.36091388376789E-9,158.319090192229,
3.51205958415626));
#2451=CARTESIAN_POINT('Ctrl Pts',(-3.51205958279534,158.319090191735,3.51205958415626));
#2452=CARTESIAN_POINT('Ctrl Pts',(-3.51205958279534,158.319090191735,3.055506638243E-16));
#2453=CARTESIAN_POINT('Ctrl Pts',(-3.03264057478709,163.497514272013,2.78867757469614E-16));
#2454=CARTESIAN_POINT('Ctrl Pts',(-3.03264057478709,163.497514272013,-3.03264057542003));
#2455=CARTESIAN_POINT('Ctrl Pts',(6.32946019060205E-10,163.497514272439,
-3.03264057542003));
#2456=CARTESIAN_POINT('Ctrl Pts',(3.03264057605298,163.497514272865,-3.03264057542003));
#2457=CARTESIAN_POINT('Ctrl Pts',(3.03264057605298,163.497514272865,-2.78867757469614E-16));
#2458=CARTESIAN_POINT('Ctrl Pts',(3.03264057605298,163.497514272865,3.03264057542003));
#2459=CARTESIAN_POINT('Ctrl Pts',(6.3294657679572E-10,163.497514272439,
3.03264057542003));
#2460=CARTESIAN_POINT('Ctrl Pts',(-3.03264057478709,163.497514272013,3.03264057542003));
#2461=CARTESIAN_POINT('Ctrl Pts',(-3.03264057478709,163.497514272013,2.78867757469614E-16));
#2462=CARTESIAN_POINT('Ctrl Pts',(-2.55421640548366,168.000002831221,2.52188293669339E-16));
#2463=CARTESIAN_POINT('Ctrl Pts',(-2.55421640548366,168.000002831221,-2.55421640548366));
#2464=CARTESIAN_POINT('Ctrl Pts',(-2.52238766162366E-16,168.00000283158,
-2.55421640548366));
#2465=CARTESIAN_POINT('Ctrl Pts',(2.55421640548366,168.000002831939,-2.55421640548366));
#2466=CARTESIAN_POINT('Ctrl Pts',(2.55421640548366,168.000002831939,-2.52188293669339E-16));
#2467=CARTESIAN_POINT('Ctrl Pts',(2.55421640548366,168.000002831939,2.55421640548366));
#2468=CARTESIAN_POINT('Ctrl Pts',(2.52137821176313E-16,168.00000283158,
2.55421640548366));
#2469=CARTESIAN_POINT('Ctrl Pts',(-2.55421640548366,168.000002831221,2.55421640548366));
#2470=CARTESIAN_POINT('Ctrl Pts',(-2.55421640548366,168.000002831221,2.52188293669339E-16));
#2471=CARTESIAN_POINT('Ctrl Pts',(-2.29366058734623,170.45211471325,2.37658322225652E-16));
#2472=CARTESIAN_POINT('Ctrl Pts',(-2.29366058734623,170.45211471325,-2.29366058700152));
#2473=CARTESIAN_POINT('Ctrl Pts',(-3.44710750028751E-10,170.452114713572,
-2.29366058700152));
#2474=CARTESIAN_POINT('Ctrl Pts',(2.29366058665681,170.452114713895,-2.29366058700152));
#2475=CARTESIAN_POINT('Ctrl Pts',(2.29366058665681,170.452114713895,-2.37658322225652E-16));
#2476=CARTESIAN_POINT('Ctrl Pts',(2.29366058665681,170.452114713895,2.29366058700152));
#2477=CARTESIAN_POINT('Ctrl Pts',(-3.44710274712107E-10,170.452114713572,
2.29366058700152));
#2478=CARTESIAN_POINT('Ctrl Pts',(-2.29366058734623,170.45211471325,2.29366058700152));
#2479=CARTESIAN_POINT('Ctrl Pts',(-2.29366058734623,170.45211471325,2.37658322225652E-16));
#2480=CARTESIAN_POINT('Ctrl Pts',(-2.03338448977256,172.703850245266,2.23128350781961E-16));
#2481=CARTESIAN_POINT('Ctrl Pts',(-2.03338448977256,172.703850245266,-2.03338448911131));
#2482=CARTESIAN_POINT('Ctrl Pts',(-6.61252943273994E-10,172.703850245552,
-2.03338448911131));
#2483=CARTESIAN_POINT('Ctrl Pts',(2.03338448845005,172.703850245838,-2.03338448911131));
#2484=CARTESIAN_POINT('Ctrl Pts',(2.03338448845005,172.703850245838,-2.23128350781961E-16));
#2485=CARTESIAN_POINT('Ctrl Pts',(2.03338448845005,172.703850245838,2.03338448911131));
#2486=CARTESIAN_POINT('Ctrl Pts',(-6.61252497017293E-10,172.703850245552,
2.03338448911131));
#2487=CARTESIAN_POINT('Ctrl Pts',(-2.03338448977256,172.703850245266,2.03338448911131));
#2488=CARTESIAN_POINT('Ctrl Pts',(-2.03338448977256,172.703850245266,2.23128350781961E-16));
#2489=CARTESIAN_POINT('Ctrl Pts',(-1.77371848636022,174.747966337612,2.08598379338267E-16));
#2490=CARTESIAN_POINT('Ctrl Pts',(-1.77371848636022,174.747966337612,-1.77371848541161));
#2491=CARTESIAN_POINT('Ctrl Pts',(-9.48608620217949E-10,174.747966337861,
-1.77371848541161));
#2492=CARTESIAN_POINT('Ctrl Pts',(1.773718484463,174.747966338111,-1.77371848541161));
#2493=CARTESIAN_POINT('Ctrl Pts',(1.773718484463,174.747966338111,-2.08598379338267E-16));
#2494=CARTESIAN_POINT('Ctrl Pts',(1.773718484463,174.747966338111,1.77371848541161));
#2495=CARTESIAN_POINT('Ctrl Pts',(-9.4860820302119E-10,174.747966337861,
1.77371848541161));
#2496=CARTESIAN_POINT('Ctrl Pts',(-1.77371848636022,174.747966337612,1.77371848541161));
#2497=CARTESIAN_POINT('Ctrl Pts',(-1.77371848636022,174.747966337612,2.08598379338267E-16));
#2498=CARTESIAN_POINT('Ctrl Pts',(-1.7507420982517,174.92883870465,2.07322933583227E-16));
#2499=CARTESIAN_POINT('Ctrl Pts',(-1.7507420982517,174.92883870465,-1.75074209727767));
#2500=CARTESIAN_POINT('Ctrl Pts',(-9.74035112229003E-10,174.928838704896,
-1.75074209727767));
#2501=CARTESIAN_POINT('Ctrl Pts',(1.75074209630363,174.928838705143,-1.75074209727767));
#2502=CARTESIAN_POINT('Ctrl Pts',(1.75074209630363,174.928838705143,-2.07322933583227E-16));
#2503=CARTESIAN_POINT('Ctrl Pts',(1.75074209630363,174.928838705143,1.75074209727767));
#2504=CARTESIAN_POINT('Ctrl Pts',(-9.74034697583136E-10,174.928838704896,
1.75074209727767));
#2505=CARTESIAN_POINT('Ctrl Pts',(-1.7507420982517,174.92883870465,1.75074209727767));
#2506=CARTESIAN_POINT('Ctrl Pts',(-1.7507420982517,174.92883870465,2.07322933583227E-16));
#2507=CARTESIAN_POINT('Ctrl Pts',(-1.72776571014318,175.109711071689,2.06047487828186E-16));
#2508=CARTESIAN_POINT('Ctrl Pts',(-1.72776571014318,175.109711071689,-1.72776570914372));
#2509=CARTESIAN_POINT('Ctrl Pts',(-9.99461604240059E-10,175.109711071932,
-1.72776570914372));
#2510=CARTESIAN_POINT('Ctrl Pts',(1.72776570814426,175.109711072175,-1.72776570914372));
#2511=CARTESIAN_POINT('Ctrl Pts',(1.72776570814426,175.109711072175,-2.06047487828186E-16));
#2512=CARTESIAN_POINT('Ctrl Pts',(1.72776570814426,175.109711072175,1.72776570914372));
#2513=CARTESIAN_POINT('Ctrl Pts',(-9.99461192145084E-10,175.109711071932,
1.72776570914372));
#2514=CARTESIAN_POINT('Ctrl Pts',(-1.72776571014318,175.109711071689,1.72776570914372));
#2515=CARTESIAN_POINT('Ctrl Pts',(-1.72776571014318,175.109711071689,2.06047487828186E-16));
#2516=CARTESIAN_POINT('Ctrl Pts',(-1.70478932203464,175.290583438727,2.04772042073146E-16));
#2517=CARTESIAN_POINT('Ctrl Pts',(-1.70478932203464,175.290583438727,-1.70478932100975));
#2518=CARTESIAN_POINT('Ctrl Pts',(-1.02488809625114E-9,175.290583438967,
-1.70478932100975));
#2519=CARTESIAN_POINT('Ctrl Pts',(1.70478931998487,175.290583439207,-1.70478932100975));
#2520=CARTESIAN_POINT('Ctrl Pts',(1.70478931998487,175.290583439207,-2.04772042073146E-16));
#2521=CARTESIAN_POINT('Ctrl Pts',(1.70478931998487,175.290583439207,1.70478932100975));
#2522=CARTESIAN_POINT('Ctrl Pts',(-1.02488768670706E-9,175.290583438967,
1.70478932100975));
#2523=CARTESIAN_POINT('Ctrl Pts',(-1.70478932203464,175.290583438727,1.70478932100975));
#2524=CARTESIAN_POINT('Ctrl Pts',(-1.70478932203464,175.290583438727,2.04772042073146E-16));
#2525=CARTESIAN_POINT('',(8.00000017099464,89.8114120292892,5.35628240916515E-16));
#2526=CARTESIAN_POINT('Ctrl Pts',(8.00000014895428,89.8114120281314,0.));
#2527=CARTESIAN_POINT('Ctrl Pts',(7.04013860275913,108.083494930881,0.));
#2528=CARTESIAN_POINT('Ctrl Pts',(6.08142593722126,124.067592841706,0.));
#2529=CARTESIAN_POINT('Ctrl Pts',(5.12266184721898,137.638219612932,0.));
#2530=CARTESIAN_POINT('Ctrl Pts',(4.26549615862249,149.770792956408,0.));
#2531=CARTESIAN_POINT('Ctrl Pts',(3.40852806494866,159.960006694989,0.));
#2532=CARTESIAN_POINT('Ctrl Pts',(2.55421640540821,168.000002831931,0.));
#2533=CARTESIAN_POINT('Ctrl Pts',(2.48173519658508,168.682129351721,5.56810141161418E-17));
#2534=CARTESIAN_POINT('Ctrl Pts',(2.40926405084193,169.348868637608,0.));
#2535=CARTESIAN_POINT('Ctrl Pts',(2.33681403799508,170.000002830367,0.));
#2536=CARTESIAN_POINT('Origin',(1.09915169006871E-8,89.8114120281646,-6.16297582203915E-32));
#2537=CARTESIAN_POINT('Origin',(5.74525304232525,129.860409940912,3.8466496436316E-16));
#2538=CARTESIAN_POINT('',(10.0000001490116,89.8639011660218,6.69535296811628E-16));
#2539=CARTESIAN_POINT('Ctrl Pts',(3.75777433383163,175.000002831228,2.51596251646232E-16));
#2540=CARTESIAN_POINT('Ctrl Pts',(3.88621948018032,173.988870117724,2.60196107436542E-16));
#2541=CARTESIAN_POINT('Ctrl Pts',(4.45466463308625,169.332577144203,2.98255516286613E-16));
#2542=CARTESIAN_POINT('Ctrl Pts',(5.46310979254903,159.658476780339,3.65774478196418E-16));
#2543=CARTESIAN_POINT('Ctrl Pts',(6.71155495558645,144.684934220185,4.49362287229593E-16));
#2544=CARTESIAN_POINT('Ctrl Pts',(7.9600001186221,126.238147130859,5.32950096262649E-16));
#2545=CARTESIAN_POINT('Ctrl Pts',(9.08000013530768,107.044652654785,6.07938049505302E-16));
#2546=CARTESIAN_POINT('Ctrl Pts',(9.76000014543717,94.4336717461899,6.53466449688272E-16));
#2547=CARTESIAN_POINT('Ctrl Pts',(10.0000001490116,89.8639011660218,6.69535296811628E-16));
#2548=CARTESIAN_POINT('',(10.0000001490116,70.,3.3304809437221E-16));
#2549=CARTESIAN_POINT('',(10.0000001490116,70.5000010505319,6.69535296811628E-16));
#2550=CARTESIAN_POINT('',(8.0000001757345,70.,1.18391229939969E-16));
#2551=CARTESIAN_POINT('',(3.40699874922625,70.,-1.89126422813004E-16));
#2552=CARTESIAN_POINT('',(8.00000017490429,75.9057064777052,5.35628241178279E-16));
#2553=CARTESIAN_POINT('Origin',(2.79396797364662E-8,73.5000010728836,8.60892092062649));
#2554=CARTESIAN_POINT('',(1.50000002235174,73.5000010728836,7.85811698590226));
#2555=CARTESIAN_POINT('',(-1.49999996647238,73.5000010728836,7.85811699149717));
#2556=CARTESIAN_POINT('Origin',(1.32845259874043E-8,73.5000010728836,-6.16297582203915E-32));
#2557=CARTESIAN_POINT('',(1.50000002235174,73.5000010728836,9.88686011396829));
#2558=CARTESIAN_POINT('',(1.50000002235174,73.5000010728836,10.2178417369449));
#2559=CARTESIAN_POINT('',(-1.49999996647238,73.5000010728836,9.88686012244611));
#2560=CARTESIAN_POINT('Origin',(0.,73.5000010728836,0.));
#2561=CARTESIAN_POINT('',(-1.49999996647238,73.5000010728836,7.00000010430813));
#2562=CARTESIAN_POINT('Origin',(2.79396797364662E-8,72.0000010728836,8.60892092062649));
#2563=CARTESIAN_POINT('',(-1.49999996647238,72.0000010728836,7.85811699145692));
#2564=CARTESIAN_POINT('',(1.50000002235174,72.0000010728836,7.85811698594251));
#2565=CARTESIAN_POINT('Origin',(1.34953914753444E-8,72.0000010728836,-6.16297582203915E-32));
#2566=CARTESIAN_POINT('',(-1.49999996647238,72.0000010728836,8.87411981632945));
#2567=CARTESIAN_POINT('',(-1.49999996647238,72.0000010728836,7.00000010430813));
#2568=CARTESIAN_POINT('',(1.49999999542713,72.0000010728836,8.8741198114352));
#2569=CARTESIAN_POINT('Origin',(0.,72.0000010728836,0.));
#2570=CARTESIAN_POINT('',(1.50000002235174,72.0000010728836,10.2178417369449));
#2571=CARTESIAN_POINT('Origin',(1.29463391582106E-8,75.9057064765806,-6.16297582203915E-32));
#2572=CARTESIAN_POINT('Origin',(1.37765456100872E-8,70.,-6.16297582203915E-32));
#2573=CARTESIAN_POINT('',(-1.49999996647238,72.7500010728836,7.85811699147704));
#2574=CARTESIAN_POINT('',(1.50000002235174,72.7500010728836,7.85811698592239));
#2575=CARTESIAN_POINT('Origin',(0.,70.,-13.495637759394));
#2576=CARTESIAN_POINT('',(1.49999996647239,70.,9.88686012244611));
#2577=CARTESIAN_POINT('Origin',(0.,70.,0.));
#2578=CARTESIAN_POINT('',(1.49999999542713,70.0000010728836,8.8741198114352));
#2579=CARTESIAN_POINT('',(1.49999996647239,70.,10.1999997720122));
#2580=CARTESIAN_POINT('',(-1.49999996647238,70.0000010728836,8.87411981632945));
#2581=CARTESIAN_POINT('Origin',(0.,70.0000010728836,0.));
#2582=CARTESIAN_POINT('',(-1.49999996647239,70.,9.88686012244611));
#2583=CARTESIAN_POINT('',(-1.49999996647239,70.,10.1999997720122));
#2584=CARTESIAN_POINT('Origin',(0.,70.,0.));
#2585=CARTESIAN_POINT('Origin',(0.,72.0000010728836,0.));
#2586=CARTESIAN_POINT('',(-1.49999996647239,72.0000010728836,8.87411981632945));
#2587=CARTESIAN_POINT('',(1.49999996647239,72.0000010728836,8.87411981632945));
#2588=CARTESIAN_POINT('Origin',(-1.49999996647239,70.,12.4999997206032));
#2589=CARTESIAN_POINT('',(-1.49999996647239,0.,9.88686012244611));
#2590=CARTESIAN_POINT('Origin',(1.49999996647239,70.,10.1999997720122));
#2591=CARTESIAN_POINT('',(1.49999996647239,0.,9.88686012244611));
#2592=CARTESIAN_POINT('Origin',(0.,175.000002831221,0.));
#2593=CARTESIAN_POINT('',(1.5,175.000002831221,-1.83697019872103E-16));
#2594=CARTESIAN_POINT('Origin',(0.,0.,0.));
#2595=CARTESIAN_POINT('Ctrl Pts',(-10.0000001490116,89.8639011660218,5.55111520584384E-16));
#2596=CARTESIAN_POINT('Ctrl Pts',(-10.0000001490116,89.8639011660218,0.0666873357802775));
#2597=CARTESIAN_POINT('Ctrl Pts',(-9.99933306934907,89.8639011660219,0.133357314160775));
#2598=CARTESIAN_POINT('Ctrl Pts',(-9.99799994900141,89.8639011660219,0.200000000000002));
#2599=CARTESIAN_POINT('Ctrl Pts',(-9.97195698410895,89.8639011660218,1.50188780833337));
#2600=CARTESIAN_POINT('Ctrl Pts',(-9.69187536550775,89.8639011660218,2.78624208948249));
#2601=CARTESIAN_POINT('Ctrl Pts',(-8.65517233866586,89.8639011660218,5.17528116062941));
#2602=CARTESIAN_POINT('Ctrl Pts',(-7.90846092772635,89.8639011660219,6.25714700290748));
#2603=CARTESIAN_POINT('Ctrl Pts',(-6.04236254757212,89.8639011660219,8.0737474661566));
#2604=CARTESIAN_POINT('Ctrl Pts',(-4.94082662022251,89.8639011660219,8.79112479551218));
#2605=CARTESIAN_POINT('Ctrl Pts',(-2.52476990704483,89.8639011660219,9.76325151883599));
#2606=CARTESIAN_POINT('Ctrl Pts',(-1.23335335853371,89.8639011660219,10.008720315523));
#2607=CARTESIAN_POINT('Ctrl Pts',(1.37088156273593,89.8639011660219,9.99080712678025));
#2608=CARTESIAN_POINT('Ctrl Pts',(2.65880212923915,89.8639011660219,9.72761091424415));
#2609=CARTESIAN_POINT('Ctrl Pts',(5.06125734493543,89.8639011660219,8.72234013278028));
#2610=CARTESIAN_POINT('Ctrl Pts',(6.15282881430725,89.8639011660219,7.98988988930379));
#2611=CARTESIAN_POINT('Ctrl Pts',(7.99376088656452,89.8639011660219,6.14779067568208));
#2612=CARTESIAN_POINT('Ctrl Pts',(8.72553144063898,89.8639011660219,5.05576343787851));
#2613=CARTESIAN_POINT('Ctrl Pts',(9.72927935891101,89.8639011660219,2.65267157029296));
#2614=CARTESIAN_POINT('Ctrl Pts',(9.99167373770753,89.8639011660219,1.36458740305415));
#2615=CARTESIAN_POINT('Ctrl Pts',(9.99993517707357,89.8639011660219,0.0416274057347736));
#2616=CARTESIAN_POINT('Ctrl Pts',(10.0000001490116,89.8639011660219,0.0208121688714785));
#2617=CARTESIAN_POINT('Ctrl Pts',(10.0000001490116,89.8639011660219,8.32667268468867E-16));
#2618=CARTESIAN_POINT('Ctrl Pts',(6.93889390390723E-17,190.,-3.85185988877447E-33));
#2619=CARTESIAN_POINT('Ctrl Pts',(6.93889390390723E-17,190.,-6.93889390390723E-17));
#2620=CARTESIAN_POINT('Ctrl Pts',(-3.85185988877447E-33,190.,-6.93889390390723E-17));
#2621=CARTESIAN_POINT('Ctrl Pts',(-6.93889390390723E-17,190.,-6.93889390390723E-17));
#2622=CARTESIAN_POINT('Ctrl Pts',(-6.93889390390723E-17,190.,3.85185988877447E-33));
#2623=CARTESIAN_POINT('Ctrl Pts',(-6.93889390390723E-17,190.,6.93889390390723E-17));
#2624=CARTESIAN_POINT('Ctrl Pts',(3.85185988877447E-33,190.,6.93889390390723E-17));
#2625=CARTESIAN_POINT('Ctrl Pts',(6.93889390390723E-17,190.,6.93889390390723E-17));
#2626=CARTESIAN_POINT('Ctrl Pts',(6.93889390390723E-17,190.,-3.85185988877447E-33));
#2627=CARTESIAN_POINT('Ctrl Pts',(-0.440000006557657,189.999999999991,2.44249069057765E-17));
#2628=CARTESIAN_POINT('Ctrl Pts',(-0.440000006557657,189.999999999991,0.440000006557657));
#2629=CARTESIAN_POINT('Ctrl Pts',(2.44249069057765E-17,189.999999999991,
0.440000006557657));
#2630=CARTESIAN_POINT('Ctrl Pts',(0.440000006557657,189.999999999991,0.440000006557657));
#2631=CARTESIAN_POINT('Ctrl Pts',(0.440000006557657,189.999999999991,-2.44249069057765E-17));
#2632=CARTESIAN_POINT('Ctrl Pts',(0.440000006557657,189.999999999991,-0.440000006557657));
#2633=CARTESIAN_POINT('Ctrl Pts',(-2.44249069057765E-17,189.999999999991,
-0.440000006557657));
#2634=CARTESIAN_POINT('Ctrl Pts',(-0.440000006557657,189.999999999991,-0.440000006557657));
#2635=CARTESIAN_POINT('Ctrl Pts',(-0.440000006557657,189.999999999991,2.44249069057765E-17));
#2636=CARTESIAN_POINT('Ctrl Pts',(-1.32000001967299,188.955420715419,7.32747207173308E-17));
#2637=CARTESIAN_POINT('Ctrl Pts',(-1.32000001967299,188.955420715419,1.32000001967299));
#2638=CARTESIAN_POINT('Ctrl Pts',(7.32747207173308E-17,188.955420715419,
1.32000001967299));
#2639=CARTESIAN_POINT('Ctrl Pts',(1.32000001967299,188.955420715419,1.32000001967299));
#2640=CARTESIAN_POINT('Ctrl Pts',(1.32000001967299,188.955420715419,-7.32747207173308E-17));
#2641=CARTESIAN_POINT('Ctrl Pts',(1.32000001967299,188.955420715419,-1.32000001967299));
#2642=CARTESIAN_POINT('Ctrl Pts',(-7.32747207173308E-17,188.955420715419,
-1.32000001967299));
#2643=CARTESIAN_POINT('Ctrl Pts',(-1.32000001967299,188.955420715419,-1.32000001967299));
#2644=CARTESIAN_POINT('Ctrl Pts',(-1.32000001967299,188.955420715419,7.32747207173308E-17));
#2645=CARTESIAN_POINT('Ctrl Pts',(-2.64000003934592,184.254813934896,1.46549441434658E-16));
#2646=CARTESIAN_POINT('Ctrl Pts',(-2.64000003934592,184.254813934896,2.64000003934592));
#2647=CARTESIAN_POINT('Ctrl Pts',(1.46549441434658E-16,184.254813934896,
2.64000003934592));
#2648=CARTESIAN_POINT('Ctrl Pts',(2.64000003934592,184.254813934896,2.64000003934592));
#2649=CARTESIAN_POINT('Ctrl Pts',(2.64000003934592,184.254813934896,-1.46549441434658E-16));
#2650=CARTESIAN_POINT('Ctrl Pts',(2.64000003934592,184.254813934896,-2.64000003934592));
#2651=CARTESIAN_POINT('Ctrl Pts',(-1.46549441434658E-16,184.254813934896,
-2.64000003934592));
#2652=CARTESIAN_POINT('Ctrl Pts',(-2.64000003934592,184.254813934896,-2.64000003934592));
#2653=CARTESIAN_POINT('Ctrl Pts',(-2.64000003934592,184.254813934896,1.46549441434658E-16));
#2654=CARTESIAN_POINT('Ctrl Pts',(-4.4000000655757,171.887366891298,2.44249069057717E-16));
#2655=CARTESIAN_POINT('Ctrl Pts',(-4.40000006557569,171.887366891298,4.40000006557569));
#2656=CARTESIAN_POINT('Ctrl Pts',(2.44249069057717E-16,171.887366891298,
4.4000000655757));
#2657=CARTESIAN_POINT('Ctrl Pts',(4.40000006557569,171.887366891298,4.40000006557569));
#2658=CARTESIAN_POINT('Ctrl Pts',(4.4000000655757,171.887366891298,-2.44249069057717E-16));
#2659=CARTESIAN_POINT('Ctrl Pts',(4.40000006557569,171.887366891298,-4.40000006557569));
#2660=CARTESIAN_POINT('Ctrl Pts',(-2.44249069057717E-16,171.887366891298,
-4.4000000655757));
#2661=CARTESIAN_POINT('Ctrl Pts',(-4.40000006557569,171.887366891298,-4.40000006557569));
#2662=CARTESIAN_POINT('Ctrl Pts',(-4.4000000655757,171.887366891298,2.44249069057717E-16));
#2663=CARTESIAN_POINT('Ctrl Pts',(-6.60000009835999,147.028513520018,3.66373603586378E-16));
#2664=CARTESIAN_POINT('Ctrl Pts',(-6.60000009835999,147.028513520018,6.60000009835999));
#2665=CARTESIAN_POINT('Ctrl Pts',(3.66373603586378E-16,147.028513520018,
6.60000009835999));
#2666=CARTESIAN_POINT('Ctrl Pts',(6.60000009835999,147.028513520018,6.60000009835999));
#2667=CARTESIAN_POINT('Ctrl Pts',(6.60000009835999,147.028513520018,-3.66373603586378E-16));
#2668=CARTESIAN_POINT('Ctrl Pts',(6.60000009835999,147.028513520018,-6.60000009835999));
#2669=CARTESIAN_POINT('Ctrl Pts',(-3.66373603586378E-16,147.028513520018,
-6.60000009835999));
#2670=CARTESIAN_POINT('Ctrl Pts',(-6.60000009835999,147.028513520018,-6.60000009835999));
#2671=CARTESIAN_POINT('Ctrl Pts',(-6.60000009835999,147.028513520018,3.66373603586378E-16));
#2672=CARTESIAN_POINT('Ctrl Pts',(-8.36000012458394,120.238686829098,4.64073231209113E-16));
#2673=CARTESIAN_POINT('Ctrl Pts',(-8.36000012458394,120.238686829098,8.36000012458394));
#2674=CARTESIAN_POINT('Ctrl Pts',(4.64073231209113E-16,120.238686829098,
8.36000012458394));
#2675=CARTESIAN_POINT('Ctrl Pts',(8.36000012458394,120.238686829098,8.36000012458394));
#2676=CARTESIAN_POINT('Ctrl Pts',(8.36000012458394,120.238686829098,-4.64073231209113E-16));
#2677=CARTESIAN_POINT('Ctrl Pts',(8.36000012458394,120.238686829098,-8.36000012458394));
#2678=CARTESIAN_POINT('Ctrl Pts',(-4.64073231209113E-16,120.238686829098,
-8.36000012458394));
#2679=CARTESIAN_POINT('Ctrl Pts',(-8.36000012458394,120.238686829098,-8.36000012458394));
#2680=CARTESIAN_POINT('Ctrl Pts',(-8.36000012458394,120.238686829098,4.64073231209113E-16));
#2681=CARTESIAN_POINT('Ctrl Pts',(-9.6800001442494,96.5102918546256,5.37347951926026E-16));
#2682=CARTESIAN_POINT('Ctrl Pts',(-9.6800001442494,96.5102918546256,9.6800001442494));
#2683=CARTESIAN_POINT('Ctrl Pts',(5.37347951926026E-16,96.5102918546256,
9.6800001442494));
#2684=CARTESIAN_POINT('Ctrl Pts',(9.6800001442494,96.5102918546256,9.6800001442494));
#2685=CARTESIAN_POINT('Ctrl Pts',(9.6800001442494,96.5102918546256,-5.37347951926026E-16));
#2686=CARTESIAN_POINT('Ctrl Pts',(9.6800001442494,96.5102918546256,-9.6800001442494));
#2687=CARTESIAN_POINT('Ctrl Pts',(-5.37347951926026E-16,96.5102918546256,
-9.6800001442494));
#2688=CARTESIAN_POINT('Ctrl Pts',(-9.6800001442494,96.5102918546256,-9.6800001442494));
#2689=CARTESIAN_POINT('Ctrl Pts',(-9.6800001442494,96.5102918546256,5.37347951926026E-16));
#2690=CARTESIAN_POINT('Ctrl Pts',(-10.5600001573585,79.1017140673102,5.86197765737235E-16));
#2691=CARTESIAN_POINT('Ctrl Pts',(-10.5600001573585,79.1017140673102,10.5600001573585));
#2692=CARTESIAN_POINT('Ctrl Pts',(5.86197765737235E-16,79.1017140673102,
10.5600001573585));
#2693=CARTESIAN_POINT('Ctrl Pts',(10.5600001573585,79.1017140673102,10.5600001573585));
#2694=CARTESIAN_POINT('Ctrl Pts',(10.5600001573585,79.1017140673102,-5.86197765737235E-16));
#2695=CARTESIAN_POINT('Ctrl Pts',(10.5600001573585,79.1017140673102,-10.5600001573585));
#2696=CARTESIAN_POINT('Ctrl Pts',(-5.86197765737235E-16,79.1017140673102,
-10.5600001573585));
#2697=CARTESIAN_POINT('Ctrl Pts',(-10.5600001573585,79.1017140673102,-10.5600001573585));
#2698=CARTESIAN_POINT('Ctrl Pts',(-10.5600001573585,79.1017140673102,5.86197765737235E-16));
#2699=CARTESIAN_POINT('Ctrl Pts',(-11.0000001639128,70.0000010430813,6.10622672642823E-16));
#2700=CARTESIAN_POINT('Ctrl Pts',(-11.0000001639128,70.0000010430813,11.0000001639128));
#2701=CARTESIAN_POINT('Ctrl Pts',(6.10622672642823E-16,70.0000010430813,
11.0000001639128));
#2702=CARTESIAN_POINT('Ctrl Pts',(11.0000001639128,70.0000010430813,11.0000001639128));
#2703=CARTESIAN_POINT('Ctrl Pts',(11.0000001639128,70.0000010430813,-6.10622672642823E-16));
#2704=CARTESIAN_POINT('Ctrl Pts',(11.0000001639128,70.0000010430813,-11.0000001639128));
#2705=CARTESIAN_POINT('Ctrl Pts',(-6.10622672642823E-16,70.0000010430813,
-11.0000001639128));
#2706=CARTESIAN_POINT('Ctrl Pts',(-11.0000001639128,70.0000010430813,-11.0000001639128));
#2707=CARTESIAN_POINT('Ctrl Pts',(-11.0000001639128,70.0000010430813,6.10622672642823E-16));
#2708=CARTESIAN_POINT('',(1.38777878078145E-16,190.,2.62870570586233E-32));
#2709=CARTESIAN_POINT('Ctrl Pts',(1.38777878078145E-16,190.,-7.70371977754894E-33));
#2710=CARTESIAN_POINT('Ctrl Pts',(-0.440000006557657,189.999999999991,2.44249069057765E-17));
#2711=CARTESIAN_POINT('Ctrl Pts',(-1.19155487332419,189.107887916646,6.61445827734415E-17));
#2712=CARTESIAN_POINT('Ctrl Pts',(-1.94310974009069,186.691977724358,1.07864258641104E-16));
#2713=CARTESIAN_POINT('Ctrl Pts',(-2.69466460685702,182.787050171977,1.49583934508758E-16));
#2714=CARTESIAN_POINT('Ctrl Pts',(-3.44621947362304,177.452593062648,1.91303610376394E-16));
#2715=CARTESIAN_POINT('Ctrl Pts',(-3.75777433383163,175.000002831228,2.08598379338267E-16));
#2716=CARTESIAN_POINT('Origin',(0.,70.,-11.5000001713634));
#2717=CARTESIAN_POINT('',(2.00000002980232,70.,-11.5000001713634));
#2718=CARTESIAN_POINT('',(-2.00000002980232,70.,-11.5000001713634));
#2719=CARTESIAN_POINT('Origin',(0.,70.,-11.5000001713634));
#2720=CARTESIAN_POINT('',(2.00000002980232,65.,-11.5000001713634));
#2721=CARTESIAN_POINT('',(2.00000002980232,70.,-11.5000001713634));
#2722=CARTESIAN_POINT('',(-2.00000002980232,65.,-11.5000001713634));
#2723=CARTESIAN_POINT('Origin',(0.,65.,-11.5000001713634));
#2724=CARTESIAN_POINT('',(-2.00000002980232,70.,-11.5000001713634));
#2725=CARTESIAN_POINT('Origin',(-2.00000002980232,70.,-9.50000014156103));
#2726=CARTESIAN_POINT('',(-2.00000002980232,70.,-9.50000014156103));
#2727=CARTESIAN_POINT('',(-2.00000002980232,70.,-11.5000001713634));
#2728=CARTESIAN_POINT('',(-2.00000002980232,65.,-9.50000014156103));
#2729=CARTESIAN_POINT('',(-2.00000002980232,65.,-11.5000001713634));
#2730=CARTESIAN_POINT('',(-2.00000002980232,70.,-9.50000014156103));
#2731=CARTESIAN_POINT('Origin',(-1.49999996647239,70.,-9.50000014156103));
#2732=CARTESIAN_POINT('',(-1.49999996647239,70.,-9.49999978765845));
#2733=CARTESIAN_POINT('',(-2.00000002980232,70.,-9.50000014156103));
#2734=CARTESIAN_POINT('',(-1.49999996647239,65.,-9.49999978765845));
#2735=CARTESIAN_POINT('',(-2.00000002980232,65.,-9.50000014156103));
#2736=CARTESIAN_POINT('',(-1.49999996647239,70.,-9.49999978765845));
#2737=CARTESIAN_POINT('Origin',(-1.49999996647239,70.,-11.5000001713634));
#2738=CARTESIAN_POINT('',(-1.49999996647239,70.,-11.5000001713634));
#2739=CARTESIAN_POINT('',(-1.49999996647239,70.,-11.5000001713634));
#2740=CARTESIAN_POINT('',(-1.49999996647239,65.,-11.5000001713634));
#2741=CARTESIAN_POINT('',(-1.49999996647239,65.,-11.5000001713634));
#2742=CARTESIAN_POINT('',(-1.49999996647239,70.,-11.5000001713634));
#2743=CARTESIAN_POINT('Origin',(0.,70.,-11.5000001713634));
#2744=CARTESIAN_POINT('',(1.50000002235174,70.,-11.5000001713634));
#2745=CARTESIAN_POINT('Origin',(0.,70.,-11.5000001713634));
#2746=CARTESIAN_POINT('',(1.50000002235174,65.,-11.5000001713634));
#2747=CARTESIAN_POINT('Origin',(0.,65.,-11.5000001713634));
#2748=CARTESIAN_POINT('',(1.50000002235174,70.,-11.5000001713634));
#2749=CARTESIAN_POINT('Origin',(1.50000002235174,70.,-9.49999978765845));
#2750=CARTESIAN_POINT('',(1.50000002235174,70.,-9.49999978765845));
#2751=CARTESIAN_POINT('',(1.50000002235174,70.,-9.49999978765845));
#2752=CARTESIAN_POINT('',(1.50000002235174,65.,-9.49999978765845));
#2753=CARTESIAN_POINT('',(1.50000002235174,65.,-9.49999978765845));
#2754=CARTESIAN_POINT('',(1.50000002235174,70.,-9.49999978765845));
#2755=CARTESIAN_POINT('Origin',(2.00000002980232,70.,-9.50000014156103));
#2756=CARTESIAN_POINT('',(2.00000002980232,70.,-9.50000014156103));
#2757=CARTESIAN_POINT('',(-2.00000002980232,70.,-9.50000014156103));
#2758=CARTESIAN_POINT('',(2.00000002980232,65.,-9.50000014156103));
#2759=CARTESIAN_POINT('',(-2.00000002980232,65.,-9.50000014156103));
#2760=CARTESIAN_POINT('',(2.00000002980232,70.,-9.50000014156103));
#2761=CARTESIAN_POINT('Origin',(2.00000002980232,70.,-11.5000001713634));
#2762=CARTESIAN_POINT('',(2.00000002980232,70.,-9.50000014156103));
#2763=CARTESIAN_POINT('',(2.00000002980232,65.,-9.50000014156103));
#2764=CARTESIAN_POINT('Origin',(0.,70.,-11.4999999944121));
#2765=CARTESIAN_POINT('Origin',(0.,65.,-11.4999999944121));
#2766=UNCERTAINTY_MEASURE_WITH_UNIT(LENGTH_MEASURE(0.01),#2770,
'DISTANCE_ACCURACY_VALUE',
'Maximum model space distance between geometric entities at asserted c
onnectivities');
#2767=UNCERTAINTY_MEASURE_WITH_UNIT(LENGTH_MEASURE(0.01),#2770,
'DISTANCE_ACCURACY_VALUE',
'Maximum model space distance between geometric entities at asserted c
onnectivities');
#2768=(
GEOMETRIC_REPRESENTATION_CONTEXT(3)
GLOBAL_UNCERTAINTY_ASSIGNED_CONTEXT((#2766))
GLOBAL_UNIT_ASSIGNED_CONTEXT((#2770,#2772,#2773))
REPRESENTATION_CONTEXT('','3D')
);
#2769=(
GEOMETRIC_REPRESENTATION_CONTEXT(3)
GLOBAL_UNCERTAINTY_ASSIGNED_CONTEXT((#2767))
GLOBAL_UNIT_ASSIGNED_CONTEXT((#2770,#2772,#2773))
REPRESENTATION_CONTEXT('','3D')
);
#2770=(
LENGTH_UNIT()
NAMED_UNIT(*)
SI_UNIT(.MILLI.,.METRE.)
);
#2771=(
LENGTH_UNIT()
NAMED_UNIT(*)
SI_UNIT($,.METRE.)
);
#2772=(
NAMED_UNIT(*)
PLANE_ANGLE_UNIT()
SI_UNIT($,.RADIAN.)
);
#2773=(
NAMED_UNIT(*)
SI_UNIT($,.STERADIAN.)
SOLID_ANGLE_UNIT()
);
#2774=SHAPE_DEFINITION_REPRESENTATION(#2775,#2776);
#2775=PRODUCT_DEFINITION_SHAPE('',$,#2778);
#2776=SHAPE_REPRESENTATION('',(#1189),#2768);
#2777=PRODUCT_DEFINITION_CONTEXT('part definition',#2782,'design');
#2778=PRODUCT_DEFINITION('\X2\3064304F3070FF3F30ED30B130C330C8\X0\',
'\X2\3064304F3070FF3F30ED30B130C330C8\X0\ v14',#2779,#2777);
#2779=PRODUCT_DEFINITION_FORMATION('',$,#2784);
#2780=PRODUCT_RELATED_PRODUCT_CATEGORY('\X2\3064304F3070FF3F30ED30B130C330C8\X0\ 
v14','\X2\3064304F3070FF3F30ED30B130C330C8\X0\ v14',(#2784));
#2781=APPLICATION_PROTOCOL_DEFINITION('international standard',
'automotive_design',2009,#2782);
#2782=APPLICATION_CONTEXT(
'Core Data for Automotive Mechanical Design Process');
#2783=PRODUCT_CONTEXT('part definition',#2782,'mechanical');
#2784=PRODUCT('\X2\3064304F3070FF3F30ED30B130C330C8\X0\',
'\X2\3064304F3070FF3F30ED30B130C330C8\X0\ v14',$,(#2783));
#2785=PRESENTATION_STYLE_ASSIGNMENT((#2786));
#2786=SURFACE_STYLE_USAGE(.BOTH.,#2787);
#2787=SURFACE_SIDE_STYLE('',(#2788));
#2788=SURFACE_STYLE_FILL_AREA(#2789);
#2789=FILL_AREA_STYLE('\X2\92FC\X0\ - \X2\30B530C630F3\X0\',(#2790));
#2790=FILL_AREA_STYLE_COLOUR('\X2\92FC\X0\ - \X2\30B530C630F3\X0\',#2791);
#2791=COLOUR_RGB('\X2\92FC\X0\ - \X2\30B530C630F3\X0\',0.627450980392157,
0.627450980392157,0.627450980392157);
ENDSEC;
END-ISO-10303-21;
