ISO-10303-21;
HEADER;
/* Generated by software containing ST-Developer
 * from STEP Tools, Inc. (www.steptools.com) 
 */

FILE_DESCRIPTION(
/* description */ (''),
/* implementation_level */ '2;1');

FILE_NAME(
/* name */ '',
/* time_stamp */ '2026-09-28T04:41:16+09:00',
/* author */ (''),
/* organization */ (''),
/* preprocessor_version */ 'ST-DEVELOPER v20.2',
/* originating_system */ 'Autodesk Translation Framework v15.15.0.0',
/* authorisation */ '');

FILE_SCHEMA (('AUTOMOTIVE_DESIGN { 1 0 10303 214 3 1 1 }'));
ENDSEC;

DATA;
#10=MECHANICAL_DESIGN_GEOMETRIC_PRESENTATION_REPRESENTATION('',(#53,#54,
#55),#2525);
#11=SHAPE_REPRESENTATION_RELATIONSHIP('SRR','None',#2532,#12);
#12=ADVANCED_BREP_SHAPE_REPRESENTATION('',(#56,#57,#58),#2524);
#13=B_SPLINE_SURFACE_WITH_KNOTS('',3,1,((#2112,#2113),(#2114,#2115),(#2116,
#2117),(#2118,#2119),(#2120,#2121),(#2122,#2123),(#2124,#2125),(#2126,#2127),
(#2128,#2129),(#2130,#2131),(#2132,#2133),(#2134,#2135),(#2136,#2137),(#2138,
#2139),(#2140,#2141),(#2142,#2143),(#2144,#2145),(#2146,#2147),(#2148,#2149),
(#2150,#2151)),.UNSPECIFIED.,.F.,.F.,.F.,(4,2,2,2,2,2,2,2,2,4),(2,2),(-0.830186900776838,
-0.821577140227228,-0.730290791313062,-0.639004442398983,-0.547718093484963,
-0.456431744570962,-0.365145395656937,-0.27385904674285,-0.182572697828673,
-0.0937597138317635),(0.,0.5),.UNSPECIFIED.);
#14=ELLIPSE('',#1094,12.854442315872,10.0000001490116);
#15=ELLIPSE('',#1098,14.1421358344652,10.0000001490116);
#16=ELLIPSE('',#1099,14.1421358344652,10.0000001490116);
#17=ELLIPSE('',#1103,14.1421358344652,10.0000001490116);
#18=(
BOUNDED_CURVE()
B_SPLINE_CURVE(5,(#1637,#1638,#1639,#1640,#1641,#1642,#1643,#1644,#1645),
 .UNSPECIFIED.,.F.,.F.)
B_SPLINE_CURVE_WITH_KNOTS((6,1,1,1,6),(0.0454545454547502,0.1,0.2,0.3,0.329192078280564),
 .UNSPECIFIED.)
CURVE()
GEOMETRIC_REPRESENTATION_ITEM()
RATIONAL_B_SPLINE_CURVE((1.,1.,1.,1.,1.,1.,1.,1.,1.))
REPRESENTATION_ITEM('')
);
#19=(
BOUNDED_CURVE()
B_SPLINE_CURVE(5,(#1775,#1776,#1777,#1778,#1779,#1780,#1781,#1782,#1783),
 .UNSPECIFIED.,.F.,.F.)
B_SPLINE_CURVE_WITH_KNOTS((6,1,1,1,6),(-0.329192078280564,-0.3,-0.2,-0.1,
-0.0454545454547502),.UNSPECIFIED.)
CURVE()
GEOMETRIC_REPRESENTATION_ITEM()
RATIONAL_B_SPLINE_CURVE((1.,1.,1.,1.,1.,1.,1.,1.,1.))
REPRESENTATION_ITEM('')
);
#20=(
BOUNDED_CURVE()
B_SPLINE_CURVE(5,(#2205,#2206,#2207,#2208,#2209,#2210,#2211,#2212,#2213),
 .UNSPECIFIED.,.F.,.F.)
B_SPLINE_CURVE_WITH_KNOTS((6,1,1,1,6),(0.0454545454547502,0.1,0.2,0.3,0.329192078280564),
 .UNSPECIFIED.)
CURVE()
GEOMETRIC_REPRESENTATION_ITEM()
RATIONAL_B_SPLINE_CURVE((1.,1.,1.,1.,1.,1.,1.,1.,1.))
REPRESENTATION_ITEM('')
);
#21=(
BOUNDED_CURVE()
B_SPLINE_CURVE(5,(#2345,#2346,#2347,#2348,#2349,#2350,#2351,#2352,#2353),
 .UNSPECIFIED.,.F.,.F.)
B_SPLINE_CURVE_WITH_KNOTS((6,1,1,1,6),(-0.329192078280564,-0.3,-0.2,-0.1,
-0.0454545454547502),.UNSPECIFIED.)
CURVE()
GEOMETRIC_REPRESENTATION_ITEM()
RATIONAL_B_SPLINE_CURVE((1.,1.,1.,1.,1.,1.,1.,1.,1.))
REPRESENTATION_ITEM('')
);
#22=(
BOUNDED_CURVE()
B_SPLINE_CURVE(5,(#2515,#2516,#2517,#2518,#2519,#2520,#2521),
 .UNSPECIFIED.,.F.,.F.)
B_SPLINE_CURVE_WITH_KNOTS((6,1,6),(-0.5,-0.4,-0.329192078280564),
 .UNSPECIFIED.)
CURVE()
GEOMETRIC_REPRESENTATION_ITEM()
RATIONAL_B_SPLINE_CURVE((1.,1.,1.,1.,1.,1.,1.))
REPRESENTATION_ITEM('')
);
#23=FACE_BOUND('',#303,.T.);
#24=FACE_BOUND('',#320,.T.);
#25=FACE_BOUND('',#328,.T.);
#26=FACE_BOUND('',#330,.T.);
#27=FACE_BOUND('',#338,.T.);
#28=FACE_BOUND('',#342,.T.);
#29=FACE_BOUND('',#351,.T.);
#30=CONICAL_SURFACE('',#1049,2.07981607160254,0.785398163397413);
#31=B_SPLINE_CURVE_WITH_KNOTS('',3,(#1446,#1447,#1448,#1449),
 .UNSPECIFIED.,.F.,.F.,(4,4),(-4.94953729612499,-4.53492779319048),
 .UNSPECIFIED.);
#32=B_SPLINE_CURVE_WITH_KNOTS('',3,(#1453,#1454,#1455,#1456),
 .UNSPECIFIED.,.F.,.F.,(4,4),(-7.44277472649827,-7.379879044223),
 .UNSPECIFIED.);
#33=B_SPLINE_CURVE_WITH_KNOTS('',3,(#1464,#1465,#1466,#1467,#1468,#1469,
#1470,#1471,#1472,#1473,#1474,#1475,#1476,#1477,#1478,#1479,#1480,#1481,
#1482,#1483,#1484,#1485,#1486,#1487,#1488,#1489,#1490,#1491,#1492,#1493,
#1494,#1495,#1496,#1497,#1498,#1499,#1500,#1501,#1502,#1503,#1504,#1505,
#1506,#1507,#1508,#1509,#1510,#1511,#1512,#1513,#1514,#1515,#1516,#1517,
#1518,#1519,#1520,#1521,#1522,#1523,#1524,#1525,#1526,#1527,#1528,#1529,
#1530,#1531,#1532,#1533,#1534,#1535,#1536,#1537,#1538,#1539,#1540,#1541,
#1542,#1543,#1544,#1545,#1546,#1547,#1548,#1549,#1550,#1551,#1552,#1553,
#1554,#1555,#1556,#1557,#1558,#1559,#1560,#1561,#1562,#1563,#1564,#1565,
#1566,#1567,#1568,#1569,#1570,#1571,#1572,#1573,#1574,#1575,#1576,#1577,
#1578,#1579,#1580,#1581,#1582,#1583,#1584,#1585,#1586,#1587),
 .UNSPECIFIED.,.F.,.F.,(4,3,3,3,3,3,3,3,3,3,3,3,3,3,3,3,3,3,3,3,3,3,3,3,
3,3,3,3,3,3,3,3,3,3,3,3,3,3,3,3,3,4),(-0.759166461034091,-0.738874443912062,
-0.718936218398953,-0.699307759857431,-0.679946571672946,-0.660811480760316,
-0.641862442636888,-0.623060354688157,-0.603589718909713,-0.584727540499345,
-0.566124251275489,-0.54749867203399,-0.528814957652116,-0.510037093488488,
-0.491128743490518,-0.472053097379338,-0.452772715931666,-0.433249373349176,
-0.413443895669948,-0.3933159941336,-0.381024869622485,-0.379406129476681,
-0.359117316499274,-0.33917697178675,-0.319542467766199,-0.299571064141933,
-0.280513926705853,-0.26161915670661,-0.242851586101612,-0.224176605096028,
-0.205560023604882,-0.186967936417561,-0.168366591199309,-0.149722258468821,
-0.130928681549228,-0.112019861222552,-0.0929649234589709,-0.073732535796215,
-0.0541485016918437,-0.0343507187909968,-0.0141491211634613,-9.77793834788798E-9),
 .UNSPECIFIED.);
#34=B_SPLINE_CURVE_WITH_KNOTS('',3,(#1598,#1599,#1600,#1601,#1602,#1603,
#1604,#1605,#1606,#1607,#1608,#1609,#1610,#1611,#1612,#1613,#1614,#1615,
#1616,#1617),.UNSPECIFIED.,.F.,.F.,(4,2,2,2,2,2,2,2,2,4),(-1.18390531591632,
-1.10573647946959,-1.02756764302286,-0.880772265448169,-0.733976887873474,
-0.587181510298779,-0.440386132724085,-0.29359075514939,-0.146795377574695,
0.),.UNSPECIFIED.);
#35=B_SPLINE_CURVE_WITH_KNOTS('',3,(#1623,#1624,#1625,#1626,#1627,#1628),
 .UNSPECIFIED.,.F.,.F.,(4,2,4),(-7.379879044223,-5.7910312377456,0.),
 .UNSPECIFIED.);
#36=B_SPLINE_CURVE_WITH_KNOTS('',3,(#1766,#1767,#1768,#1769,#1770,#1771),
 .UNSPECIFIED.,.F.,.F.,(4,2,4),(-53.5978385888905,-15.4232519351276,-4.94953729612499),
 .UNSPECIFIED.);
#37=B_SPLINE_CURVE_WITH_KNOTS('',3,(#1887,#1888,#1889,#1890),
 .UNSPECIFIED.,.F.,.F.,(4,4),(-0.200234212856821,0.),.UNSPECIFIED.);
#38=B_SPLINE_CURVE_WITH_KNOTS('',3,(#1897,#1898,#1899,#1900),
 .UNSPECIFIED.,.F.,.F.,(4,4),(-0.250294458624039,-0.0500602574957691),
 .UNSPECIFIED.);
#39=B_SPLINE_CURVE_WITH_KNOTS('',3,(#1903,#1904,#1905,#1906,#1907,#1908),
 .UNSPECIFIED.,.F.,.F.,(4,2,4),(-0.352838612806216,-0.201938128938626,-0.0510376450053907),
 .UNSPECIFIED.);
#40=B_SPLINE_CURVE_WITH_KNOTS('',3,(#1959,#1960,#1961,#1962,#1963,#1964,
#1965,#1966,#1967,#1968,#1969,#1970,#1971,#1972,#1973,#1974,#1975,#1976,
#1977,#1978,#1979,#1980,#1981),.UNSPECIFIED.,.F.,.F.,(4,3,2,2,2,2,2,2,2,
2,4),(-3.15054931026259,-3.13054310952851,-2.739715091438,-2.34889281024266,
-1.95808200258499,-1.56728266812817,-1.17649480653537,-0.785718417469785,
-0.394953500594601,-0.00420005557302972,0.00204711895497312),
 .UNSPECIFIED.);
#41=B_SPLINE_CURVE_WITH_KNOTS('',3,(#2055,#2056,#2057,#2058,#2059,#2060,
#2061,#2062,#2063,#2064,#2065,#2066,#2067,#2068,#2069,#2070,#2071,#2072,
#2073,#2074,#2075,#2076,#2077),.UNSPECIFIED.,.F.,.F.,(4,2,2,2,2,2,2,2,3,
2,4),(1.36569228344956,1.46795377574695,1.61474915332164,1.76154453089634,
1.90833990847103,2.05513528604573,2.20193066362042,2.28504495843546,2.3681592532505,
2.51495463082519,2.54958923994989),.UNSPECIFIED.);
#42=B_SPLINE_CURVE_WITH_KNOTS('',3,(#2081,#2082,#2083,#2084,#2085,#2086,
#2087,#2088,#2089,#2090,#2091,#2092,#2093,#2094,#2095,#2096,#2097,#2098,
#2099,#2100,#2101,#2102,#2103,#2104,#2105,#2106,#2107,#2108),
 .UNSPECIFIED.,.F.,.F.,(4,3,3,3,3,3,3,3,3,4),(-0.830186900776838,-0.821577140227228,
-0.730290791313062,-0.639004442398983,-0.547718093484963,-0.456431744570961,
-0.365145395656937,-0.27385904674285,-0.182572697828673,-0.0937597138317635),
 .UNSPECIFIED.);
#43=B_SPLINE_CURVE_WITH_KNOTS('',3,(#2154,#2155,#2156,#2157,#2158,#2159,
#2160,#2161,#2162,#2163,#2164,#2165,#2166,#2167,#2168,#2169,#2170,#2171,
#2172,#2173,#2174,#2175,#2176,#2177,#2178,#2179,#2180,#2181),
 .UNSPECIFIED.,.F.,.F.,(4,3,3,3,3,3,3,3,3,4),(0.0937597138317633,0.182572697828673,
0.27385904674285,0.365145395656937,0.456431744570961,0.547718093484963,
0.639004442398983,0.730290791313062,0.821577140227228,0.830186900776838),
 .UNSPECIFIED.);
#44=B_SPLINE_CURVE_WITH_KNOTS('',3,(#2189,#2190,#2191,#2192,#2193,#2194,
#2195,#2196,#2197,#2198),.UNSPECIFIED.,.F.,.F.,(4,3,3,4),(-0.303429667232025,
-0.293498275153378,-0.176474323900019,-0.0455797213401905),
 .UNSPECIFIED.);
#45=B_SPLINE_CURVE_WITH_KNOTS('',3,(#2332,#2333,#2334,#2335,#2336,#2337,
#2338,#2339,#2340,#2341),.UNSPECIFIED.,.F.,.F.,(4,3,3,4),(0.0455797213426316,
0.176474323900055,0.293498275156335,0.303429667231503),.UNSPECIFIED.);
#46=B_SPLINE_CURVE_WITH_KNOTS('',3,(#2401,#2402,#2403,#2404,#2405,#2406,
#2407,#2408,#2409,#2410,#2411,#2412,#2413,#2414,#2415,#2416,#2417,#2418,
#2419,#2420,#2421,#2422,#2423),.UNSPECIFIED.,.F.,.F.,(4,3,2,2,2,2,2,2,2,
2,4),(-3.15054931026259,-3.13054310952851,-2.739715091438,-2.34889281024266,
-1.95808200258499,-1.56728266812817,-1.17649480653537,-0.785718417469785,
-0.394953500594601,-0.00420005557302972,0.00204711895497312),
 .UNSPECIFIED.);
#47=(
BOUNDED_SURFACE()
B_SPLINE_SURFACE(3,2,((#1408,#1409,#1410,#1411,#1412,#1413,#1414,#1415,
#1416),(#1417,#1418,#1419,#1420,#1421,#1422,#1423,#1424,#1425),(#1426,#1427,
#1428,#1429,#1430,#1431,#1432,#1433,#1434),(#1435,#1436,#1437,#1438,#1439,
#1440,#1441,#1442,#1443)),.UNSPECIFIED.,.F.,.T.,.F.)
B_SPLINE_SURFACE_WITH_KNOTS((4,4),(3,2,2,2,3),(7.379879044223,7.44277472649827),
(0.,1.5707963267949,3.14159265358979,4.71238898038469,6.28318530717959),
 .UNSPECIFIED.)
GEOMETRIC_REPRESENTATION_ITEM()
RATIONAL_B_SPLINE_SURFACE(((1.,0.707106781186548,1.,0.707106781186548,1.,
0.707106781186548,1.,0.707106781186548,1.),(1.,0.707106781186548,1.,0.707106781186548,
1.,0.707106781186548,1.,0.707106781186548,1.),(1.,0.707106781186548,1.,
0.707106781186548,1.,0.707106781186548,1.,0.707106781186548,1.),(1.,0.707106781186548,
1.,0.707106781186548,1.,0.707106781186548,1.,0.707106781186548,1.)))
REPRESENTATION_ITEM('')
SURFACE()
);
#48=(
BOUNDED_SURFACE()
B_SPLINE_SURFACE(3,2,((#1648,#1649,#1650,#1651,#1652,#1653,#1654,#1655,
#1656),(#1657,#1658,#1659,#1660,#1661,#1662,#1663,#1664,#1665),(#1666,#1667,
#1668,#1669,#1670,#1671,#1672,#1673,#1674),(#1675,#1676,#1677,#1678,#1679,
#1680,#1681,#1682,#1683),(#1684,#1685,#1686,#1687,#1688,#1689,#1690,#1691,
#1692),(#1693,#1694,#1695,#1696,#1697,#1698,#1699,#1700,#1701),(#1702,#1703,
#1704,#1705,#1706,#1707,#1708,#1709,#1710),(#1711,#1712,#1713,#1714,#1715,
#1716,#1717,#1718,#1719),(#1720,#1721,#1722,#1723,#1724,#1725,#1726,#1727,
#1728),(#1729,#1730,#1731,#1732,#1733,#1734,#1735,#1736,#1737),(#1738,#1739,
#1740,#1741,#1742,#1743,#1744,#1745,#1746),(#1747,#1748,#1749,#1750,#1751,
#1752,#1753,#1754,#1755),(#1756,#1757,#1758,#1759,#1760,#1761,#1762,#1763,
#1764)),.UNSPECIFIED.,.F.,.T.,.F.)
B_SPLINE_SURFACE_WITH_KNOTS((4,3,3,3,4),(3,2,2,2,3),(-0.409815644773204,
-0.329192078280564,-0.293499074823663,-0.146690116210964,-0.0455797213400242),
(0.,1.5707963267949,3.14159265358979,4.71238898038469,6.28318530717959),
 .UNSPECIFIED.)
GEOMETRIC_REPRESENTATION_ITEM()
RATIONAL_B_SPLINE_SURFACE(((1.,0.707106781186548,1.,0.707106781186548,1.,
0.707106781186548,1.,0.707106781186548,1.),(1.,0.707106781186548,1.,0.707106781186548,
1.,0.707106781186548,1.,0.707106781186548,1.),(1.,0.707106781186548,1.,
0.707106781186548,1.,0.707106781186548,1.,0.707106781186548,1.),(1.,0.707106781186548,
1.,0.707106781186548,1.,0.707106781186548,1.,0.707106781186548,1.),(1.,
0.707106781186548,1.,0.707106781186548,1.,0.707106781186548,1.,0.707106781186548,
1.),(1.,0.707106781186548,1.,0.707106781186548,1.,0.707106781186548,1.,
0.707106781186548,1.),(1.,0.707106781186548,1.,0.707106781186548,1.,0.707106781186548,
1.,0.707106781186548,1.),(1.,0.707106781186548,1.,0.707106781186548,1.,
0.707106781186548,1.,0.707106781186548,1.),(1.,0.707106781186548,1.,0.707106781186548,
1.,0.707106781186548,1.,0.707106781186548,1.),(1.,0.707106781186548,1.,
0.707106781186548,1.,0.707106781186548,1.,0.707106781186548,1.),(1.,0.707106781186548,
1.,0.707106781186548,1.,0.707106781186548,1.,0.707106781186548,1.),(1.,
0.707106781186548,1.,0.707106781186548,1.,0.707106781186548,1.,0.707106781186548,
1.),(1.,0.707106781186548,1.,0.707106781186548,1.,0.707106781186548,1.,
0.707106781186548,1.)))
REPRESENTATION_ITEM('')
SURFACE()
);
#49=(
BOUNDED_SURFACE()
B_SPLINE_SURFACE(5,2,((#1909,#1910,#1911,#1912,#1913),(#1914,#1915,#1916,
#1917,#1918),(#1919,#1920,#1921,#1922,#1923),(#1924,#1925,#1926,#1927,#1928),
(#1929,#1930,#1931,#1932,#1933),(#1934,#1935,#1936,#1937,#1938),(#1939,
#1940,#1941,#1942,#1943),(#1944,#1945,#1946,#1947,#1948),(#1949,#1950,#1951,
#1952,#1953),(#1954,#1955,#1956,#1957,#1958)),.UNSPECIFIED.,.F.,.F.,.F.)
B_SPLINE_SURFACE_WITH_KNOTS((6,1,1,1,1,6),(3,2,3),(-0.477272727272787,-0.4,
-0.3,-0.2,-0.1,0.),(0.,1.5707963267949,3.14159265358979),.UNSPECIFIED.)
GEOMETRIC_REPRESENTATION_ITEM()
RATIONAL_B_SPLINE_SURFACE(((1.,0.707106781186548,1.,0.707106781186548,1.),
(1.,0.707106781186548,1.,0.707106781186548,1.),(1.,0.707106781186548,1.,
0.707106781186548,1.),(1.,0.707106781186548,1.,0.707106781186548,1.),(1.,
0.707106781186548,1.,0.707106781186548,1.),(1.,0.707106781186548,1.,0.707106781186548,
1.),(1.,0.707106781186548,1.,0.707106781186548,1.),(1.,0.707106781186548,
1.,0.707106781186548,1.),(1.,0.707106781186548,1.,0.707106781186548,1.),
(1.,0.707106781186548,1.,0.707106781186548,1.)))
REPRESENTATION_ITEM('')
SURFACE()
);
#50=(
BOUNDED_SURFACE()
B_SPLINE_SURFACE(3,2,((#2016,#2017,#2018,#2019,#2020),(#2021,#2022,#2023,
#2024,#2025),(#2026,#2027,#2028,#2029,#2030),(#2031,#2032,#2033,#2034,#2035),
(#2036,#2037,#2038,#2039,#2040),(#2041,#2042,#2043,#2044,#2045),(#2046,
#2047,#2048,#2049,#2050)),.UNSPECIFIED.,.F.,.F.,.F.)
B_SPLINE_SURFACE_WITH_KNOTS((4,3,4),(3,2,3),(-0.176119642348099,-0.175053505086778,
-0.000212324818596215),(0.,1.5707963267949,3.14159265358979),
 .UNSPECIFIED.)
GEOMETRIC_REPRESENTATION_ITEM()
RATIONAL_B_SPLINE_SURFACE(((1.,0.707106781186548,1.,0.707106781186548,1.),
(1.,0.707106781186548,1.,0.707106781186548,1.),(1.,0.707106781186548,1.,
0.707106781186548,1.),(1.,0.707106781186548,1.,0.707106781186548,1.),(1.,
0.707106781186548,1.,0.707106781186548,1.),(1.,0.707106781186548,1.,0.707106781186548,
1.),(1.,0.707106781186548,1.,0.707106781186548,1.)))
REPRESENTATION_ITEM('')
SURFACE()
);
#51=(
BOUNDED_SURFACE()
B_SPLINE_SURFACE(3,2,((#2214,#2215,#2216,#2217,#2218,#2219,#2220,#2221,
#2222),(#2223,#2224,#2225,#2226,#2227,#2228,#2229,#2230,#2231),(#2232,#2233,
#2234,#2235,#2236,#2237,#2238,#2239,#2240),(#2241,#2242,#2243,#2244,#2245,
#2246,#2247,#2248,#2249),(#2250,#2251,#2252,#2253,#2254,#2255,#2256,#2257,
#2258),(#2259,#2260,#2261,#2262,#2263,#2264,#2265,#2266,#2267),(#2268,#2269,
#2270,#2271,#2272,#2273,#2274,#2275,#2276),(#2277,#2278,#2279,#2280,#2281,
#2282,#2283,#2284,#2285),(#2286,#2287,#2288,#2289,#2290,#2291,#2292,#2293,
#2294),(#2295,#2296,#2297,#2298,#2299,#2300,#2301,#2302,#2303),(#2304,#2305,
#2306,#2307,#2308,#2309,#2310,#2311,#2312),(#2313,#2314,#2315,#2316,#2317,
#2318,#2319,#2320,#2321),(#2322,#2323,#2324,#2325,#2326,#2327,#2328,#2329,
#2330)),.UNSPECIFIED.,.F.,.T.,.F.)
B_SPLINE_SURFACE_WITH_KNOTS((4,3,3,3,4),(3,2,2,2,3),(0.0455797213400243,
0.227956507524352,0.293499074823663,0.329192078280564,0.332325222066851),
(0.,1.5707963267949,3.14159265358979,4.71238898038469,6.28318530717959),
 .UNSPECIFIED.)
GEOMETRIC_REPRESENTATION_ITEM()
RATIONAL_B_SPLINE_SURFACE(((1.,0.707106781186548,1.,0.707106781186548,1.,
0.707106781186548,1.,0.707106781186548,1.),(1.,0.707106781186548,1.,0.707106781186548,
1.,0.707106781186548,1.,0.707106781186548,1.),(1.,0.707106781186548,1.,
0.707106781186548,1.,0.707106781186548,1.,0.707106781186548,1.),(1.,0.707106781186548,
1.,0.707106781186548,1.,0.707106781186548,1.,0.707106781186548,1.),(1.,
0.707106781186548,1.,0.707106781186548,1.,0.707106781186548,1.,0.707106781186548,
1.),(1.,0.707106781186548,1.,0.707106781186548,1.,0.707106781186548,1.,
0.707106781186548,1.),(1.,0.707106781186548,1.,0.707106781186548,1.,0.707106781186548,
1.,0.707106781186548,1.),(1.,0.707106781186548,1.,0.707106781186548,1.,
0.707106781186548,1.,0.707106781186548,1.),(1.,0.707106781186548,1.,0.707106781186548,
1.,0.707106781186548,1.,0.707106781186548,1.),(1.,0.707106781186548,1.,
0.707106781186548,1.,0.707106781186548,1.,0.707106781186548,1.),(1.,0.707106781186548,
1.,0.707106781186548,1.,0.707106781186548,1.,0.707106781186548,1.),(1.,
0.707106781186548,1.,0.707106781186548,1.,0.707106781186548,1.,0.707106781186548,
1.),(1.,0.707106781186548,1.,0.707106781186548,1.,0.707106781186548,1.,
0.707106781186548,1.)))
REPRESENTATION_ITEM('')
SURFACE()
);
#52=(
BOUNDED_SURFACE()
B_SPLINE_SURFACE(5,2,((#2424,#2425,#2426,#2427,#2428,#2429,#2430,#2431,
#2432),(#2433,#2434,#2435,#2436,#2437,#2438,#2439,#2440,#2441),(#2442,#2443,
#2444,#2445,#2446,#2447,#2448,#2449,#2450),(#2451,#2452,#2453,#2454,#2455,
#2456,#2457,#2458,#2459),(#2460,#2461,#2462,#2463,#2464,#2465,#2466,#2467,
#2468),(#2469,#2470,#2471,#2472,#2473,#2474,#2475,#2476,#2477),(#2478,#2479,
#2480,#2481,#2482,#2483,#2484,#2485,#2486),(#2487,#2488,#2489,#2490,#2491,
#2492,#2493,#2494,#2495),(#2496,#2497,#2498,#2499,#2500,#2501,#2502,#2503,
#2504),(#2505,#2506,#2507,#2508,#2509,#2510,#2511,#2512,#2513)),
 .UNSPECIFIED.,.F.,.T.,.F.)
B_SPLINE_SURFACE_WITH_KNOTS((6,1,1,1,1,6),(3,2,2,2,3),(-0.5,-0.4,-0.3,-0.2,
-0.1,0.),(0.,1.5707963267949,3.14159265358979,4.71238898038469,6.28318530717959),
 .UNSPECIFIED.)
GEOMETRIC_REPRESENTATION_ITEM()
RATIONAL_B_SPLINE_SURFACE(((1.,0.707106781186548,1.,0.707106781186548,1.,
0.707106781186548,1.,0.707106781186548,1.),(1.,0.707106781186548,1.,0.707106781186548,
1.,0.707106781186548,1.,0.707106781186548,1.),(1.,0.707106781186548,1.,
0.707106781186548,1.,0.707106781186548,1.,0.707106781186548,1.),(1.,0.707106781186548,
1.,0.707106781186548,1.,0.707106781186548,1.,0.707106781186548,1.),(1.,
0.707106781186548,1.,0.707106781186548,1.,0.707106781186548,1.,0.707106781186548,
1.),(1.,0.707106781186548,1.,0.707106781186548,1.,0.707106781186548,1.,
0.707106781186548,1.),(1.,0.707106781186548,1.,0.707106781186548,1.,0.707106781186548,
1.,0.707106781186548,1.),(1.,0.707106781186548,1.,0.707106781186548,1.,
0.707106781186548,1.,0.707106781186548,1.),(1.,0.707106781186548,1.,0.707106781186548,
1.,0.707106781186548,1.,0.707106781186548,1.),(1.,0.707106781186548,1.,
0.707106781186548,1.,0.707106781186548,1.,0.707106781186548,1.)))
REPRESENTATION_ITEM('')
SURFACE()
);
#53=STYLED_ITEM('',(#2541),#56);
#54=STYLED_ITEM('',(#2541),#57);
#55=STYLED_ITEM('',(#2541),#58);
#56=MANIFOLD_SOLID_BREP('Motor_1/2A6-2',#1026);
#57=MANIFOLD_SOLID_BREP('\X2\80F44F53\X0\ (2)',#1027);
#58=MANIFOLD_SOLID_BREP('\X2\84CB\X0\ (1)',#1028);
#59=LINE('',#1405,#144);
#60=LINE('',#1460,#145);
#61=LINE('',#1590,#146);
#62=LINE('',#1592,#147);
#63=LINE('',#1596,#148);
#64=LINE('',#1618,#149);
#65=LINE('',#1630,#150);
#66=LINE('',#1632,#151);
#67=LINE('',#1634,#152);
#68=LINE('',#1636,#153);
#69=LINE('',#1647,#154);
#70=LINE('',#1785,#155);
#71=LINE('',#1787,#156);
#72=LINE('',#1789,#157);
#73=LINE('',#1790,#158);
#74=LINE('',#1796,#159);
#75=LINE('',#1798,#160);
#76=LINE('',#1800,#161);
#77=LINE('',#1801,#162);
#78=LINE('',#1805,#163);
#79=LINE('',#1807,#164);
#80=LINE('',#1809,#165);
#81=LINE('',#1810,#166);
#82=LINE('',#1823,#167);
#83=LINE('',#1828,#168);
#84=LINE('',#1830,#169);
#85=LINE('',#1832,#170);
#86=LINE('',#1833,#171);
#87=LINE('',#1837,#172);
#88=LINE('',#1839,#173);
#89=LINE('',#1841,#174);
#90=LINE('',#1842,#175);
#91=LINE('',#1846,#176);
#92=LINE('',#1848,#177);
#93=LINE('',#1850,#178);
#94=LINE('',#1851,#179);
#95=LINE('',#1856,#180);
#96=LINE('',#1860,#181);
#97=LINE('',#1862,#182);
#98=LINE('',#1865,#183);
#99=LINE('',#1867,#184);
#100=LINE('',#1870,#185);
#101=LINE('',#1872,#186);
#102=LINE('',#1879,#187);
#103=LINE('',#1882,#188);
#104=LINE('',#1885,#189);
#105=LINE('',#1891,#190);
#106=LINE('',#1894,#191);
#107=LINE('',#1896,#192);
#108=LINE('',#1984,#193);
#109=LINE('',#1986,#194);
#110=LINE('',#1989,#195);
#111=LINE('',#1991,#196);
#112=LINE('',#1994,#197);
#113=LINE('',#1996,#198);
#114=LINE('',#2001,#199);
#115=LINE('',#2003,#200);
#116=LINE('',#2006,#201);
#117=LINE('',#2008,#202);
#118=LINE('',#2011,#203);
#119=LINE('',#2013,#204);
#120=LINE('',#2015,#205);
#121=LINE('',#2079,#206);
#122=LINE('',#2109,#207);
#123=LINE('',#2182,#208);
#124=LINE('',#2183,#209);
#125=LINE('',#2200,#210);
#126=LINE('',#2202,#211);
#127=LINE('',#2204,#212);
#128=LINE('',#2355,#213);
#129=LINE('',#2357,#214);
#130=LINE('',#2358,#215);
#131=LINE('',#2364,#216);
#132=LINE('',#2367,#217);
#133=LINE('',#2373,#218);
#134=LINE('',#2376,#219);
#135=LINE('',#2379,#220);
#136=LINE('',#2380,#221);
#137=LINE('',#2385,#222);
#138=LINE('',#2389,#223);
#139=LINE('',#2392,#224);
#140=LINE('',#2393,#225);
#141=LINE('',#2395,#226);
#142=LINE('',#2397,#227);
#143=LINE('',#2399,#228);
#144=VECTOR('',#1140,9.);
#145=VECTOR('',#1151,2.07981607160254);
#146=VECTOR('',#1158,10.);
#147=VECTOR('',#1159,10.);
#148=VECTOR('',#1164,10.);
#149=VECTOR('',#1165,10.);
#150=VECTOR('',#1170,10.);
#151=VECTOR('',#1171,10.);
#152=VECTOR('',#1172,10.);
#153=VECTOR('',#1173,10.);
#154=VECTOR('',#1176,1.75);
#155=VECTOR('',#1181,10.);
#156=VECTOR('',#1182,10.);
#157=VECTOR('',#1183,10.);
#158=VECTOR('',#1184,10.);
#159=VECTOR('',#1191,10.);
#160=VECTOR('',#1192,10.);
#161=VECTOR('',#1193,10.);
#162=VECTOR('',#1194,10.);
#163=VECTOR('',#1197,10.);
#164=VECTOR('',#1198,10.);
#165=VECTOR('',#1199,10.);
#166=VECTOR('',#1200,10.);
#167=VECTOR('',#1223,8.99721969865092);
#168=VECTOR('',#1228,10.);
#169=VECTOR('',#1229,10.);
#170=VECTOR('',#1230,10.);
#171=VECTOR('',#1231,10.);
#172=VECTOR('',#1234,10.);
#173=VECTOR('',#1235,10.);
#174=VECTOR('',#1236,10.);
#175=VECTOR('',#1237,10.);
#176=VECTOR('',#1240,10.);
#177=VECTOR('',#1241,10.);
#178=VECTOR('',#1242,10.);
#179=VECTOR('',#1243,10.);
#180=VECTOR('',#1248,0.499999999999998);
#181=VECTOR('',#1253,10.);
#182=VECTOR('',#1254,10.);
#183=VECTOR('',#1257,10.);
#184=VECTOR('',#1258,10.);
#185=VECTOR('',#1261,10.);
#186=VECTOR('',#1262,10.);
#187=VECTOR('',#1269,10.);
#188=VECTOR('',#1272,10.);
#189=VECTOR('',#1275,10.);
#190=VECTOR('',#1276,10.);
#191=VECTOR('',#1279,10.);
#192=VECTOR('',#1280,10.);
#193=VECTOR('',#1287,10.);
#194=VECTOR('',#1288,10.);
#195=VECTOR('',#1293,10.);
#196=VECTOR('',#1296,10.);
#197=VECTOR('',#1299,10.);
#198=VECTOR('',#1300,10.);
#199=VECTOR('',#1307,10.);
#200=VECTOR('',#1310,10.);
#201=VECTOR('',#1313,10.);
#202=VECTOR('',#1314,10.);
#203=VECTOR('',#1319,10.);
#204=VECTOR('',#1322,10.);
#205=VECTOR('',#1325,10.0000001490116);
#206=VECTOR('',#1330,10.);
#207=VECTOR('',#1331,10.);
#208=VECTOR('',#1334,10.);
#209=VECTOR('',#1335,10.);
#210=VECTOR('',#1342,10.);
#211=VECTOR('',#1343,10.);
#212=VECTOR('',#1344,10.);
#213=VECTOR('',#1349,10.);
#214=VECTOR('',#1350,10.);
#215=VECTOR('',#1351,10.);
#216=VECTOR('',#1356,10.);
#217=VECTOR('',#1359,10.);
#218=VECTOR('',#1364,10.);
#219=VECTOR('',#1367,10.);
#220=VECTOR('',#1372,10.);
#221=VECTOR('',#1373,10.);
#222=VECTOR('',#1378,10.);
#223=VECTOR('',#1381,10.);
#224=VECTOR('',#1386,10.);
#225=VECTOR('',#1387,10.);
#226=VECTOR('',#1390,10.);
#227=VECTOR('',#1393,10.);
#228=VECTOR('',#1396,1.5);
#229=CYLINDRICAL_SURFACE('',#1044,9.);
#230=CYLINDRICAL_SURFACE('',#1052,2.33681403790015);
#231=CYLINDRICAL_SURFACE('',#1057,1.75);
#232=CYLINDRICAL_SURFACE('',#1060,8.00000013662758);
#233=CYLINDRICAL_SURFACE('',#1073,8.99721969865092);
#234=CYLINDRICAL_SURFACE('',#1079,0.499999999999998);
#235=CYLINDRICAL_SURFACE('',#1106,10.0000001490116);
#236=CYLINDRICAL_SURFACE('',#1121,8.00000016195795);
#237=CYLINDRICAL_SURFACE('',#1127,9.00000013411045);
#238=CYLINDRICAL_SURFACE('',#1130,1.5);
#239=CYLINDRICAL_SURFACE('',#1131,10.0000001490116);
#240=FACE_OUTER_BOUND('',#296,.T.);
#241=FACE_OUTER_BOUND('',#297,.T.);
#242=FACE_OUTER_BOUND('',#298,.T.);
#243=FACE_OUTER_BOUND('',#299,.T.);
#244=FACE_OUTER_BOUND('',#300,.T.);
#245=FACE_OUTER_BOUND('',#301,.T.);
#246=FACE_OUTER_BOUND('',#302,.T.);
#247=FACE_OUTER_BOUND('',#304,.T.);
#248=FACE_OUTER_BOUND('',#305,.T.);
#249=FACE_OUTER_BOUND('',#306,.T.);
#250=FACE_OUTER_BOUND('',#307,.T.);
#251=FACE_OUTER_BOUND('',#308,.T.);
#252=FACE_OUTER_BOUND('',#309,.T.);
#253=FACE_OUTER_BOUND('',#310,.T.);
#254=FACE_OUTER_BOUND('',#311,.T.);
#255=FACE_OUTER_BOUND('',#312,.T.);
#256=FACE_OUTER_BOUND('',#313,.T.);
#257=FACE_OUTER_BOUND('',#314,.T.);
#258=FACE_OUTER_BOUND('',#315,.T.);
#259=FACE_OUTER_BOUND('',#316,.T.);
#260=FACE_OUTER_BOUND('',#317,.T.);
#261=FACE_OUTER_BOUND('',#318,.T.);
#262=FACE_OUTER_BOUND('',#319,.T.);
#263=FACE_OUTER_BOUND('',#321,.T.);
#264=FACE_OUTER_BOUND('',#322,.T.);
#265=FACE_OUTER_BOUND('',#323,.T.);
#266=FACE_OUTER_BOUND('',#324,.T.);
#267=FACE_OUTER_BOUND('',#325,.T.);
#268=FACE_OUTER_BOUND('',#326,.T.);
#269=FACE_OUTER_BOUND('',#327,.T.);
#270=FACE_OUTER_BOUND('',#329,.T.);
#271=FACE_OUTER_BOUND('',#331,.T.);
#272=FACE_OUTER_BOUND('',#332,.T.);
#273=FACE_OUTER_BOUND('',#333,.T.);
#274=FACE_OUTER_BOUND('',#334,.T.);
#275=FACE_OUTER_BOUND('',#335,.T.);
#276=FACE_OUTER_BOUND('',#336,.T.);
#277=FACE_OUTER_BOUND('',#337,.T.);
#278=FACE_OUTER_BOUND('',#339,.T.);
#279=FACE_OUTER_BOUND('',#340,.T.);
#280=FACE_OUTER_BOUND('',#341,.T.);
#281=FACE_OUTER_BOUND('',#343,.T.);
#282=FACE_OUTER_BOUND('',#344,.T.);
#283=FACE_OUTER_BOUND('',#345,.T.);
#284=FACE_OUTER_BOUND('',#346,.T.);
#285=FACE_OUTER_BOUND('',#347,.T.);
#286=FACE_OUTER_BOUND('',#348,.T.);
#287=FACE_OUTER_BOUND('',#349,.T.);
#288=FACE_OUTER_BOUND('',#350,.T.);
#289=FACE_OUTER_BOUND('',#352,.T.);
#290=FACE_OUTER_BOUND('',#353,.T.);
#291=FACE_OUTER_BOUND('',#354,.T.);
#292=FACE_OUTER_BOUND('',#355,.T.);
#293=FACE_OUTER_BOUND('',#356,.T.);
#294=FACE_OUTER_BOUND('',#357,.T.);
#295=FACE_OUTER_BOUND('',#358,.T.);
#296=EDGE_LOOP('',(#639));
#297=EDGE_LOOP('',(#640,#641,#642,#643));
#298=EDGE_LOOP('',(#644));
#299=EDGE_LOOP('',(#645,#646,#647,#648));
#300=EDGE_LOOP('',(#649,#650,#651,#652,#653,#654));
#301=EDGE_LOOP('',(#655,#656,#657,#658));
#302=EDGE_LOOP('',(#659,#660,#661,#662));
#303=EDGE_LOOP('',(#663));
#304=EDGE_LOOP('',(#664,#665,#666,#667,#668,#669,#670,#671,#672));
#305=EDGE_LOOP('',(#673,#674,#675,#676,#677));
#306=EDGE_LOOP('',(#678,#679,#680,#681));
#307=EDGE_LOOP('',(#682,#683,#684,#685,#686,#687,#688,#689,#690));
#308=EDGE_LOOP('',(#691,#692,#693,#694));
#309=EDGE_LOOP('',(#695,#696,#697,#698));
#310=EDGE_LOOP('',(#699,#700,#701,#702));
#311=EDGE_LOOP('',(#703,#704,#705,#706));
#312=EDGE_LOOP('',(#707,#708,#709,#710));
#313=EDGE_LOOP('',(#711,#712,#713,#714));
#314=EDGE_LOOP('',(#715,#716,#717,#718,#719,#720,#721,#722,#723));
#315=EDGE_LOOP('',(#724,#725,#726,#727));
#316=EDGE_LOOP('',(#728,#729,#730,#731));
#317=EDGE_LOOP('',(#732,#733,#734,#735));
#318=EDGE_LOOP('',(#736,#737,#738,#739));
#319=EDGE_LOOP('',(#740,#741,#742,#743,#744,#745,#746,#747,#748,#749,#750,
#751));
#320=EDGE_LOOP('',(#752));
#321=EDGE_LOOP('',(#753,#754,#755,#756));
#322=EDGE_LOOP('',(#757,#758,#759,#760));
#323=EDGE_LOOP('',(#761,#762,#763,#764));
#324=EDGE_LOOP('',(#765,#766,#767,#768));
#325=EDGE_LOOP('',(#769,#770,#771,#772));
#326=EDGE_LOOP('',(#773,#774,#775,#776));
#327=EDGE_LOOP('',(#777,#778,#779,#780));
#328=EDGE_LOOP('',(#781));
#329=EDGE_LOOP('',(#782,#783,#784,#785));
#330=EDGE_LOOP('',(#786));
#331=EDGE_LOOP('',(#787,#788,#789,#790,#791));
#332=EDGE_LOOP('',(#792,#793,#794,#795));
#333=EDGE_LOOP('',(#796,#797,#798,#799));
#334=EDGE_LOOP('',(#800,#801,#802,#803));
#335=EDGE_LOOP('',(#804,#805,#806,#807));
#336=EDGE_LOOP('',(#808,#809,#810,#811));
#337=EDGE_LOOP('',(#812,#813,#814,#815,#816,#817,#818,#819,#820,#821,#822,
#823,#824,#825,#826,#827,#828,#829,#830,#831,#832,#833,#834));
#338=EDGE_LOOP('',(#835,#836,#837,#838));
#339=EDGE_LOOP('',(#839,#840,#841,#842));
#340=EDGE_LOOP('',(#843,#844,#845,#846));
#341=EDGE_LOOP('',(#847,#848,#849,#850));
#342=EDGE_LOOP('',(#851));
#343=EDGE_LOOP('',(#852,#853,#854,#855));
#344=EDGE_LOOP('',(#856));
#345=EDGE_LOOP('',(#857,#858,#859,#860,#861,#862,#863));
#346=EDGE_LOOP('',(#864,#865,#866,#867));
#347=EDGE_LOOP('',(#868,#869,#870,#871,#872,#873,#874));
#348=EDGE_LOOP('',(#875,#876,#877,#878));
#349=EDGE_LOOP('',(#879,#880,#881,#882));
#350=EDGE_LOOP('',(#883,#884,#885,#886));
#351=EDGE_LOOP('',(#887,#888,#889,#890));
#352=EDGE_LOOP('',(#891,#892,#893,#894,#895,#896,#897,#898));
#353=EDGE_LOOP('',(#899,#900,#901,#902));
#354=EDGE_LOOP('',(#903,#904,#905,#906,#907,#908));
#355=EDGE_LOOP('',(#909,#910,#911,#912,#913,#914));
#356=EDGE_LOOP('',(#915,#916,#917,#918));
#357=EDGE_LOOP('',(#919,#920,#921,#922,#923,#924,#925,#926));
#358=EDGE_LOOP('',(#927,#928,#929,#930,#931,#932));
#359=CIRCLE('',#1043,9.);
#360=CIRCLE('',#1045,9.);
#361=CIRCLE('',#1047,2.40963206008454);
#362=CIRCLE('',#1048,2.33681403790015);
#363=CIRCLE('',#1050,1.75);
#364=CIRCLE('',#1051,1.75);
#365=CIRCLE('',#1053,2.33681403790015);
#366=CIRCLE('',#1055,1.75);
#367=CIRCLE('',#1058,8.00000013802009);
#368=CIRCLE('',#1061,7.99999999999991);
#369=CIRCLE('',#1065,10.0000001490116);
#370=CIRCLE('',#1066,8.99721969865092);
#371=CIRCLE('',#1068,10.0000001490116);
#372=CIRCLE('',#1069,8.99721969865092);
#373=CIRCLE('',#1071,8.99721969865092);
#374=CIRCLE('',#1072,10.0000001490116);
#375=CIRCLE('',#1074,8.99721969865092);
#376=CIRCLE('',#1075,8.99721969865092);
#377=CIRCLE('',#1080,0.499999999999998);
#378=CIRCLE('',#1081,0.499999999999998);
#379=CIRCLE('',#1083,10.0000001490116);
#380=CIRCLE('',#1084,10.0000001490116);
#381=CIRCLE('',#1085,10.0000001490116);
#382=CIRCLE('',#1087,8.99766365987041);
#383=CIRCLE('',#1088,10.0000001490116);
#384=CIRCLE('',#1092,10.0000001490116);
#385=CIRCLE('',#1109,1.5);
#386=CIRCLE('',#1111,1.5);
#387=CIRCLE('',#1113,8.00000016000313);
#388=CIRCLE('',#1116,8.00000016195795);
#389=CIRCLE('',#1117,10.0000001490116);
#390=CIRCLE('',#1119,8.00000016195795);
#391=CIRCLE('',#1120,9.00000013411045);
#392=CIRCLE('',#1122,8.00000016195795);
#393=CIRCLE('',#1124,10.0000001490116);
#394=CIRCLE('',#1125,9.00000013411045);
#395=CIRCLE('',#1126,10.0000001490116);
#396=VERTEX_POINT('',#1401);
#397=VERTEX_POINT('',#1404);
#398=VERTEX_POINT('',#1444);
#399=VERTEX_POINT('',#1445);
#400=VERTEX_POINT('',#1450);
#401=VERTEX_POINT('',#1452);
#402=VERTEX_POINT('',#1459);
#403=VERTEX_POINT('',#1461);
#404=VERTEX_POINT('',#1589);
#405=VERTEX_POINT('',#1591);
#406=VERTEX_POINT('',#1595);
#407=VERTEX_POINT('',#1597);
#408=VERTEX_POINT('',#1619);
#409=VERTEX_POINT('',#1622);
#410=VERTEX_POINT('',#1629);
#411=VERTEX_POINT('',#1631);
#412=VERTEX_POINT('',#1633);
#413=VERTEX_POINT('',#1635);
#414=VERTEX_POINT('',#1765);
#415=VERTEX_POINT('',#1774);
#416=VERTEX_POINT('',#1784);
#417=VERTEX_POINT('',#1786);
#418=VERTEX_POINT('',#1788);
#419=VERTEX_POINT('',#1794);
#420=VERTEX_POINT('',#1795);
#421=VERTEX_POINT('',#1797);
#422=VERTEX_POINT('',#1799);
#423=VERTEX_POINT('',#1803);
#424=VERTEX_POINT('',#1804);
#425=VERTEX_POINT('',#1806);
#426=VERTEX_POINT('',#1808);
#427=VERTEX_POINT('',#1821);
#428=VERTEX_POINT('',#1826);
#429=VERTEX_POINT('',#1827);
#430=VERTEX_POINT('',#1829);
#431=VERTEX_POINT('',#1831);
#432=VERTEX_POINT('',#1835);
#433=VERTEX_POINT('',#1836);
#434=VERTEX_POINT('',#1838);
#435=VERTEX_POINT('',#1840);
#436=VERTEX_POINT('',#1844);
#437=VERTEX_POINT('',#1845);
#438=VERTEX_POINT('',#1847);
#439=VERTEX_POINT('',#1849);
#440=VERTEX_POINT('',#1853);
#441=VERTEX_POINT('',#1855);
#442=VERTEX_POINT('',#1859);
#443=VERTEX_POINT('',#1861);
#444=VERTEX_POINT('',#1863);
#445=VERTEX_POINT('',#1866);
#446=VERTEX_POINT('',#1868);
#447=VERTEX_POINT('',#1871);
#448=VERTEX_POINT('',#1875);
#449=VERTEX_POINT('',#1876);
#450=VERTEX_POINT('',#1878);
#451=VERTEX_POINT('',#1880);
#452=VERTEX_POINT('',#1884);
#453=VERTEX_POINT('',#1886);
#454=VERTEX_POINT('',#1893);
#455=VERTEX_POINT('',#1895);
#456=VERTEX_POINT('',#1983);
#457=VERTEX_POINT('',#1985);
#458=VERTEX_POINT('',#1993);
#459=VERTEX_POINT('',#1995);
#460=VERTEX_POINT('',#1997);
#461=VERTEX_POINT('',#2005);
#462=VERTEX_POINT('',#2007);
#463=VERTEX_POINT('',#2053);
#464=VERTEX_POINT('',#2054);
#465=VERTEX_POINT('',#2078);
#466=VERTEX_POINT('',#2080);
#467=VERTEX_POINT('',#2110);
#468=VERTEX_POINT('',#2152);
#469=VERTEX_POINT('',#2153);
#470=VERTEX_POINT('',#2185);
#471=VERTEX_POINT('',#2188);
#472=VERTEX_POINT('',#2199);
#473=VERTEX_POINT('',#2201);
#474=VERTEX_POINT('',#2203);
#475=VERTEX_POINT('',#2331);
#476=VERTEX_POINT('',#2344);
#477=VERTEX_POINT('',#2354);
#478=VERTEX_POINT('',#2356);
#479=VERTEX_POINT('',#2360);
#480=VERTEX_POINT('',#2361);
#481=VERTEX_POINT('',#2363);
#482=VERTEX_POINT('',#2365);
#483=VERTEX_POINT('',#2369);
#484=VERTEX_POINT('',#2370);
#485=VERTEX_POINT('',#2372);
#486=VERTEX_POINT('',#2374);
#487=VERTEX_POINT('',#2382);
#488=VERTEX_POINT('',#2384);
#489=VERTEX_POINT('',#2386);
#490=VERTEX_POINT('',#2388);
#491=VERTEX_POINT('',#2514);
#492=EDGE_CURVE('',#396,#396,#359,.T.);
#493=EDGE_CURVE('',#396,#397,#59,.T.);
#494=EDGE_CURVE('',#397,#397,#360,.T.);
#495=EDGE_CURVE('',#398,#399,#31,.F.);
#496=EDGE_CURVE('',#400,#399,#361,.T.);
#497=EDGE_CURVE('',#401,#400,#32,.T.);
#498=EDGE_CURVE('',#401,#398,#362,.T.);
#499=EDGE_CURVE('',#399,#402,#60,.T.);
#500=EDGE_CURVE('',#402,#403,#363,.T.);
#501=EDGE_CURVE('',#403,#402,#364,.T.);
#502=EDGE_CURVE('',#400,#399,#33,.T.);
#503=EDGE_CURVE('',#398,#404,#61,.T.);
#504=EDGE_CURVE('',#405,#401,#62,.T.);
#505=EDGE_CURVE('',#405,#404,#365,.T.);
#506=EDGE_CURVE('',#406,#405,#63,.T.);
#507=EDGE_CURVE('',#407,#406,#34,.T.);
#508=EDGE_CURVE('',#404,#407,#64,.T.);
#509=EDGE_CURVE('',#408,#408,#366,.T.);
#510=EDGE_CURVE('',#400,#409,#35,.T.);
#511=EDGE_CURVE('',#409,#410,#65,.T.);
#512=EDGE_CURVE('',#410,#411,#66,.T.);
#513=EDGE_CURVE('',#412,#411,#67,.T.);
#514=EDGE_CURVE('',#412,#413,#68,.T.);
#515=EDGE_CURVE('',#413,#406,#18,.T.);
#516=EDGE_CURVE('',#408,#402,#69,.T.);
#517=EDGE_CURVE('',#399,#414,#36,.F.);
#518=EDGE_CURVE('',#409,#414,#367,.T.);
#519=EDGE_CURVE('',#407,#415,#19,.T.);
#520=EDGE_CURVE('',#415,#416,#70,.T.);
#521=EDGE_CURVE('',#417,#416,#71,.T.);
#522=EDGE_CURVE('',#417,#418,#72,.T.);
#523=EDGE_CURVE('',#418,#414,#73,.T.);
#524=EDGE_CURVE('',#410,#418,#368,.T.);
#525=EDGE_CURVE('',#419,#420,#74,.T.);
#526=EDGE_CURVE('',#419,#421,#75,.T.);
#527=EDGE_CURVE('',#422,#421,#76,.T.);
#528=EDGE_CURVE('',#420,#422,#77,.T.);
#529=EDGE_CURVE('',#423,#424,#78,.T.);
#530=EDGE_CURVE('',#423,#425,#79,.T.);
#531=EDGE_CURVE('',#426,#425,#80,.T.);
#532=EDGE_CURVE('',#424,#426,#81,.T.);
#533=EDGE_CURVE('',#425,#422,#369,.T.);
#534=EDGE_CURVE('',#421,#426,#370,.T.);
#535=EDGE_CURVE('',#420,#412,#371,.T.);
#536=EDGE_CURVE('',#411,#419,#372,.T.);
#537=EDGE_CURVE('',#424,#417,#373,.T.);
#538=EDGE_CURVE('',#416,#423,#374,.T.);
#539=EDGE_CURVE('',#427,#427,#375,.T.);
#540=EDGE_CURVE('',#427,#417,#82,.T.);
#541=EDGE_CURVE('',#417,#411,#376,.T.);
#542=EDGE_CURVE('',#428,#429,#83,.T.);
#543=EDGE_CURVE('',#430,#428,#84,.T.);
#544=EDGE_CURVE('',#431,#430,#85,.T.);
#545=EDGE_CURVE('',#429,#431,#86,.T.);
#546=EDGE_CURVE('',#432,#433,#87,.T.);
#547=EDGE_CURVE('',#434,#433,#88,.T.);
#548=EDGE_CURVE('',#435,#434,#89,.T.);
#549=EDGE_CURVE('',#432,#435,#90,.T.);
#550=EDGE_CURVE('',#436,#437,#91,.T.);
#551=EDGE_CURVE('',#438,#437,#92,.T.);
#552=EDGE_CURVE('',#439,#438,#93,.T.);
#553=EDGE_CURVE('',#436,#439,#94,.T.);
#554=EDGE_CURVE('',#440,#440,#377,.T.);
#555=EDGE_CURVE('',#440,#441,#95,.T.);
#556=EDGE_CURVE('',#441,#441,#378,.T.);
#557=EDGE_CURVE('',#428,#442,#96,.T.);
#558=EDGE_CURVE('',#429,#443,#97,.T.);
#559=EDGE_CURVE('',#443,#444,#379,.T.);
#560=EDGE_CURVE('',#435,#444,#98,.T.);
#561=EDGE_CURVE('',#434,#445,#99,.T.);
#562=EDGE_CURVE('',#445,#446,#380,.T.);
#563=EDGE_CURVE('',#437,#446,#100,.T.);
#564=EDGE_CURVE('',#436,#447,#101,.T.);
#565=EDGE_CURVE('',#447,#442,#381,.T.);
#566=EDGE_CURVE('',#448,#449,#382,.T.);
#567=EDGE_CURVE('',#449,#450,#102,.T.);
#568=EDGE_CURVE('',#450,#451,#383,.T.);
#569=EDGE_CURVE('',#448,#451,#103,.T.);
#570=EDGE_CURVE('',#452,#450,#104,.T.);
#571=EDGE_CURVE('',#453,#449,#37,.T.);
#572=EDGE_CURVE('',#452,#453,#105,.T.);
#573=EDGE_CURVE('',#451,#454,#106,.T.);
#574=EDGE_CURVE('',#455,#454,#107,.T.);
#575=EDGE_CURVE('',#448,#455,#38,.T.);
#576=EDGE_CURVE('',#454,#452,#384,.T.);
#577=EDGE_CURVE('',#455,#453,#39,.T.);
#578=EDGE_CURVE('',#413,#415,#40,.T.);
#579=EDGE_CURVE('',#439,#456,#108,.T.);
#580=EDGE_CURVE('',#457,#438,#109,.T.);
#581=EDGE_CURVE('',#456,#457,#14,.T.);
#582=EDGE_CURVE('',#447,#456,#110,.T.);
#583=EDGE_CURVE('',#446,#457,#111,.T.);
#584=EDGE_CURVE('',#431,#458,#112,.T.);
#585=EDGE_CURVE('',#459,#430,#113,.T.);
#586=EDGE_CURVE('',#460,#459,#15,.T.);
#587=EDGE_CURVE('',#458,#460,#16,.T.);
#588=EDGE_CURVE('',#443,#458,#114,.T.);
#589=EDGE_CURVE('',#442,#459,#115,.T.);
#590=EDGE_CURVE('',#433,#461,#116,.T.);
#591=EDGE_CURVE('',#462,#432,#117,.T.);
#592=EDGE_CURVE('',#461,#462,#17,.T.);
#593=EDGE_CURVE('',#445,#461,#118,.T.);
#594=EDGE_CURVE('',#444,#462,#119,.T.);
#595=EDGE_CURVE('',#460,#416,#120,.T.);
#596=EDGE_CURVE('',#463,#464,#41,.T.);
#597=EDGE_CURVE('',#465,#463,#121,.T.);
#598=EDGE_CURVE('',#466,#465,#42,.T.);
#599=EDGE_CURVE('',#466,#464,#122,.T.);
#600=EDGE_CURVE('',#467,#467,#385,.T.);
#601=EDGE_CURVE('',#468,#469,#43,.T.);
#602=EDGE_CURVE('',#466,#469,#123,.T.);
#603=EDGE_CURVE('',#468,#465,#124,.T.);
#604=EDGE_CURVE('',#470,#470,#386,.T.);
#605=EDGE_CURVE('',#469,#471,#44,.T.);
#606=EDGE_CURVE('',#471,#472,#125,.T.);
#607=EDGE_CURVE('',#472,#473,#126,.F.);
#608=EDGE_CURVE('',#473,#474,#127,.T.);
#609=EDGE_CURVE('',#474,#464,#20,.T.);
#610=EDGE_CURVE('',#475,#468,#45,.T.);
#611=EDGE_CURVE('',#475,#471,#387,.T.);
#612=EDGE_CURVE('',#463,#476,#21,.T.);
#613=EDGE_CURVE('',#476,#477,#128,.T.);
#614=EDGE_CURVE('',#477,#478,#129,.F.);
#615=EDGE_CURVE('',#478,#475,#130,.T.);
#616=EDGE_CURVE('',#479,#480,#388,.T.);
#617=EDGE_CURVE('',#481,#479,#131,.T.);
#618=EDGE_CURVE('',#482,#481,#389,.T.);
#619=EDGE_CURVE('',#480,#482,#132,.T.);
#620=EDGE_CURVE('',#483,#484,#390,.T.);
#621=EDGE_CURVE('',#483,#485,#133,.T.);
#622=EDGE_CURVE('',#485,#486,#391,.T.);
#623=EDGE_CURVE('',#486,#484,#134,.T.);
#624=EDGE_CURVE('',#472,#478,#392,.T.);
#625=EDGE_CURVE('',#480,#483,#135,.T.);
#626=EDGE_CURVE('',#484,#479,#136,.T.);
#627=EDGE_CURVE('',#487,#477,#393,.T.);
#628=EDGE_CURVE('',#488,#487,#137,.T.);
#629=EDGE_CURVE('',#488,#489,#394,.T.);
#630=EDGE_CURVE('',#489,#490,#138,.T.);
#631=EDGE_CURVE('',#473,#490,#395,.T.);
#632=EDGE_CURVE('',#489,#485,#139,.T.);
#633=EDGE_CURVE('',#486,#488,#140,.T.);
#634=EDGE_CURVE('',#482,#490,#141,.T.);
#635=EDGE_CURVE('',#487,#481,#142,.T.);
#636=EDGE_CURVE('',#467,#470,#143,.T.);
#637=EDGE_CURVE('',#474,#476,#46,.T.);
#638=EDGE_CURVE('',#491,#464,#22,.T.);
#639=ORIENTED_EDGE('',*,*,#492,.T.);
#640=ORIENTED_EDGE('',*,*,#492,.F.);
#641=ORIENTED_EDGE('',*,*,#493,.T.);
#642=ORIENTED_EDGE('',*,*,#494,.T.);
#643=ORIENTED_EDGE('',*,*,#493,.F.);
#644=ORIENTED_EDGE('',*,*,#494,.F.);
#645=ORIENTED_EDGE('',*,*,#495,.T.);
#646=ORIENTED_EDGE('',*,*,#496,.F.);
#647=ORIENTED_EDGE('',*,*,#497,.F.);
#648=ORIENTED_EDGE('',*,*,#498,.T.);
#649=ORIENTED_EDGE('',*,*,#496,.T.);
#650=ORIENTED_EDGE('',*,*,#499,.T.);
#651=ORIENTED_EDGE('',*,*,#500,.T.);
#652=ORIENTED_EDGE('',*,*,#501,.T.);
#653=ORIENTED_EDGE('',*,*,#499,.F.);
#654=ORIENTED_EDGE('',*,*,#502,.F.);
#655=ORIENTED_EDGE('',*,*,#503,.F.);
#656=ORIENTED_EDGE('',*,*,#498,.F.);
#657=ORIENTED_EDGE('',*,*,#504,.F.);
#658=ORIENTED_EDGE('',*,*,#505,.T.);
#659=ORIENTED_EDGE('',*,*,#505,.F.);
#660=ORIENTED_EDGE('',*,*,#506,.F.);
#661=ORIENTED_EDGE('',*,*,#507,.F.);
#662=ORIENTED_EDGE('',*,*,#508,.F.);
#663=ORIENTED_EDGE('',*,*,#509,.T.);
#664=ORIENTED_EDGE('',*,*,#504,.T.);
#665=ORIENTED_EDGE('',*,*,#497,.T.);
#666=ORIENTED_EDGE('',*,*,#510,.T.);
#667=ORIENTED_EDGE('',*,*,#511,.T.);
#668=ORIENTED_EDGE('',*,*,#512,.T.);
#669=ORIENTED_EDGE('',*,*,#513,.F.);
#670=ORIENTED_EDGE('',*,*,#514,.T.);
#671=ORIENTED_EDGE('',*,*,#515,.T.);
#672=ORIENTED_EDGE('',*,*,#506,.T.);
#673=ORIENTED_EDGE('',*,*,#509,.F.);
#674=ORIENTED_EDGE('',*,*,#516,.T.);
#675=ORIENTED_EDGE('',*,*,#501,.F.);
#676=ORIENTED_EDGE('',*,*,#500,.F.);
#677=ORIENTED_EDGE('',*,*,#516,.F.);
#678=ORIENTED_EDGE('',*,*,#502,.T.);
#679=ORIENTED_EDGE('',*,*,#517,.T.);
#680=ORIENTED_EDGE('',*,*,#518,.F.);
#681=ORIENTED_EDGE('',*,*,#510,.F.);
#682=ORIENTED_EDGE('',*,*,#503,.T.);
#683=ORIENTED_EDGE('',*,*,#508,.T.);
#684=ORIENTED_EDGE('',*,*,#519,.T.);
#685=ORIENTED_EDGE('',*,*,#520,.T.);
#686=ORIENTED_EDGE('',*,*,#521,.F.);
#687=ORIENTED_EDGE('',*,*,#522,.T.);
#688=ORIENTED_EDGE('',*,*,#523,.T.);
#689=ORIENTED_EDGE('',*,*,#517,.F.);
#690=ORIENTED_EDGE('',*,*,#495,.F.);
#691=ORIENTED_EDGE('',*,*,#511,.F.);
#692=ORIENTED_EDGE('',*,*,#518,.T.);
#693=ORIENTED_EDGE('',*,*,#523,.F.);
#694=ORIENTED_EDGE('',*,*,#524,.F.);
#695=ORIENTED_EDGE('',*,*,#525,.F.);
#696=ORIENTED_EDGE('',*,*,#526,.T.);
#697=ORIENTED_EDGE('',*,*,#527,.F.);
#698=ORIENTED_EDGE('',*,*,#528,.F.);
#699=ORIENTED_EDGE('',*,*,#529,.F.);
#700=ORIENTED_EDGE('',*,*,#530,.T.);
#701=ORIENTED_EDGE('',*,*,#531,.F.);
#702=ORIENTED_EDGE('',*,*,#532,.F.);
#703=ORIENTED_EDGE('',*,*,#531,.T.);
#704=ORIENTED_EDGE('',*,*,#533,.T.);
#705=ORIENTED_EDGE('',*,*,#527,.T.);
#706=ORIENTED_EDGE('',*,*,#534,.T.);
#707=ORIENTED_EDGE('',*,*,#525,.T.);
#708=ORIENTED_EDGE('',*,*,#535,.T.);
#709=ORIENTED_EDGE('',*,*,#513,.T.);
#710=ORIENTED_EDGE('',*,*,#536,.T.);
#711=ORIENTED_EDGE('',*,*,#529,.T.);
#712=ORIENTED_EDGE('',*,*,#537,.T.);
#713=ORIENTED_EDGE('',*,*,#521,.T.);
#714=ORIENTED_EDGE('',*,*,#538,.T.);
#715=ORIENTED_EDGE('',*,*,#539,.F.);
#716=ORIENTED_EDGE('',*,*,#540,.T.);
#717=ORIENTED_EDGE('',*,*,#537,.F.);
#718=ORIENTED_EDGE('',*,*,#532,.T.);
#719=ORIENTED_EDGE('',*,*,#534,.F.);
#720=ORIENTED_EDGE('',*,*,#526,.F.);
#721=ORIENTED_EDGE('',*,*,#536,.F.);
#722=ORIENTED_EDGE('',*,*,#541,.F.);
#723=ORIENTED_EDGE('',*,*,#540,.F.);
#724=ORIENTED_EDGE('',*,*,#542,.F.);
#725=ORIENTED_EDGE('',*,*,#543,.F.);
#726=ORIENTED_EDGE('',*,*,#544,.F.);
#727=ORIENTED_EDGE('',*,*,#545,.F.);
#728=ORIENTED_EDGE('',*,*,#546,.T.);
#729=ORIENTED_EDGE('',*,*,#547,.F.);
#730=ORIENTED_EDGE('',*,*,#548,.F.);
#731=ORIENTED_EDGE('',*,*,#549,.F.);
#732=ORIENTED_EDGE('',*,*,#550,.T.);
#733=ORIENTED_EDGE('',*,*,#551,.F.);
#734=ORIENTED_EDGE('',*,*,#552,.F.);
#735=ORIENTED_EDGE('',*,*,#553,.F.);
#736=ORIENTED_EDGE('',*,*,#554,.F.);
#737=ORIENTED_EDGE('',*,*,#555,.T.);
#738=ORIENTED_EDGE('',*,*,#556,.F.);
#739=ORIENTED_EDGE('',*,*,#555,.F.);
#740=ORIENTED_EDGE('',*,*,#557,.F.);
#741=ORIENTED_EDGE('',*,*,#542,.T.);
#742=ORIENTED_EDGE('',*,*,#558,.T.);
#743=ORIENTED_EDGE('',*,*,#559,.T.);
#744=ORIENTED_EDGE('',*,*,#560,.F.);
#745=ORIENTED_EDGE('',*,*,#548,.T.);
#746=ORIENTED_EDGE('',*,*,#561,.T.);
#747=ORIENTED_EDGE('',*,*,#562,.T.);
#748=ORIENTED_EDGE('',*,*,#563,.F.);
#749=ORIENTED_EDGE('',*,*,#550,.F.);
#750=ORIENTED_EDGE('',*,*,#564,.T.);
#751=ORIENTED_EDGE('',*,*,#565,.T.);
#752=ORIENTED_EDGE('',*,*,#539,.T.);
#753=ORIENTED_EDGE('',*,*,#566,.T.);
#754=ORIENTED_EDGE('',*,*,#567,.T.);
#755=ORIENTED_EDGE('',*,*,#568,.T.);
#756=ORIENTED_EDGE('',*,*,#569,.F.);
#757=ORIENTED_EDGE('',*,*,#570,.T.);
#758=ORIENTED_EDGE('',*,*,#567,.F.);
#759=ORIENTED_EDGE('',*,*,#571,.F.);
#760=ORIENTED_EDGE('',*,*,#572,.F.);
#761=ORIENTED_EDGE('',*,*,#573,.T.);
#762=ORIENTED_EDGE('',*,*,#574,.F.);
#763=ORIENTED_EDGE('',*,*,#575,.F.);
#764=ORIENTED_EDGE('',*,*,#569,.T.);
#765=ORIENTED_EDGE('',*,*,#576,.T.);
#766=ORIENTED_EDGE('',*,*,#572,.T.);
#767=ORIENTED_EDGE('',*,*,#577,.F.);
#768=ORIENTED_EDGE('',*,*,#574,.T.);
#769=ORIENTED_EDGE('',*,*,#578,.T.);
#770=ORIENTED_EDGE('',*,*,#519,.F.);
#771=ORIENTED_EDGE('',*,*,#507,.T.);
#772=ORIENTED_EDGE('',*,*,#515,.F.);
#773=ORIENTED_EDGE('',*,*,#579,.F.);
#774=ORIENTED_EDGE('',*,*,#552,.T.);
#775=ORIENTED_EDGE('',*,*,#580,.F.);
#776=ORIENTED_EDGE('',*,*,#581,.F.);
#777=ORIENTED_EDGE('',*,*,#582,.F.);
#778=ORIENTED_EDGE('',*,*,#564,.F.);
#779=ORIENTED_EDGE('',*,*,#553,.T.);
#780=ORIENTED_EDGE('',*,*,#579,.T.);
#781=ORIENTED_EDGE('',*,*,#554,.T.);
#782=ORIENTED_EDGE('',*,*,#583,.T.);
#783=ORIENTED_EDGE('',*,*,#580,.T.);
#784=ORIENTED_EDGE('',*,*,#551,.T.);
#785=ORIENTED_EDGE('',*,*,#563,.T.);
#786=ORIENTED_EDGE('',*,*,#556,.T.);
#787=ORIENTED_EDGE('',*,*,#584,.F.);
#788=ORIENTED_EDGE('',*,*,#544,.T.);
#789=ORIENTED_EDGE('',*,*,#585,.F.);
#790=ORIENTED_EDGE('',*,*,#586,.F.);
#791=ORIENTED_EDGE('',*,*,#587,.F.);
#792=ORIENTED_EDGE('',*,*,#588,.F.);
#793=ORIENTED_EDGE('',*,*,#558,.F.);
#794=ORIENTED_EDGE('',*,*,#545,.T.);
#795=ORIENTED_EDGE('',*,*,#584,.T.);
#796=ORIENTED_EDGE('',*,*,#589,.T.);
#797=ORIENTED_EDGE('',*,*,#585,.T.);
#798=ORIENTED_EDGE('',*,*,#543,.T.);
#799=ORIENTED_EDGE('',*,*,#557,.T.);
#800=ORIENTED_EDGE('',*,*,#590,.F.);
#801=ORIENTED_EDGE('',*,*,#546,.F.);
#802=ORIENTED_EDGE('',*,*,#591,.F.);
#803=ORIENTED_EDGE('',*,*,#592,.F.);
#804=ORIENTED_EDGE('',*,*,#593,.F.);
#805=ORIENTED_EDGE('',*,*,#561,.F.);
#806=ORIENTED_EDGE('',*,*,#547,.T.);
#807=ORIENTED_EDGE('',*,*,#590,.T.);
#808=ORIENTED_EDGE('',*,*,#594,.T.);
#809=ORIENTED_EDGE('',*,*,#591,.T.);
#810=ORIENTED_EDGE('',*,*,#549,.T.);
#811=ORIENTED_EDGE('',*,*,#560,.T.);
#812=ORIENTED_EDGE('',*,*,#593,.T.);
#813=ORIENTED_EDGE('',*,*,#592,.T.);
#814=ORIENTED_EDGE('',*,*,#594,.F.);
#815=ORIENTED_EDGE('',*,*,#559,.F.);
#816=ORIENTED_EDGE('',*,*,#588,.T.);
#817=ORIENTED_EDGE('',*,*,#587,.T.);
#818=ORIENTED_EDGE('',*,*,#595,.T.);
#819=ORIENTED_EDGE('',*,*,#520,.F.);
#820=ORIENTED_EDGE('',*,*,#578,.F.);
#821=ORIENTED_EDGE('',*,*,#514,.F.);
#822=ORIENTED_EDGE('',*,*,#535,.F.);
#823=ORIENTED_EDGE('',*,*,#528,.T.);
#824=ORIENTED_EDGE('',*,*,#533,.F.);
#825=ORIENTED_EDGE('',*,*,#530,.F.);
#826=ORIENTED_EDGE('',*,*,#538,.F.);
#827=ORIENTED_EDGE('',*,*,#595,.F.);
#828=ORIENTED_EDGE('',*,*,#586,.T.);
#829=ORIENTED_EDGE('',*,*,#589,.F.);
#830=ORIENTED_EDGE('',*,*,#565,.F.);
#831=ORIENTED_EDGE('',*,*,#582,.T.);
#832=ORIENTED_EDGE('',*,*,#581,.T.);
#833=ORIENTED_EDGE('',*,*,#583,.F.);
#834=ORIENTED_EDGE('',*,*,#562,.F.);
#835=ORIENTED_EDGE('',*,*,#568,.F.);
#836=ORIENTED_EDGE('',*,*,#570,.F.);
#837=ORIENTED_EDGE('',*,*,#576,.F.);
#838=ORIENTED_EDGE('',*,*,#573,.F.);
#839=ORIENTED_EDGE('',*,*,#571,.T.);
#840=ORIENTED_EDGE('',*,*,#566,.F.);
#841=ORIENTED_EDGE('',*,*,#575,.T.);
#842=ORIENTED_EDGE('',*,*,#577,.T.);
#843=ORIENTED_EDGE('',*,*,#541,.T.);
#844=ORIENTED_EDGE('',*,*,#512,.F.);
#845=ORIENTED_EDGE('',*,*,#524,.T.);
#846=ORIENTED_EDGE('',*,*,#522,.F.);
#847=ORIENTED_EDGE('',*,*,#596,.F.);
#848=ORIENTED_EDGE('',*,*,#597,.F.);
#849=ORIENTED_EDGE('',*,*,#598,.F.);
#850=ORIENTED_EDGE('',*,*,#599,.T.);
#851=ORIENTED_EDGE('',*,*,#600,.F.);
#852=ORIENTED_EDGE('',*,*,#601,.T.);
#853=ORIENTED_EDGE('',*,*,#602,.F.);
#854=ORIENTED_EDGE('',*,*,#598,.T.);
#855=ORIENTED_EDGE('',*,*,#603,.F.);
#856=ORIENTED_EDGE('',*,*,#604,.F.);
#857=ORIENTED_EDGE('',*,*,#602,.T.);
#858=ORIENTED_EDGE('',*,*,#605,.T.);
#859=ORIENTED_EDGE('',*,*,#606,.T.);
#860=ORIENTED_EDGE('',*,*,#607,.T.);
#861=ORIENTED_EDGE('',*,*,#608,.T.);
#862=ORIENTED_EDGE('',*,*,#609,.T.);
#863=ORIENTED_EDGE('',*,*,#599,.F.);
#864=ORIENTED_EDGE('',*,*,#601,.F.);
#865=ORIENTED_EDGE('',*,*,#610,.F.);
#866=ORIENTED_EDGE('',*,*,#611,.T.);
#867=ORIENTED_EDGE('',*,*,#605,.F.);
#868=ORIENTED_EDGE('',*,*,#603,.T.);
#869=ORIENTED_EDGE('',*,*,#597,.T.);
#870=ORIENTED_EDGE('',*,*,#612,.T.);
#871=ORIENTED_EDGE('',*,*,#613,.T.);
#872=ORIENTED_EDGE('',*,*,#614,.T.);
#873=ORIENTED_EDGE('',*,*,#615,.T.);
#874=ORIENTED_EDGE('',*,*,#610,.T.);
#875=ORIENTED_EDGE('',*,*,#616,.F.);
#876=ORIENTED_EDGE('',*,*,#617,.F.);
#877=ORIENTED_EDGE('',*,*,#618,.F.);
#878=ORIENTED_EDGE('',*,*,#619,.F.);
#879=ORIENTED_EDGE('',*,*,#620,.F.);
#880=ORIENTED_EDGE('',*,*,#621,.T.);
#881=ORIENTED_EDGE('',*,*,#622,.T.);
#882=ORIENTED_EDGE('',*,*,#623,.T.);
#883=ORIENTED_EDGE('',*,*,#615,.F.);
#884=ORIENTED_EDGE('',*,*,#624,.F.);
#885=ORIENTED_EDGE('',*,*,#606,.F.);
#886=ORIENTED_EDGE('',*,*,#611,.F.);
#887=ORIENTED_EDGE('',*,*,#625,.T.);
#888=ORIENTED_EDGE('',*,*,#620,.T.);
#889=ORIENTED_EDGE('',*,*,#626,.T.);
#890=ORIENTED_EDGE('',*,*,#616,.T.);
#891=ORIENTED_EDGE('',*,*,#624,.T.);
#892=ORIENTED_EDGE('',*,*,#614,.F.);
#893=ORIENTED_EDGE('',*,*,#627,.F.);
#894=ORIENTED_EDGE('',*,*,#628,.F.);
#895=ORIENTED_EDGE('',*,*,#629,.T.);
#896=ORIENTED_EDGE('',*,*,#630,.T.);
#897=ORIENTED_EDGE('',*,*,#631,.F.);
#898=ORIENTED_EDGE('',*,*,#607,.F.);
#899=ORIENTED_EDGE('',*,*,#622,.F.);
#900=ORIENTED_EDGE('',*,*,#632,.F.);
#901=ORIENTED_EDGE('',*,*,#629,.F.);
#902=ORIENTED_EDGE('',*,*,#633,.F.);
#903=ORIENTED_EDGE('',*,*,#632,.T.);
#904=ORIENTED_EDGE('',*,*,#621,.F.);
#905=ORIENTED_EDGE('',*,*,#625,.F.);
#906=ORIENTED_EDGE('',*,*,#619,.T.);
#907=ORIENTED_EDGE('',*,*,#634,.T.);
#908=ORIENTED_EDGE('',*,*,#630,.F.);
#909=ORIENTED_EDGE('',*,*,#633,.T.);
#910=ORIENTED_EDGE('',*,*,#628,.T.);
#911=ORIENTED_EDGE('',*,*,#635,.T.);
#912=ORIENTED_EDGE('',*,*,#617,.T.);
#913=ORIENTED_EDGE('',*,*,#626,.F.);
#914=ORIENTED_EDGE('',*,*,#623,.F.);
#915=ORIENTED_EDGE('',*,*,#600,.T.);
#916=ORIENTED_EDGE('',*,*,#636,.T.);
#917=ORIENTED_EDGE('',*,*,#604,.T.);
#918=ORIENTED_EDGE('',*,*,#636,.F.);
#919=ORIENTED_EDGE('',*,*,#635,.F.);
#920=ORIENTED_EDGE('',*,*,#627,.T.);
#921=ORIENTED_EDGE('',*,*,#613,.F.);
#922=ORIENTED_EDGE('',*,*,#637,.F.);
#923=ORIENTED_EDGE('',*,*,#608,.F.);
#924=ORIENTED_EDGE('',*,*,#631,.T.);
#925=ORIENTED_EDGE('',*,*,#634,.F.);
#926=ORIENTED_EDGE('',*,*,#618,.T.);
#927=ORIENTED_EDGE('',*,*,#596,.T.);
#928=ORIENTED_EDGE('',*,*,#638,.F.);
#929=ORIENTED_EDGE('',*,*,#638,.T.);
#930=ORIENTED_EDGE('',*,*,#609,.F.);
#931=ORIENTED_EDGE('',*,*,#637,.T.);
#932=ORIENTED_EDGE('',*,*,#612,.F.);
#933=PLANE('',#1042);
#934=PLANE('',#1046);
#935=PLANE('',#1054);
#936=PLANE('',#1056);
#937=PLANE('',#1059);
#938=PLANE('',#1062);
#939=PLANE('',#1063);
#940=PLANE('',#1064);
#941=PLANE('',#1067);
#942=PLANE('',#1070);
#943=PLANE('',#1076);
#944=PLANE('',#1077);
#945=PLANE('',#1078);
#946=PLANE('',#1082);
#947=PLANE('',#1086);
#948=PLANE('',#1089);
#949=PLANE('',#1090);
#950=PLANE('',#1091);
#951=PLANE('',#1093);
#952=PLANE('',#1095);
#953=PLANE('',#1096);
#954=PLANE('',#1097);
#955=PLANE('',#1100);
#956=PLANE('',#1101);
#957=PLANE('',#1102);
#958=PLANE('',#1104);
#959=PLANE('',#1105);
#960=PLANE('',#1107);
#961=PLANE('',#1108);
#962=PLANE('',#1110);
#963=PLANE('',#1112);
#964=PLANE('',#1114);
#965=PLANE('',#1115);
#966=PLANE('',#1118);
#967=PLANE('',#1123);
#968=PLANE('',#1128);
#969=PLANE('',#1129);
#970=ADVANCED_FACE('',(#240),#933,.T.);
#971=ADVANCED_FACE('',(#241),#229,.T.);
#972=ADVANCED_FACE('',(#242),#934,.F.);
#973=ADVANCED_FACE('',(#243),#47,.T.);
#974=ADVANCED_FACE('',(#244),#30,.F.);
#975=ADVANCED_FACE('',(#245),#230,.T.);
#976=ADVANCED_FACE('',(#246,#23),#935,.T.);
#977=ADVANCED_FACE('',(#247),#936,.F.);
#978=ADVANCED_FACE('',(#248),#231,.F.);
#979=ADVANCED_FACE('',(#249),#48,.F.);
#980=ADVANCED_FACE('',(#250),#937,.F.);
#981=ADVANCED_FACE('',(#251),#232,.F.);
#982=ADVANCED_FACE('',(#252),#938,.T.);
#983=ADVANCED_FACE('',(#253),#939,.T.);
#984=ADVANCED_FACE('',(#254),#940,.T.);
#985=ADVANCED_FACE('',(#255),#941,.T.);
#986=ADVANCED_FACE('',(#256),#942,.T.);
#987=ADVANCED_FACE('',(#257),#233,.F.);
#988=ADVANCED_FACE('',(#258),#943,.T.);
#989=ADVANCED_FACE('',(#259),#944,.T.);
#990=ADVANCED_FACE('',(#260),#945,.T.);
#991=ADVANCED_FACE('',(#261),#234,.F.);
#992=ADVANCED_FACE('',(#262,#24),#946,.T.);
#993=ADVANCED_FACE('',(#263),#947,.T.);
#994=ADVANCED_FACE('',(#264),#948,.F.);
#995=ADVANCED_FACE('',(#265),#949,.F.);
#996=ADVANCED_FACE('',(#266),#950,.F.);
#997=ADVANCED_FACE('',(#267),#49,.T.);
#998=ADVANCED_FACE('',(#268),#951,.T.);
#999=ADVANCED_FACE('',(#269,#25),#952,.T.);
#1000=ADVANCED_FACE('',(#270,#26),#953,.T.);
#1001=ADVANCED_FACE('',(#271),#954,.T.);
#1002=ADVANCED_FACE('',(#272),#955,.T.);
#1003=ADVANCED_FACE('',(#273),#956,.T.);
#1004=ADVANCED_FACE('',(#274),#957,.T.);
#1005=ADVANCED_FACE('',(#275),#958,.T.);
#1006=ADVANCED_FACE('',(#276),#959,.T.);
#1007=ADVANCED_FACE('',(#277,#27),#235,.T.);
#1008=ADVANCED_FACE('',(#278),#50,.T.);
#1009=ADVANCED_FACE('',(#279),#960,.T.);
#1010=ADVANCED_FACE('',(#280,#28),#961,.T.);
#1011=ADVANCED_FACE('',(#281),#13,.F.);
#1012=ADVANCED_FACE('',(#282),#962,.F.);
#1013=ADVANCED_FACE('',(#283),#963,.F.);
#1014=ADVANCED_FACE('',(#284),#51,.F.);
#1015=ADVANCED_FACE('',(#285),#964,.F.);
#1016=ADVANCED_FACE('',(#286),#965,.F.);
#1017=ADVANCED_FACE('',(#287),#966,.F.);
#1018=ADVANCED_FACE('',(#288,#29),#236,.F.);
#1019=ADVANCED_FACE('',(#289),#967,.F.);
#1020=ADVANCED_FACE('',(#290),#237,.T.);
#1021=ADVANCED_FACE('',(#291),#968,.F.);
#1022=ADVANCED_FACE('',(#292),#969,.F.);
#1023=ADVANCED_FACE('',(#293),#238,.T.);
#1024=ADVANCED_FACE('',(#294),#239,.T.);
#1025=ADVANCED_FACE('',(#295),#52,.T.);
#1026=CLOSED_SHELL('',(#970,#971,#972));
#1027=CLOSED_SHELL('',(#973,#974,#975,#976,#977,#978,#979,#980,#981,#982,
#983,#984,#985,#986,#987,#988,#989,#990,#991,#992,#993,#994,#995,#996,#997,
#998,#999,#1000,#1001,#1002,#1003,#1004,#1005,#1006,#1007,#1008,#1009));
#1028=CLOSED_SHELL('',(#1010,#1011,#1012,#1013,#1014,#1015,#1016,#1017,
#1018,#1019,#1020,#1021,#1022,#1023,#1024,#1025));
#1029=DERIVED_UNIT_ELEMENT(#1031,1.);
#1030=DERIVED_UNIT_ELEMENT(#2527,-3.);
#1031=(
MASS_UNIT()
NAMED_UNIT(*)
SI_UNIT(.KILO.,.GRAM.)
);
#1032=DERIVED_UNIT((#1029,#1030));
#1033=MEASURE_REPRESENTATION_ITEM('density measure',
POSITIVE_RATIO_MEASURE(7850.),#1032);
#1034=PROPERTY_DEFINITION_REPRESENTATION(#1039,#1036);
#1035=PROPERTY_DEFINITION_REPRESENTATION(#1040,#1037);
#1036=REPRESENTATION('material name',(#1038),#2524);
#1037=REPRESENTATION('density',(#1033),#2524);
#1038=DESCRIPTIVE_REPRESENTATION_ITEM('\X2\92FC\X0\','\X2\92FC\X0\');
#1039=PROPERTY_DEFINITION('material property','material name',#2534);
#1040=PROPERTY_DEFINITION('material property','density of part',#2534);
#1041=AXIS2_PLACEMENT_3D('',#1399,#1132,#1133);
#1042=AXIS2_PLACEMENT_3D('',#1400,#1134,#1135);
#1043=AXIS2_PLACEMENT_3D('',#1402,#1136,#1137);
#1044=AXIS2_PLACEMENT_3D('',#1403,#1138,#1139);
#1045=AXIS2_PLACEMENT_3D('',#1406,#1141,#1142);
#1046=AXIS2_PLACEMENT_3D('',#1407,#1143,#1144);
#1047=AXIS2_PLACEMENT_3D('',#1451,#1145,#1146);
#1048=AXIS2_PLACEMENT_3D('',#1457,#1147,#1148);
#1049=AXIS2_PLACEMENT_3D('',#1458,#1149,#1150);
#1050=AXIS2_PLACEMENT_3D('',#1462,#1152,#1153);
#1051=AXIS2_PLACEMENT_3D('',#1463,#1154,#1155);
#1052=AXIS2_PLACEMENT_3D('',#1588,#1156,#1157);
#1053=AXIS2_PLACEMENT_3D('',#1593,#1160,#1161);
#1054=AXIS2_PLACEMENT_3D('',#1594,#1162,#1163);
#1055=AXIS2_PLACEMENT_3D('',#1620,#1166,#1167);
#1056=AXIS2_PLACEMENT_3D('',#1621,#1168,#1169);
#1057=AXIS2_PLACEMENT_3D('',#1646,#1174,#1175);
#1058=AXIS2_PLACEMENT_3D('',#1772,#1177,#1178);
#1059=AXIS2_PLACEMENT_3D('',#1773,#1179,#1180);
#1060=AXIS2_PLACEMENT_3D('',#1791,#1185,#1186);
#1061=AXIS2_PLACEMENT_3D('',#1792,#1187,#1188);
#1062=AXIS2_PLACEMENT_3D('',#1793,#1189,#1190);
#1063=AXIS2_PLACEMENT_3D('',#1802,#1195,#1196);
#1064=AXIS2_PLACEMENT_3D('',#1811,#1201,#1202);
#1065=AXIS2_PLACEMENT_3D('',#1812,#1203,#1204);
#1066=AXIS2_PLACEMENT_3D('',#1813,#1205,#1206);
#1067=AXIS2_PLACEMENT_3D('',#1814,#1207,#1208);
#1068=AXIS2_PLACEMENT_3D('',#1815,#1209,#1210);
#1069=AXIS2_PLACEMENT_3D('',#1816,#1211,#1212);
#1070=AXIS2_PLACEMENT_3D('',#1817,#1213,#1214);
#1071=AXIS2_PLACEMENT_3D('',#1818,#1215,#1216);
#1072=AXIS2_PLACEMENT_3D('',#1819,#1217,#1218);
#1073=AXIS2_PLACEMENT_3D('',#1820,#1219,#1220);
#1074=AXIS2_PLACEMENT_3D('',#1822,#1221,#1222);
#1075=AXIS2_PLACEMENT_3D('',#1824,#1224,#1225);
#1076=AXIS2_PLACEMENT_3D('',#1825,#1226,#1227);
#1077=AXIS2_PLACEMENT_3D('',#1834,#1232,#1233);
#1078=AXIS2_PLACEMENT_3D('',#1843,#1238,#1239);
#1079=AXIS2_PLACEMENT_3D('',#1852,#1244,#1245);
#1080=AXIS2_PLACEMENT_3D('',#1854,#1246,#1247);
#1081=AXIS2_PLACEMENT_3D('',#1857,#1249,#1250);
#1082=AXIS2_PLACEMENT_3D('',#1858,#1251,#1252);
#1083=AXIS2_PLACEMENT_3D('',#1864,#1255,#1256);
#1084=AXIS2_PLACEMENT_3D('',#1869,#1259,#1260);
#1085=AXIS2_PLACEMENT_3D('',#1873,#1263,#1264);
#1086=AXIS2_PLACEMENT_3D('',#1874,#1265,#1266);
#1087=AXIS2_PLACEMENT_3D('',#1877,#1267,#1268);
#1088=AXIS2_PLACEMENT_3D('',#1881,#1270,#1271);
#1089=AXIS2_PLACEMENT_3D('',#1883,#1273,#1274);
#1090=AXIS2_PLACEMENT_3D('',#1892,#1277,#1278);
#1091=AXIS2_PLACEMENT_3D('',#1901,#1281,#1282);
#1092=AXIS2_PLACEMENT_3D('',#1902,#1283,#1284);
#1093=AXIS2_PLACEMENT_3D('',#1982,#1285,#1286);
#1094=AXIS2_PLACEMENT_3D('',#1987,#1289,#1290);
#1095=AXIS2_PLACEMENT_3D('',#1988,#1291,#1292);
#1096=AXIS2_PLACEMENT_3D('',#1990,#1294,#1295);
#1097=AXIS2_PLACEMENT_3D('',#1992,#1297,#1298);
#1098=AXIS2_PLACEMENT_3D('',#1998,#1301,#1302);
#1099=AXIS2_PLACEMENT_3D('',#1999,#1303,#1304);
#1100=AXIS2_PLACEMENT_3D('',#2000,#1305,#1306);
#1101=AXIS2_PLACEMENT_3D('',#2002,#1308,#1309);
#1102=AXIS2_PLACEMENT_3D('',#2004,#1311,#1312);
#1103=AXIS2_PLACEMENT_3D('',#2009,#1315,#1316);
#1104=AXIS2_PLACEMENT_3D('',#2010,#1317,#1318);
#1105=AXIS2_PLACEMENT_3D('',#2012,#1320,#1321);
#1106=AXIS2_PLACEMENT_3D('',#2014,#1323,#1324);
#1107=AXIS2_PLACEMENT_3D('',#2051,#1326,#1327);
#1108=AXIS2_PLACEMENT_3D('',#2052,#1328,#1329);
#1109=AXIS2_PLACEMENT_3D('',#2111,#1332,#1333);
#1110=AXIS2_PLACEMENT_3D('',#2184,#1336,#1337);
#1111=AXIS2_PLACEMENT_3D('',#2186,#1338,#1339);
#1112=AXIS2_PLACEMENT_3D('',#2187,#1340,#1341);
#1113=AXIS2_PLACEMENT_3D('',#2342,#1345,#1346);
#1114=AXIS2_PLACEMENT_3D('',#2343,#1347,#1348);
#1115=AXIS2_PLACEMENT_3D('',#2359,#1352,#1353);
#1116=AXIS2_PLACEMENT_3D('',#2362,#1354,#1355);
#1117=AXIS2_PLACEMENT_3D('',#2366,#1357,#1358);
#1118=AXIS2_PLACEMENT_3D('',#2368,#1360,#1361);
#1119=AXIS2_PLACEMENT_3D('',#2371,#1362,#1363);
#1120=AXIS2_PLACEMENT_3D('',#2375,#1365,#1366);
#1121=AXIS2_PLACEMENT_3D('',#2377,#1368,#1369);
#1122=AXIS2_PLACEMENT_3D('',#2378,#1370,#1371);
#1123=AXIS2_PLACEMENT_3D('',#2381,#1374,#1375);
#1124=AXIS2_PLACEMENT_3D('',#2383,#1376,#1377);
#1125=AXIS2_PLACEMENT_3D('',#2387,#1379,#1380);
#1126=AXIS2_PLACEMENT_3D('',#2390,#1382,#1383);
#1127=AXIS2_PLACEMENT_3D('',#2391,#1384,#1385);
#1128=AXIS2_PLACEMENT_3D('',#2394,#1388,#1389);
#1129=AXIS2_PLACEMENT_3D('',#2396,#1391,#1392);
#1130=AXIS2_PLACEMENT_3D('',#2398,#1394,#1395);
#1131=AXIS2_PLACEMENT_3D('',#2400,#1397,#1398);
#1132=DIRECTION('axis',(0.,0.,1.));
#1133=DIRECTION('refdir',(1.,0.,0.));
#1134=DIRECTION('center_axis',(0.,1.,0.));
#1135=DIRECTION('ref_axis',(1.,0.,0.));
#1136=DIRECTION('center_axis',(0.,1.,0.));
#1137=DIRECTION('ref_axis',(1.,0.,0.));
#1138=DIRECTION('center_axis',(0.,1.,0.));
#1139=DIRECTION('ref_axis',(1.,0.,0.));
#1140=DIRECTION('',(0.,-1.,0.));
#1141=DIRECTION('center_axis',(0.,1.,0.));
#1142=DIRECTION('ref_axis',(1.,0.,0.));
#1143=DIRECTION('center_axis',(0.,1.,0.));
#1144=DIRECTION('ref_axis',(1.,0.,0.));
#1145=DIRECTION('center_axis',(0.,-1.,0.));
#1146=DIRECTION('ref_axis',(1.,0.,0.));
#1147=DIRECTION('center_axis',(0.,-1.,0.));
#1148=DIRECTION('ref_axis',(1.,0.,0.));
#1149=DIRECTION('center_axis',(0.,-1.,0.));
#1150=DIRECTION('ref_axis',(1.,0.,2.30577088021212E-15));
#1151=DIRECTION('',(0.707106781186522,0.707106781186572,1.71702183088396E-15));
#1152=DIRECTION('center_axis',(0.,1.,0.));
#1153=DIRECTION('ref_axis',(1.,0.,0.));
#1154=DIRECTION('center_axis',(0.,1.,0.));
#1155=DIRECTION('ref_axis',(1.,0.,0.));
#1156=DIRECTION('center_axis',(0.,-1.,0.));
#1157=DIRECTION('ref_axis',(1.,0.,0.));
#1158=DIRECTION('',(0.,1.,0.));
#1159=DIRECTION('',(0.,-1.,0.));
#1160=DIRECTION('center_axis',(0.,-1.,0.));
#1161=DIRECTION('ref_axis',(1.,0.,0.));
#1162=DIRECTION('center_axis',(0.,1.,0.));
#1163=DIRECTION('ref_axis',(-1.,0.,0.));
#1164=DIRECTION('',(-1.,0.,-1.22464679914735E-16));
#1165=DIRECTION('',(-1.,0.,-1.22464679914735E-16));
#1166=DIRECTION('center_axis',(0.,-1.,0.));
#1167=DIRECTION('ref_axis',(1.,0.,0.));
#1168=DIRECTION('center_axis',(1.22464679914735E-16,0.,-1.));
#1169=DIRECTION('ref_axis',(-1.,0.,-1.22464679914735E-16));
#1170=DIRECTION('',(1.40576991960028E-10,-1.,0.));
#1171=DIRECTION('',(0.999999999999453,1.04549300221595E-6,0.));
#1172=DIRECTION('',(-1.,0.,0.));
#1173=DIRECTION('',(0.,1.,0.));
#1174=DIRECTION('center_axis',(0.,-1.,0.));
#1175=DIRECTION('ref_axis',(1.,0.,0.));
#1176=DIRECTION('',(0.,-1.,0.));
#1177=DIRECTION('center_axis',(-1.40576991960028E-10,1.,0.));
#1178=DIRECTION('ref_axis',(1.,1.40576991960028E-10,0.));
#1179=DIRECTION('center_axis',(1.22464679914735E-16,0.,-1.));
#1180=DIRECTION('ref_axis',(-1.,0.,-1.22464679914735E-16));
#1181=DIRECTION('',(0.,-1.,0.));
#1182=DIRECTION('',(-1.,0.,-1.22464679914735E-16));
#1183=DIRECTION('',(0.999999999999453,-1.04549300221595E-6,1.22464679914668E-16));
#1184=DIRECTION('',(-1.40576991960028E-10,1.,0.));
#1185=DIRECTION('center_axis',(-1.40576991960028E-10,1.,0.));
#1186=DIRECTION('ref_axis',(1.,1.40576946427489E-10,6.83919242938244E-17));
#1187=DIRECTION('center_axis',(0.,1.,0.));
#1188=DIRECTION('ref_axis',(1.,0.,1.38777878078146E-16));
#1189=DIRECTION('center_axis',(1.,0.,0.));
#1190=DIRECTION('ref_axis',(0.,0.,-1.));
#1191=DIRECTION('',(0.,0.,1.));
#1192=DIRECTION('',(0.,1.,0.));
#1193=DIRECTION('',(0.,0.,-1.));
#1194=DIRECTION('',(0.,1.,0.));
#1195=DIRECTION('center_axis',(-1.,0.,0.));
#1196=DIRECTION('ref_axis',(0.,0.,1.));
#1197=DIRECTION('',(0.,0.,-1.));
#1198=DIRECTION('',(0.,1.,0.));
#1199=DIRECTION('',(0.,0.,1.));
#1200=DIRECTION('',(0.,1.,0.));
#1201=DIRECTION('center_axis',(0.,1.,0.));
#1202=DIRECTION('ref_axis',(-1.,0.,0.));
#1203=DIRECTION('center_axis',(0.,1.,0.));
#1204=DIRECTION('ref_axis',(-1.,0.,-8.88159601721985E-17));
#1205=DIRECTION('center_axis',(0.,-1.,0.));
#1206=DIRECTION('ref_axis',(-1.,0.,6.12323399573676E-17));
#1207=DIRECTION('center_axis',(0.,1.,0.));
#1208=DIRECTION('ref_axis',(0.,0.,1.));
#1209=DIRECTION('center_axis',(0.,1.,0.));
#1210=DIRECTION('ref_axis',(-1.,0.,0.));
#1211=DIRECTION('center_axis',(0.,-1.,0.));
#1212=DIRECTION('ref_axis',(1.,0.,0.));
#1213=DIRECTION('center_axis',(0.,1.,0.));
#1214=DIRECTION('ref_axis',(0.,0.,1.));
#1215=DIRECTION('center_axis',(0.,-1.,0.));
#1216=DIRECTION('ref_axis',(1.,0.,0.));
#1217=DIRECTION('center_axis',(0.,1.,0.));
#1218=DIRECTION('ref_axis',(-1.,0.,0.));
#1219=DIRECTION('center_axis',(0.,1.,0.));
#1220=DIRECTION('ref_axis',(1.,0.,0.));
#1221=DIRECTION('center_axis',(0.,1.,0.));
#1222=DIRECTION('ref_axis',(1.,0.,0.));
#1223=DIRECTION('',(0.,1.,0.));
#1224=DIRECTION('center_axis',(0.,-1.,0.));
#1225=DIRECTION('ref_axis',(1.,0.,0.));
#1226=DIRECTION('center_axis',(-1.,0.,0.));
#1227=DIRECTION('ref_axis',(0.,-1.,0.));
#1228=DIRECTION('',(0.,0.,-1.));
#1229=DIRECTION('',(0.,-1.,0.));
#1230=DIRECTION('',(0.,0.,1.));
#1231=DIRECTION('',(0.,1.,0.));
#1232=DIRECTION('center_axis',(1.,0.,0.));
#1233=DIRECTION('ref_axis',(0.,1.,0.));
#1234=DIRECTION('',(0.,0.,1.));
#1235=DIRECTION('',(0.,1.,0.));
#1236=DIRECTION('',(0.,0.,1.));
#1237=DIRECTION('',(0.,-1.,0.));
#1238=DIRECTION('center_axis',(0.,0.,1.));
#1239=DIRECTION('ref_axis',(0.,-1.,0.));
#1240=DIRECTION('',(1.,0.,0.));
#1241=DIRECTION('',(0.,-1.,0.));
#1242=DIRECTION('',(1.,0.,0.));
#1243=DIRECTION('',(0.,1.,0.));
#1244=DIRECTION('center_axis',(1.,0.,0.));
#1245=DIRECTION('ref_axis',(0.,0.,1.));
#1246=DIRECTION('center_axis',(1.,0.,0.));
#1247=DIRECTION('ref_axis',(0.,0.,1.));
#1248=DIRECTION('',(1.,0.,0.));
#1249=DIRECTION('center_axis',(-1.,0.,0.));
#1250=DIRECTION('ref_axis',(0.,0.,1.));
#1251=DIRECTION('center_axis',(0.,-1.,0.));
#1252=DIRECTION('ref_axis',(0.,0.,-1.));
#1253=DIRECTION('',(1.,0.,0.));
#1254=DIRECTION('',(1.,0.,-5.20731536139745E-17));
#1255=DIRECTION('center_axis',(0.,-1.,0.));
#1256=DIRECTION('ref_axis',(1.,0.,0.));
#1257=DIRECTION('',(-1.,0.,0.));
#1258=DIRECTION('',(-1.,0.,1.1419793760606E-17));
#1259=DIRECTION('center_axis',(0.,-1.,0.));
#1260=DIRECTION('ref_axis',(1.,0.,0.));
#1261=DIRECTION('',(0.,0.,-1.));
#1262=DIRECTION('',(0.,0.,-1.));
#1263=DIRECTION('center_axis',(0.,-1.,0.));
#1264=DIRECTION('ref_axis',(1.,0.,0.));
#1265=DIRECTION('center_axis',(0.,1.,0.));
#1266=DIRECTION('ref_axis',(0.,0.,1.));
#1267=DIRECTION('center_axis',(0.,-1.,0.));
#1268=DIRECTION('ref_axis',(1.,0.,0.));
#1269=DIRECTION('',(0.,0.,-1.));
#1270=DIRECTION('center_axis',(0.,1.,0.));
#1271=DIRECTION('ref_axis',(1.,0.,0.));
#1272=DIRECTION('',(0.,0.,-1.));
#1273=DIRECTION('center_axis',(1.,0.,0.));
#1274=DIRECTION('ref_axis',(0.,0.,1.));
#1275=DIRECTION('',(0.,-1.,0.));
#1276=DIRECTION('',(0.,0.,1.));
#1277=DIRECTION('center_axis',(-1.,0.,0.));
#1278=DIRECTION('ref_axis',(0.,0.,-1.));
#1279=DIRECTION('',(0.,1.,0.));
#1280=DIRECTION('',(0.,0.,-1.));
#1281=DIRECTION('center_axis',(0.,1.,0.));
#1282=DIRECTION('ref_axis',(-1.,0.,0.));
#1283=DIRECTION('center_axis',(0.,-1.,0.));
#1284=DIRECTION('ref_axis',(1.,0.,0.));
#1285=DIRECTION('center_axis',(0.,0.777941189767848,0.628337095246322));
#1286=DIRECTION('ref_axis',(0.,-0.628337095246322,0.777941189767847));
#1287=DIRECTION('',(0.,0.628337095246322,-0.777941189767847));
#1288=DIRECTION('',(0.,-0.628337095246322,0.777941189767847));
#1289=DIRECTION('center_axis',(0.,0.777941189767848,0.628337095246322));
#1290=DIRECTION('ref_axis',(0.,0.628337095246322,-0.777941189767847));
#1291=DIRECTION('center_axis',(-1.,0.,0.));
#1292=DIRECTION('ref_axis',(0.,0.,1.));
#1293=DIRECTION('',(0.,1.,0.));
#1294=DIRECTION('center_axis',(1.,0.,0.));
#1295=DIRECTION('ref_axis',(0.,0.,-1.));
#1296=DIRECTION('',(0.,1.,0.));
#1297=DIRECTION('center_axis',(-0.707106781186548,0.707106781186548,0.));
#1298=DIRECTION('ref_axis',(-0.707106781186548,-0.707106781186548,0.));
#1299=DIRECTION('',(0.707106781186547,0.707106781186547,0.));
#1300=DIRECTION('',(-0.707106781186547,-0.707106781186547,0.));
#1301=DIRECTION('center_axis',(-0.707106781186548,0.707106781186548,0.));
#1302=DIRECTION('ref_axis',(0.707106781186547,0.707106781186547,0.));
#1303=DIRECTION('center_axis',(-0.707106781186548,0.707106781186548,0.));
#1304=DIRECTION('ref_axis',(0.707106781186547,0.707106781186547,0.));
#1305=DIRECTION('center_axis',(0.,0.,-1.));
#1306=DIRECTION('ref_axis',(-1.,0.,0.));
#1307=DIRECTION('',(0.,1.,0.));
#1308=DIRECTION('center_axis',(0.,0.,1.));
#1309=DIRECTION('ref_axis',(1.,0.,0.));
#1310=DIRECTION('',(0.,1.,0.));
#1311=DIRECTION('center_axis',(0.707106781186548,0.707106781186548,0.));
#1312=DIRECTION('ref_axis',(-0.707106781186548,0.707106781186548,0.));
#1313=DIRECTION('',(-0.707106781186547,0.707106781186547,0.));
#1314=DIRECTION('',(0.707106781186547,-0.707106781186547,0.));
#1315=DIRECTION('center_axis',(0.707106781186548,0.707106781186548,0.));
#1316=DIRECTION('ref_axis',(0.707106781186547,-0.707106781186547,0.));
#1317=DIRECTION('center_axis',(0.,0.,1.));
#1318=DIRECTION('ref_axis',(1.,0.,0.));
#1319=DIRECTION('',(0.,1.,0.));
#1320=DIRECTION('center_axis',(0.,0.,-1.));
#1321=DIRECTION('ref_axis',(-1.,0.,0.));
#1322=DIRECTION('',(0.,1.,0.));
#1323=DIRECTION('center_axis',(0.,1.,0.));
#1324=DIRECTION('ref_axis',(1.,0.,0.));
#1325=DIRECTION('',(0.,1.,0.));
#1326=DIRECTION('center_axis',(0.,-1.,0.));
#1327=DIRECTION('ref_axis',(0.,0.,-1.));
#1328=DIRECTION('center_axis',(0.,-1.,0.));
#1329=DIRECTION('ref_axis',(0.,0.,-1.));
#1330=DIRECTION('',(1.,0.,6.69535286834775E-17));
#1331=DIRECTION('',(-1.,0.,-6.69535286834775E-17));
#1332=DIRECTION('center_axis',(0.,-1.,0.));
#1333=DIRECTION('ref_axis',(1.,0.,0.));
#1334=DIRECTION('',(0.,-1.,0.));
#1335=DIRECTION('',(0.,1.,0.));
#1336=DIRECTION('center_axis',(0.,1.,0.));
#1337=DIRECTION('ref_axis',(0.,0.,1.));
#1338=DIRECTION('center_axis',(0.,1.,0.));
#1339=DIRECTION('ref_axis',(-1.,0.,0.));
#1340=DIRECTION('center_axis',(-6.69535286834775E-17,0.,1.));
#1341=DIRECTION('ref_axis',(1.,0.,6.69535286834775E-17));
#1342=DIRECTION('',(1.40576991960028E-10,-1.,-2.10962209625989E-59));
#1343=DIRECTION('',(1.,0.,6.69535286834775E-17));
#1344=DIRECTION('',(0.,1.,0.));
#1345=DIRECTION('center_axis',(1.40576991960028E-10,-1.,-2.10962209625989E-59));
#1346=DIRECTION('ref_axis',(1.,1.40576991960028E-10,2.96564328464623E-69));
#1347=DIRECTION('center_axis',(-6.69535286834775E-17,0.,1.));
#1348=DIRECTION('ref_axis',(1.,0.,6.69535286834775E-17));
#1349=DIRECTION('',(0.,-1.,0.));
#1350=DIRECTION('',(1.,0.,6.69535286834775E-17));
#1351=DIRECTION('',(-1.40576991960028E-10,1.,2.10962209625989E-59));
#1352=DIRECTION('center_axis',(0.,1.,0.));
#1353=DIRECTION('ref_axis',(0.,0.,1.));
#1354=DIRECTION('center_axis',(0.,-1.,0.));
#1355=DIRECTION('ref_axis',(-1.,0.,9.47350828778665E-59));
#1356=DIRECTION('',(0.,0.,-1.));
#1357=DIRECTION('center_axis',(0.,1.,0.));
#1358=DIRECTION('ref_axis',(-1.,0.,5.55111512312578E-17));
#1359=DIRECTION('',(0.,0.,1.));
#1360=DIRECTION('center_axis',(0.,-1.,0.));
#1361=DIRECTION('ref_axis',(1.,0.,0.));
#1362=DIRECTION('center_axis',(0.,1.,0.));
#1363=DIRECTION('ref_axis',(-1.,0.,9.47350828778665E-59));
#1364=DIRECTION('',(0.,0.,1.));
#1365=DIRECTION('center_axis',(0.,1.,0.));
#1366=DIRECTION('ref_axis',(1.,0.,0.));
#1367=DIRECTION('',(0.,0.,-1.));
#1368=DIRECTION('center_axis',(1.40576991960028E-10,-1.,-2.10962209625989E-59));
#1369=DIRECTION('ref_axis',(-1.,-1.40576991639094E-10,9.47350828749009E-59));
#1370=DIRECTION('center_axis',(0.,1.,0.));
#1371=DIRECTION('ref_axis',(-1.,0.,9.47350828778665E-59));
#1372=DIRECTION('',(-1.85037170770859E-16,-1.,-2.683409050519E-11));
#1373=DIRECTION('',(1.85037170770859E-16,1.,-2.683409050519E-11));
#1374=DIRECTION('center_axis',(0.,1.,0.));
#1375=DIRECTION('ref_axis',(0.,0.,1.));
#1376=DIRECTION('center_axis',(0.,1.,0.));
#1377=DIRECTION('ref_axis',(-1.,0.,5.55111512312578E-17));
#1378=DIRECTION('',(5.55111512312578E-17,0.,1.));
#1379=DIRECTION('center_axis',(0.,-1.,0.));
#1380=DIRECTION('ref_axis',(1.,0.,0.));
#1381=DIRECTION('',(5.55111512312578E-17,0.,1.));
#1382=DIRECTION('center_axis',(0.,1.,0.));
#1383=DIRECTION('ref_axis',(-1.,0.,5.55111512312578E-17));
#1384=DIRECTION('center_axis',(0.,-1.,0.));
#1385=DIRECTION('ref_axis',(1.,0.,0.));
#1386=DIRECTION('',(0.,1.,0.));
#1387=DIRECTION('',(0.,-1.,0.));
#1388=DIRECTION('center_axis',(-1.,0.,5.55111512312578E-17));
#1389=DIRECTION('ref_axis',(-5.55111512312578E-17,0.,-1.));
#1390=DIRECTION('',(0.,-1.,0.));
#1391=DIRECTION('center_axis',(1.,0.,-5.55111512312578E-17));
#1392=DIRECTION('ref_axis',(5.55111512312578E-17,0.,1.));
#1393=DIRECTION('',(0.,1.,0.));
#1394=DIRECTION('center_axis',(0.,1.,0.));
#1395=DIRECTION('ref_axis',(-1.,0.,0.));
#1396=DIRECTION('',(0.,-1.,0.));
#1397=DIRECTION('center_axis',(0.,1.,0.));
#1398=DIRECTION('ref_axis',(-1.,0.,5.55111512312578E-17));
#1399=CARTESIAN_POINT('',(0.,0.,0.));
#1400=CARTESIAN_POINT('Origin',(0.,70.,0.));
#1401=CARTESIAN_POINT('',(-9.,70.,1.10218211923262E-15));
#1402=CARTESIAN_POINT('Origin',(0.,70.,0.));
#1403=CARTESIAN_POINT('Origin',(0.,0.,0.));
#1404=CARTESIAN_POINT('',(-9.,0.,1.10218211923262E-15));
#1405=CARTESIAN_POINT('',(-9.,0.,1.10218211923262E-15));
#1406=CARTESIAN_POINT('Origin',(0.,0.,0.));
#1407=CARTESIAN_POINT('Origin',(0.,0.,0.));
#1408=CARTESIAN_POINT('Ctrl Pts',(2.40963206008454,169.340376097603,-4.60317181320785E-16));
#1409=CARTESIAN_POINT('Ctrl Pts',(2.40963206008458,169.340376097603,2.40963206008454));
#1410=CARTESIAN_POINT('Ctrl Pts',(3.57570112140444E-14,169.340376097603,
2.40963206008458));
#1411=CARTESIAN_POINT('Ctrl Pts',(-2.40963206008451,169.340376097603,2.40963206008461));
#1412=CARTESIAN_POINT('Ctrl Pts',(-2.40963206008454,169.340376097603,7.1053705246768E-14));
#1413=CARTESIAN_POINT('Ctrl Pts',(-2.40963206008458,169.340376097603,-2.40963206008447));
#1414=CARTESIAN_POINT('Ctrl Pts',(-3.57570112140444E-14,169.340376097603,
-2.40963206008451));
#1415=CARTESIAN_POINT('Ctrl Pts',(2.40963206008451,169.340376097603,-2.40963206008454));
#1416=CARTESIAN_POINT('Ctrl Pts',(2.40963206008454,169.340376097603,-4.60317181320785E-16));
#1417=CARTESIAN_POINT('Ctrl Pts',(2.3854701678319,169.560966928768,-4.63276159721643E-16));
#1418=CARTESIAN_POINT('Ctrl Pts',(2.38547016783193,169.560966928768,2.38547016783189));
#1419=CARTESIAN_POINT('Ctrl Pts',(3.57599701924453E-14,169.560966928768,
2.38547016783193));
#1420=CARTESIAN_POINT('Ctrl Pts',(-2.38547016783186,169.560966928768,2.38547016783197));
#1421=CARTESIAN_POINT('Ctrl Pts',(-2.3854701678319,169.560966928768,7.10566642251689E-14));
#1422=CARTESIAN_POINT('Ctrl Pts',(-2.38547016783193,169.560966928768,-2.38547016783182));
#1423=CARTESIAN_POINT('Ctrl Pts',(-3.57599701924453E-14,169.560966928768,
-2.38547016783186));
#1424=CARTESIAN_POINT('Ctrl Pts',(2.38547016783186,169.560966928768,-2.3854701678319));
#1425=CARTESIAN_POINT('Ctrl Pts',(2.3854701678319,169.560966928768,-4.63276159721643E-16));
#1426=CARTESIAN_POINT('Ctrl Pts',(2.36119682365321,169.780866009929,-4.66248787046942E-16));
#1427=CARTESIAN_POINT('Ctrl Pts',(2.36119682365324,169.780866009929,2.36119682365321));
#1428=CARTESIAN_POINT('Ctrl Pts',(3.57629428197706E-14,169.780866009929,
2.36119682365324));
#1429=CARTESIAN_POINT('Ctrl Pts',(-2.36119682365317,169.780866009929,2.36119682365328));
#1430=CARTESIAN_POINT('Ctrl Pts',(-2.36119682365321,169.780866009929,7.10596368524942E-14));
#1431=CARTESIAN_POINT('Ctrl Pts',(-2.36119682365324,169.780866009929,-2.36119682365313));
#1432=CARTESIAN_POINT('Ctrl Pts',(-3.57629428197706E-14,169.780866009929,
-2.36119682365317));
#1433=CARTESIAN_POINT('Ctrl Pts',(2.36119682365317,169.780866009929,-2.36119682365321));
#1434=CARTESIAN_POINT('Ctrl Pts',(2.36119682365321,169.780866009929,-4.66248787046942E-16));
#1435=CARTESIAN_POINT('Ctrl Pts',(2.33681403776377,170.000002832446,-4.69234817116323E-16));
#1436=CARTESIAN_POINT('Ctrl Pts',(2.3368140377638,170.000002832446,2.33681403776376));
#1437=CARTESIAN_POINT('Ctrl Pts',(3.57659288498399E-14,170.000002832446,
2.3368140377638));
#1438=CARTESIAN_POINT('Ctrl Pts',(-2.33681403776373,170.000002832446,2.33681403776384));
#1439=CARTESIAN_POINT('Ctrl Pts',(-2.33681403776377,170.000002832446,7.10626228825636E-14));
#1440=CARTESIAN_POINT('Ctrl Pts',(-2.3368140377638,170.000002832446,-2.33681403776369));
#1441=CARTESIAN_POINT('Ctrl Pts',(-3.57659288498399E-14,170.000002832446,
-2.33681403776373));
#1442=CARTESIAN_POINT('Ctrl Pts',(2.33681403776373,170.000002832446,-2.33681403776377));
#1443=CARTESIAN_POINT('Ctrl Pts',(2.33681403776377,170.000002832446,-4.69234817116323E-16));
#1444=CARTESIAN_POINT('',(-2.33681403790015,170.000002831221,2.86177183171702E-16));
#1445=CARTESIAN_POINT('',(-2.40963206008454,169.340376097603,-2.95094818950538E-16));
#1446=CARTESIAN_POINT('Ctrl Pts',(-2.40963206038359,169.340376097636,-3.23022773485475E-16));
#1447=CARTESIAN_POINT('Ctrl Pts',(-2.38547016834293,169.560966927436,-3.20063795110581E-16));
#1448=CARTESIAN_POINT('Ctrl Pts',(-2.36119682426679,169.780866008249,-3.17091167797836E-16));
#1449=CARTESIAN_POINT('Ctrl Pts',(-2.33681403838338,170.000002831274,-3.14105137729195E-16));
#1450=CARTESIAN_POINT('',(2.40963206008454,169.340376097603,-4.60317181320785E-16));
#1451=CARTESIAN_POINT('Origin',(0.,169.340376097603,3.52966940327236E-14));
#1452=CARTESIAN_POINT('',(2.33681403790015,170.000002831221,1.50315343297182E-15));
#1453=CARTESIAN_POINT('Ctrl Pts',(2.33681403776377,170.000002832446,-5.63852627630447E-16));
#1454=CARTESIAN_POINT('Ctrl Pts',(2.3611968236532,169.780866009929,-5.68525917711427E-16));
#1455=CARTESIAN_POINT('Ctrl Pts',(2.38547016783189,169.560966928769,2.9240768884594E-16));
#1456=CARTESIAN_POINT('Ctrl Pts',(2.40963206008454,169.340376097603,2.95094818954687E-16));
#1457=CARTESIAN_POINT('Origin',(0.,170.000002831221,0.));
#1458=CARTESIAN_POINT('Origin',(0.,169.670192086085,3.52966940327236E-14));
#1459=CARTESIAN_POINT('',(-1.75,170.000002831221,-2.14313189850787E-16));
#1460=CARTESIAN_POINT('',(-2.07981607160254,169.670192086085,3.0246410689135E-14));
#1461=CARTESIAN_POINT('',(1.75,170.000002831221,7.10542702011133E-14));
#1462=CARTESIAN_POINT('Origin',(0.,170.000002831221,0.));
#1463=CARTESIAN_POINT('Origin',(0.,170.000002831221,0.));
#1464=CARTESIAN_POINT('Ctrl Pts',(2.40963100992235,169.340375982574,9.02055436827802E-16));
#1465=CARTESIAN_POINT('Ctrl Pts',(2.40963100992235,169.340375982574,-0.0607242968677518));
#1466=CARTESIAN_POINT('Ctrl Pts',(2.40733363197724,169.340375982574,-0.122403218253049));
#1467=CARTESIAN_POINT('Ctrl Pts',(2.40253433926045,169.340375982573,-0.184798140294807));
#1468=CARTESIAN_POINT('Ctrl Pts',(2.39781872228086,169.340375982573,-0.246105205977839));
#1469=CARTESIAN_POINT('Ctrl Pts',(2.39068707442167,169.340375982572,-0.30810323865588));
#1470=CARTESIAN_POINT('Ctrl Pts',(2.38097326495548,169.34037598257,-0.370523839391566));
#1471=CARTESIAN_POINT('Ctrl Pts',(2.37141037249736,169.340375982569,-0.431974652698483));
#1472=CARTESIAN_POINT('Ctrl Pts',(2.35934439894502,169.340375982567,-0.493834598544676));
#1473=CARTESIAN_POINT('Ctrl Pts',(2.34465244608395,169.340375982565,-0.555811578753492));
#1474=CARTESIAN_POINT('Ctrl Pts',(2.33016054578831,169.340375982563,-0.6169446511438));
#1475=CARTESIAN_POINT('Ctrl Pts',(2.31311325463512,169.340375982561,-0.678191077419053));
#1476=CARTESIAN_POINT('Ctrl Pts',(2.29343472510642,169.340375982558,-0.739242021058879));
#1477=CARTESIAN_POINT('Ctrl Pts',(2.27398599871781,169.340375982555,-0.799580020241492));
#1478=CARTESIAN_POINT('Ctrl Pts',(2.25196680788454,169.340375982552,-0.85972647415793));
#1479=CARTESIAN_POINT('Ctrl Pts',(2.22735098531427,169.340375982549,-0.919363471249349));
#1480=CARTESIAN_POINT('Ctrl Pts',(2.20297450534595,169.340375982545,-0.978420610648994));
#1481=CARTESIAN_POINT('Ctrl Pts',(2.17605145535198,169.340375982541,-1.03697749027781));
#1482=CARTESIAN_POINT('Ctrl Pts',(2.14660664534426,169.340375982537,-1.09471526628727));
#1483=CARTESIAN_POINT('Ctrl Pts',(2.11739018043492,169.340375982533,-1.15200528467357));
#1484=CARTESIAN_POINT('Ctrl Pts',(2.08569087492487,169.340375982529,-1.20848816298027));
#1485=CARTESIAN_POINT('Ctrl Pts',(2.05158438340515,169.340375982524,-1.26385249213762));
#1486=CARTESIAN_POINT('Ctrl Pts',(2.01626516375933,169.340375982519,-1.32118541660218));
#1487=CARTESIAN_POINT('Ctrl Pts',(1.97836426816775,169.340375982514,-1.3773179578571));
#1488=CARTESIAN_POINT('Ctrl Pts',(1.93802398589657,169.340375982508,-1.43191642013307));
#1489=CARTESIAN_POINT('Ctrl Pts',(1.89894433744637,169.340375982503,-1.48480868046291));
#1490=CARTESIAN_POINT('Ctrl Pts',(1.85757591173282,169.340375982497,-1.53626062514797));
#1491=CARTESIAN_POINT('Ctrl Pts',(1.81409873947555,169.340375982491,-1.58599097337818));
#1492=CARTESIAN_POINT('Ctrl Pts',(1.77121830474841,169.340375982485,-1.63503875731925));
#1493=CARTESIAN_POINT('Ctrl Pts',(1.72628710789568,169.340375982478,-1.68241134974181));
#1494=CARTESIAN_POINT('Ctrl Pts',(1.67952061603857,169.340375982472,-1.7278692382689));
#1495=CARTESIAN_POINT('Ctrl Pts',(1.63269808968585,169.340375982465,-1.77338159335431));
#1496=CARTESIAN_POINT('Ctrl Pts',(1.58403638313341,169.340375982458,-1.81697416600384));
#1497=CARTESIAN_POINT('Ctrl Pts',(1.53378746869415,169.340375982451,-1.85844494273741));
#1498=CARTESIAN_POINT('Ctrl Pts',(1.48338171469266,169.340375982444,-1.90004516024678));
#1499=CARTESIAN_POINT('Ctrl Pts',(1.43137944160206,169.340375982437,-1.93950995079411));
#1500=CARTESIAN_POINT('Ctrl Pts',(1.37806241689878,169.340375982429,-1.97668044445713));
#1501=CARTESIAN_POINT('Ctrl Pts',(1.3244767204455,169.340375982422,-2.01403824530085));
#1502=CARTESIAN_POINT('Ctrl Pts',(1.26956366807421,169.340375982414,-2.04907834510431));
#1503=CARTESIAN_POINT('Ctrl Pts',(1.2136271999928,169.340375982406,-2.08168936776546));
#1504=CARTESIAN_POINT('Ctrl Pts',(1.15730203399324,169.340375982398,-2.11452700174212));
#1505=CARTESIAN_POINT('Ctrl Pts',(1.09993989252248,169.34037598239,-2.14490161235735));
#1506=CARTESIAN_POINT('Ctrl Pts',(1.04185862924753,169.340375982382,-2.17275221807672));
#1507=CARTESIAN_POINT('Ctrl Pts',(0.983263478214145,169.340375982374,-2.20084923863863));
#1508=CARTESIAN_POINT('Ctrl Pts',(0.923937134804997,169.340375982365,-2.22637747986173));
#1509=CARTESIAN_POINT('Ctrl Pts',(0.864202772475676,169.340375982357,-2.249327715698));
#1510=CARTESIAN_POINT('Ctrl Pts',(0.803827292424821,169.340375982348,-2.27252427211649));
#1511=CARTESIAN_POINT('Ctrl Pts',(0.743035662032023,169.34037598234,-2.29308742570776));
#1512=CARTESIAN_POINT('Ctrl Pts',(0.682147759127538,169.340375982331,-2.31105950579982));
#1513=CARTESIAN_POINT('Ctrl Pts',(0.620492579184135,169.340375982323,-2.32925806050733));
#1514=CARTESIAN_POINT('Ctrl Pts',(0.558739289672365,169.340375982314,-2.34480020383814));
#1515=CARTESIAN_POINT('Ctrl Pts',(0.497196141421467,169.340375982305,-2.35777810695912));
#1516=CARTESIAN_POINT('Ctrl Pts',(0.43476362281752,169.340375982297,-2.37094355593383));
#1517=CARTESIAN_POINT('Ctrl Pts',(0.372547870146234,169.340375982288,-2.38147061093125));
#1518=CARTESIAN_POINT('Ctrl Pts',(0.310837742658785,169.340375982279,-2.38949816959736));
#1519=CARTESIAN_POINT('Ctrl Pts',(0.248123003333634,169.34037598227,-2.39765641314118));
#1520=CARTESIAN_POINT('Ctrl Pts',(0.185930873653384,169.340375982262,-2.40323370324981));
#1521=CARTESIAN_POINT('Ctrl Pts',(0.124523869268126,169.340375982253,-2.40641131372487));
#1522=CARTESIAN_POINT('Ctrl Pts',(0.0870256166365357,169.340375982248,-2.40835172494589));
#1523=CARTESIAN_POINT('Ctrl Pts',(0.0498193052306364,169.340375982243,-2.4093979608791));
#1524=CARTESIAN_POINT('Ctrl Pts',(0.0129566831825765,169.340375982237,-2.4095961755538));
#1525=CARTESIAN_POINT('Ctrl Pts',(0.00810187871494196,169.340375982237,
-2.4096222804111));
#1526=CARTESIAN_POINT('Ctrl Pts',(0.0032552400857827,169.340375982236,-2.40963368306701));
#1527=CARTESIAN_POINT('Ctrl Pts',(-0.00159019721558415,169.340375982235,
-2.40963048539831));
#1528=CARTESIAN_POINT('Ctrl Pts',(-0.0623214834915092,169.340375982227,
-2.40959040675908));
#1529=CARTESIAN_POINT('Ctrl Pts',(-0.124005207614794,169.340375982218,-2.40725178782297));
#1530=CARTESIAN_POINT('Ctrl Pts',(-0.186402463286636,169.340375982209,-2.40241039929451));
#1531=CARTESIAN_POINT('Ctrl Pts',(-0.247728021790112,169.340375982201,-2.39765216349963));
#1532=CARTESIAN_POINT('Ctrl Pts',(-0.309742528009997,169.340375982192,-2.39047579323751));
#1533=CARTESIAN_POINT('Ctrl Pts',(-0.372177144043074,169.340375982183,-2.38071539216255));
#1534=CARTESIAN_POINT('Ctrl Pts',(-0.433654151446714,169.340375982175,-2.37110469400705));
#1535=CARTESIAN_POINT('Ctrl Pts',(-0.495538072509428,169.340375982166,-2.35898809145549));
#1536=CARTESIAN_POINT('Ctrl Pts',(-0.557536236179422,169.340375982157,-2.34424293759083));
#1537=CARTESIAN_POINT('Ctrl Pts',(-0.620598198392515,169.340375982148,-2.32924477827777));
#1538=CARTESIAN_POINT('Ctrl Pts',(-0.683777941661903,169.340375982139,-2.31152636241376));
#1539=CARTESIAN_POINT('Ctrl Pts',(-0.746735829926342,169.340375982131,-2.2910057192144));
#1540=CARTESIAN_POINT('Ctrl Pts',(-0.806811583834944,169.340375982122,-2.27142448571253));
#1541=CARTESIAN_POINT('Ctrl Pts',(-0.86668458857944,169.340375982114,-2.24929167065421));
#1542=CARTESIAN_POINT('Ctrl Pts',(-0.926040211672905,169.340375982105,-2.22458336135135));
#1543=CARTESIAN_POINT('Ctrl Pts',(-0.984890122908235,169.340375982097,-2.20008556765523));
#1544=CARTESIAN_POINT('Ctrl Pts',(-1.04323077890851,169.340375982089,-2.17305579053951));
#1545=CARTESIAN_POINT('Ctrl Pts',(-1.10074588721749,169.340375982081,-2.14352049140569));
#1546=CARTESIAN_POINT('Ctrl Pts',(-1.15787380441818,169.340375982073,-2.11418402359709));
#1547=CARTESIAN_POINT('Ctrl Pts',(-1.21418656610835,169.340375982065,-2.08237561054674));
#1548=CARTESIAN_POINT('Ctrl Pts',(-1.26937465998197,169.340375982057,-2.04817225300059));
#1549=CARTESIAN_POINT('Ctrl Pts',(-1.32429048401248,169.340375982049,-2.01413763733587));
#1550=CARTESIAN_POINT('Ctrl Pts',(-1.37809202454417,169.340375982042,-1.9777317567692));
#1551=CARTESIAN_POINT('Ctrl Pts',(-1.43048501565563,169.340375982034,-1.93908076815054));
#1552=CARTESIAN_POINT('Ctrl Pts',(-1.48271416589143,169.340375982027,-1.90055064706942));
#1553=CARTESIAN_POINT('Ctrl Pts',(-1.53354291187964,169.34037598202,-1.85978969348803));
#1554=CARTESIAN_POINT('Ctrl Pts',(-1.5827004087064,169.340375982013,-1.81697028642862));
#1555=CARTESIAN_POINT('Ctrl Pts',(-1.63179322777999,169.340375982006,-1.7742072179385));
#1556=CARTESIAN_POINT('Ctrl Pts',(-1.67921861049253,169.340375981999,-1.72939150339799));
#1557=CARTESIAN_POINT('Ctrl Pts',(-1.72473669970976,169.340375981993,-1.68273733012961));
#1558=CARTESIAN_POINT('Ctrl Pts',(-1.77027745490707,169.340375981987,-1.63605992516192));
#1559=CARTESIAN_POINT('Ctrl Pts',(-1.81390853332194,169.340375981981,-1.58754274416104));
#1560=CARTESIAN_POINT('Ctrl Pts',(-1.85542772834882,169.340375981975,-1.53743603133953));
#1561=CARTESIAN_POINT('Ctrl Pts',(-1.89704287379666,169.340375981969,-1.48721352243418));
#1562=CARTESIAN_POINT('Ctrl Pts',(-1.9365360040677,169.340375981963,-1.43539473486132));
#1563=CARTESIAN_POINT('Ctrl Pts',(-1.97374806353818,169.340375981958,-1.38225908834435));
#1564=CARTESIAN_POINT('Ctrl Pts',(-2.01125799817111,169.340375981953,-1.32869810150593));
#1565=CARTESIAN_POINT('Ctrl Pts',(-2.04644994475907,169.340375981948,-1.27379975843022));
#1566=CARTESIAN_POINT('Ctrl Pts',(-2.07921092896769,169.340375981943,-1.21786843235727));
#1567=CARTESIAN_POINT('Ctrl Pts',(-2.11217280561183,169.340375981939,-1.16159413184114));
#1568=CARTESIAN_POINT('Ctrl Pts',(-2.14267374740388,169.340375981934,-1.10427485596588));
#1569=CARTESIAN_POINT('Ctrl Pts',(-2.17065144339712,169.34037598193,-1.04622842485925));
#1570=CARTESIAN_POINT('Ctrl Pts',(-2.19884533633753,169.340375981926,-0.987733441405715));
#1571=CARTESIAN_POINT('Ctrl Pts',(-2.22447692799846,169.340375981923,-0.928500730199692));
#1572=CARTESIAN_POINT('Ctrl Pts',(-2.24753569989747,169.34037598192,-0.868852624684331));
#1573=CARTESIAN_POINT('Ctrl Pts',(-2.2708092075673,169.340375981916,-0.808649043709485));
#1574=CARTESIAN_POINT('Ctrl Pts',(-2.29146199693959,169.340375981913,-0.748022962033439));
#1575=CARTESIAN_POINT('Ctrl Pts',(-2.30953475885629,169.340375981911,-0.687292371114701));
#1576=CARTESIAN_POINT('Ctrl Pts',(-2.32793796452909,169.340375981908,-0.625451377443675));
#1577=CARTESIAN_POINT('Ctrl Pts',(-2.34366626406747,169.340375981906,-0.563502652284287));
#1578=CARTESIAN_POINT('Ctrl Pts',(-2.35681149971425,169.340375981904,-0.501758069780969));
#1579=CARTESIAN_POINT('Ctrl Pts',(-2.37010020826778,169.340375981902,-0.439339579637956));
#1580=CARTESIAN_POINT('Ctrl Pts',(-2.3807496785774,169.340375981901,-0.377130206465187));
#1581=CARTESIAN_POINT('Ctrl Pts',(-2.38889770254987,169.3403759819,-0.315419359804826));
#1582=CARTESIAN_POINT('Ctrl Pts',(-2.39721192149933,169.340375981899,-0.252449799034774));
#1583=CARTESIAN_POINT('Ctrl Pts',(-2.40292217848353,169.340375981898,-0.189999732839223));
#1584=CARTESIAN_POINT('Ctrl Pts',(-2.40621104505144,169.340375981897,-0.12833554638805));
#1585=CARTESIAN_POINT('Ctrl Pts',(-2.4085145529353,169.340375981897,-0.0851462175695186));
#1586=CARTESIAN_POINT('Ctrl Pts',(-2.4096310102992,169.340375981897,-0.0423415195750386));
#1587=CARTESIAN_POINT('Ctrl Pts',(-2.4096310102992,169.340375981897,-1.02846486481944E-15));
#1588=CARTESIAN_POINT('Origin',(0.,175.000002831221,0.));
#1589=CARTESIAN_POINT('',(-2.33681403790015,175.000002831221,2.86177183171702E-16));
#1590=CARTESIAN_POINT('',(-2.33681403790015,175.000002831221,-2.86177183171702E-16));
#1591=CARTESIAN_POINT('',(2.33681403790015,175.000002831221,2.86177183171702E-16));
#1592=CARTESIAN_POINT('',(2.33681403790015,175.000002831221,2.86177183171702E-16));
#1593=CARTESIAN_POINT('Origin',(0.,175.000002831221,0.));
#1594=CARTESIAN_POINT('Origin',(0.,175.000002831221,0.));
#1595=CARTESIAN_POINT('',(3.75777433383261,175.000002831221,0.));
#1596=CARTESIAN_POINT('',(-2.87262652116262,175.000002831221,-3.5179528742876E-16));
#1597=CARTESIAN_POINT('',(-3.75777433383261,175.000002831221,-4.60194630984618E-16));
#1598=CARTESIAN_POINT('Ctrl Pts',(-3.7577743338326,175.000002831221,-2.08166817117217E-16));
#1599=CARTESIAN_POINT('Ctrl Pts',(-3.7577743338326,175.000002831221,-0.260562788155757));
#1600=CARTESIAN_POINT('Ctrl Pts',(-3.73067333180053,175.000002831221,-0.520420408876194));
#1601=CARTESIAN_POINT('Ctrl Pts',(-3.62314471472964,175.000002831221,-1.03033163918675));
#1602=CARTESIAN_POINT('Ctrl Pts',(-3.54300810701254,175.000002831221,-1.27900526356462));
#1603=CARTESIAN_POINT('Ctrl Pts',(-3.24020798901397,175.000002831221,-1.96503235696287));
#1604=CARTESIAN_POINT('Ctrl Pts',(-2.95707522843173,175.000002831221,-2.3698113995372));
#1605=CARTESIAN_POINT('Ctrl Pts',(-2.25158849377029,175.000002831221,-3.04805663180694));
#1606=CARTESIAN_POINT('Ctrl Pts',(-1.83597935739445,175.000002831221,-3.31503842740963));
#1607=CARTESIAN_POINT('Ctrl Pts',(-0.92581633065767,175.000002831221,-3.6746651681301));
#1608=CARTESIAN_POINT('Ctrl Pts',(-0.43996409490952,175.000002831221,-3.76387188559487));
#1609=CARTESIAN_POINT('Ctrl Pts',(0.5385874903718,175.000002831221,-3.75102965746687));
#1610=CARTESIAN_POINT('Ctrl Pts',(1.02193135339786,175.000002831221,-3.64910349057456));
#1611=CARTESIAN_POINT('Ctrl Pts',(1.92234326680426,175.000002831221,-3.26571528773611));
#1612=CARTESIAN_POINT('Ctrl Pts',(2.33080288853003,175.000002831221,-2.98791865197182));
#1613=CARTESIAN_POINT('Ctrl Pts',(3.01824752740415,175.000002831221,-2.29139299102091));
#1614=CARTESIAN_POINT('Ctrl Pts',(3.2906601991186,175.000002831221,-1.87932313078879));
#1615=CARTESIAN_POINT('Ctrl Pts',(3.66219966221876,175.000002831221,-0.973957704433711));
#1616=CARTESIAN_POINT('Ctrl Pts',(3.75777433383261,175.000002831221,-0.489317925248983));
#1617=CARTESIAN_POINT('Ctrl Pts',(3.75777433383261,175.000002831221,1.38777878078145E-16));
#1618=CARTESIAN_POINT('',(-2.87262652116262,175.000002831221,0.));
#1619=CARTESIAN_POINT('',(-1.75,175.000002831221,-2.14313189850787E-16));
#1620=CARTESIAN_POINT('Origin',(0.,175.000002831221,0.));
#1621=CARTESIAN_POINT('Origin',(-5.74525304232525,129.860409940912,-7.0359057485752E-16));
#1622=CARTESIAN_POINT('',(8.00000014901161,89.8114120270399,6.69350915529927E-16));
#1623=CARTESIAN_POINT('Ctrl Pts',(2.40963206008454,169.340376097603,2.95094818954719E-16));
#1624=CARTESIAN_POINT('Ctrl Pts',(3.0200009775874,163.7678909039,3.6984345306661E-16));
#1625=CARTESIAN_POINT('Ctrl Pts',(3.55905445938013,157.753944212146,1.01311465108227E-15));
#1626=CARTESIAN_POINT('Ctrl Pts',(5.59512809611091,133.050918007734,1.26246175728734E-15));
#1627=CARTESIAN_POINT('Ctrl Pts',(6.98735617657467,109.088269912195,1.43351623060129E-15));
#1628=CARTESIAN_POINT('Ctrl Pts',(8.00000014901161,89.8114120270399,1.55752935055336E-15));
#1629=CARTESIAN_POINT('',(7.99999999999991,70.0000000000309,0.));
#1630=CARTESIAN_POINT('',(8.00000014901161,79.90570601352,9.79717457566542E-16));
#1631=CARTESIAN_POINT('',(8.99721969865092,70.0000010426171,0.));
#1632=CARTESIAN_POINT('',(7.99999999999991,70.0000000000309,0.));
#1633=CARTESIAN_POINT('',(10.0000001490116,70.,0.));
#1634=CARTESIAN_POINT('',(2.99762652116262,70.,0.));
#1635=CARTESIAN_POINT('',(10.0000001490116,89.8639011660218,0.));
#1636=CARTESIAN_POINT('',(10.0000001490116,70.5000010505319,1.22464681739601E-15));
#1637=CARTESIAN_POINT('Ctrl Pts',(10.0000001490116,89.8639011660218,0.));
#1638=CARTESIAN_POINT('Ctrl Pts',(9.76000014543717,94.4336717461899,0.));
#1639=CARTESIAN_POINT('Ctrl Pts',(9.08000013530768,107.044652654785,0.));
#1640=CARTESIAN_POINT('Ctrl Pts',(7.9600001186221,126.238147130859,0.));
#1641=CARTESIAN_POINT('Ctrl Pts',(6.71155495558645,144.684934220185,0.));
#1642=CARTESIAN_POINT('Ctrl Pts',(5.46310979254903,159.658476780339,0.));
#1643=CARTESIAN_POINT('Ctrl Pts',(4.45466463308625,169.332577144203,0.));
#1644=CARTESIAN_POINT('Ctrl Pts',(3.88621948018032,173.988870117724,0.));
#1645=CARTESIAN_POINT('Ctrl Pts',(3.75777433383163,175.000002831228,0.));
#1646=CARTESIAN_POINT('Origin',(0.,175.000002831221,0.));
#1647=CARTESIAN_POINT('',(-1.75,175.000002831221,-2.14313189850787E-16));
#1648=CARTESIAN_POINT('Ctrl Pts',(-2.91146884379145E-9,188.710851195719,
1.32839539898365E-16));
#1649=CARTESIAN_POINT('Ctrl Pts',(-2.91146883743536E-9,188.710851195719,
2.12609498431256E-16));
#1650=CARTESIAN_POINT('Ctrl Pts',(-2.9114687576654E-9,188.710851195719,
2.06253406993242E-16));
#1651=CARTESIAN_POINT('Ctrl Pts',(-2.91146867789545E-9,188.710851195719,
1.99897315555228E-16));
#1652=CARTESIAN_POINT('Ctrl Pts',(-2.91146868425154E-9,188.710851195719,
1.20127357022337E-16));
#1653=CARTESIAN_POINT('Ctrl Pts',(-2.91146869060763E-9,188.710851195719,
4.03573984894466E-17));
#1654=CARTESIAN_POINT('Ctrl Pts',(-2.91146877037759E-9,188.710851195719,
4.67134899274605E-17));
#1655=CARTESIAN_POINT('Ctrl Pts',(-2.91146885014755E-9,188.710851195719,
5.30695813654745E-17));
#1656=CARTESIAN_POINT('Ctrl Pts',(-2.91146884379145E-9,188.710851195719,
1.32839539898365E-16));
#1657=CARTESIAN_POINT('Ctrl Pts',(0.591239493512425,184.056556243017,1.72425110480987E-16));
#1658=CARTESIAN_POINT('Ctrl Pts',(0.591239493512425,184.056556243017,-0.591239495769607));
#1659=CARTESIAN_POINT('Ctrl Pts',(-2.25718193392249E-9,184.056556242934,
-0.591239495769607));
#1660=CARTESIAN_POINT('Ctrl Pts',(-0.591239498026789,184.056556242851,-0.591239495769607));
#1661=CARTESIAN_POINT('Ctrl Pts',(-0.591239498026789,184.056556242851,8.05417864397153E-17));
#1662=CARTESIAN_POINT('Ctrl Pts',(-0.591239498026789,184.056556242851,0.591239495769607));
#1663=CARTESIAN_POINT('Ctrl Pts',(-2.25718202580581E-9,184.056556242934,
0.591239495769607));
#1664=CARTESIAN_POINT('Ctrl Pts',(0.591239493512425,184.056556243017,0.591239495769607));
#1665=CARTESIAN_POINT('Ctrl Pts',(0.591239493512425,184.056556243017,1.72425110480987E-16));
#1666=CARTESIAN_POINT('Ctrl Pts',(1.18247898993632,179.402261290314,2.1201068106361E-16));
#1667=CARTESIAN_POINT('Ctrl Pts',(1.18247898993632,179.402261290314,-1.18247899153922));
#1668=CARTESIAN_POINT('Ctrl Pts',(-1.60289511017958E-9,179.402261290148,
-1.18247899153922));
#1669=CARTESIAN_POINT('Ctrl Pts',(-1.18247899314211,179.402261289982,-1.18247899153922));
#1670=CARTESIAN_POINT('Ctrl Pts',(-1.18247899314211,179.402261289982,4.09562158570931E-17));
#1671=CARTESIAN_POINT('Ctrl Pts',(-1.18247899314211,179.402261289982,1.18247899153922));
#1672=CARTESIAN_POINT('Ctrl Pts',(-1.60289528123404E-9,179.402261290148,
1.18247899153922));
#1673=CARTESIAN_POINT('Ctrl Pts',(1.18247898993632,179.402261290314,1.18247899153922));
#1674=CARTESIAN_POINT('Ctrl Pts',(1.18247898993632,179.402261290314,2.1201068106361E-16));
#1675=CARTESIAN_POINT('Ctrl Pts',(1.77371848636022,174.747966337612,2.51596251646232E-16));
#1676=CARTESIAN_POINT('Ctrl Pts',(1.77371848636022,174.747966337612,-1.77371848730882));
#1677=CARTESIAN_POINT('Ctrl Pts',(-9.4860828643666E-10,174.747966337362,
-1.77371848730882));
#1678=CARTESIAN_POINT('Ctrl Pts',(-1.77371848825743,174.747966337113,-1.77371848730882));
#1679=CARTESIAN_POINT('Ctrl Pts',(-1.77371848825743,174.747966337113,1.37064527447092E-18));
#1680=CARTESIAN_POINT('Ctrl Pts',(-1.77371848825743,174.747966337113,1.77371848730882));
#1681=CARTESIAN_POINT('Ctrl Pts',(-9.48608536662266E-10,174.747966337362,
1.77371848730882));
#1682=CARTESIAN_POINT('Ctrl Pts',(1.77371848636022,174.747966337612,1.77371848730882));
#1683=CARTESIAN_POINT('Ctrl Pts',(1.77371848636022,174.747966337612,2.51596251646232E-16));
#1684=CARTESIAN_POINT('Ctrl Pts',(2.03338448977256,172.703850245266,2.69121250466247E-16));
#1685=CARTESIAN_POINT('Ctrl Pts',(2.03338448977256,172.703850245266,-2.03338449043381));
#1686=CARTESIAN_POINT('Ctrl Pts',(-6.61252577427472E-10,172.70385024498,
-2.03338449043381));
#1687=CARTESIAN_POINT('Ctrl Pts',(-2.03338449109506,172.703850244694,-2.03338449043381));
#1688=CARTESIAN_POINT('Ctrl Pts',(-2.03338449109507,172.703850244694,-1.61543535455444E-17));
#1689=CARTESIAN_POINT('Ctrl Pts',(-2.03338449109506,172.703850244694,2.03338449043381));
#1690=CARTESIAN_POINT('Ctrl Pts',(-6.61252862703076E-10,172.70385024498,
2.03338449043381));
#1691=CARTESIAN_POINT('Ctrl Pts',(2.03338448977256,172.703850245266,2.03338449043381));
#1692=CARTESIAN_POINT('Ctrl Pts',(2.03338448977256,172.703850245266,2.69121250466247E-16));
#1693=CARTESIAN_POINT('Ctrl Pts',(2.29366058734623,170.45211471325,2.86646249286258E-16));
#1694=CARTESIAN_POINT('Ctrl Pts',(2.29366058734623,170.45211471325,-2.29366058769094));
#1695=CARTESIAN_POINT('Ctrl Pts',(-3.44710352116973E-10,170.452114712927,
-2.29366058769094));
#1696=CARTESIAN_POINT('Ctrl Pts',(-2.29366058803565,170.452114712605,-2.29366058769094));
#1697=CARTESIAN_POINT('Ctrl Pts',(-2.29366058803565,170.452114712605,-3.36793523655553E-17));
#1698=CARTESIAN_POINT('Ctrl Pts',(-2.29366058803565,170.452114712605,2.29366058769094));
#1699=CARTESIAN_POINT('Ctrl Pts',(-3.44710672442575E-10,170.452114712927,
2.29366058769094));
#1700=CARTESIAN_POINT('Ctrl Pts',(2.29366058734623,170.45211471325,2.29366058769094));
#1701=CARTESIAN_POINT('Ctrl Pts',(2.29366058734623,170.45211471325,2.86646249286258E-16));
#1702=CARTESIAN_POINT('Ctrl Pts',(2.55421640548366,168.000002831221,3.04171248106265E-16));
#1703=CARTESIAN_POINT('Ctrl Pts',(2.55421640548366,168.000002831221,-2.55421640548366));
#1704=CARTESIAN_POINT('Ctrl Pts',(1.77738280927734E-16,168.000002830862,
-2.55421640548366));
#1705=CARTESIAN_POINT('Ctrl Pts',(-2.55421640548366,168.000002830502,-2.55421640548366));
#1706=CARTESIAN_POINT('Ctrl Pts',(-2.55421640548366,168.000002830502,-5.12043511855625E-17));
#1707=CARTESIAN_POINT('Ctrl Pts',(-2.55421640548366,168.000002830502,2.55421640548366));
#1708=CARTESIAN_POINT('Ctrl Pts',(-1.77637318364093E-16,168.000002830862,
2.55421640548366));
#1709=CARTESIAN_POINT('Ctrl Pts',(2.55421640548366,168.000002831221,2.55421640548366));
#1710=CARTESIAN_POINT('Ctrl Pts',(2.55421640548366,168.000002831221,3.04171248106265E-16));
#1711=CARTESIAN_POINT('Ctrl Pts',(3.62532318309897,157.919730300414,3.76213949543501E-16));
#1712=CARTESIAN_POINT('Ctrl Pts',(3.62532318309897,157.919730300414,-3.62532318168192));
#1713=CARTESIAN_POINT('Ctrl Pts',(1.41705464032017E-9,157.919730299905,
-3.62532318168192));
#1714=CARTESIAN_POINT('Ctrl Pts',(-3.62532318026487,157.919730299395,-3.62532318168192));
#1715=CARTESIAN_POINT('Ctrl Pts',(-3.62532318026487,157.919730299395,-1.23247052622798E-16));
#1716=CARTESIAN_POINT('Ctrl Pts',(-3.62532318026487,157.919730299395,3.62532318168192));
#1717=CARTESIAN_POINT('Ctrl Pts',(1.41705414085917E-9,157.919730299905,
3.62532318168192));
#1718=CARTESIAN_POINT('Ctrl Pts',(3.62532318309897,157.919730300414,3.62532318168192));
#1719=CARTESIAN_POINT('Ctrl Pts',(3.62532318309897,157.919730300414,3.76213949543501E-16));
#1720=CARTESIAN_POINT('Ctrl Pts',(4.70151058125266,144.45205717056,4.48335458302775E-16));
#1721=CARTESIAN_POINT('Ctrl Pts',(4.70151058125266,144.45205717056,-4.70151057794236));
#1722=CARTESIAN_POINT('Ctrl Pts',(3.31029968975871E-9,144.4520571699,-4.70151057794236));
#1723=CARTESIAN_POINT('Ctrl Pts',(-4.70151057463206,144.452057169239,-4.70151057794236));
#1724=CARTESIAN_POINT('Ctrl Pts',(-4.70151057463206,144.452057169239,-1.95368561382072E-16));
#1725=CARTESIAN_POINT('Ctrl Pts',(-4.70151057463206,144.452057169239,4.70151057794236));
#1726=CARTESIAN_POINT('Ctrl Pts',(3.31029904605469E-9,144.4520571699,4.70151057794236));
#1727=CARTESIAN_POINT('Ctrl Pts',(4.70151058125266,144.45205717056,4.70151057794236));
#1728=CARTESIAN_POINT('Ctrl Pts',(4.70151058125266,144.45205717056,4.48335458302775E-16));
#1729=CARTESIAN_POINT('Ctrl Pts',(5.7770783074636,128.000763573359,5.20417563400872E-16));
#1730=CARTESIAN_POINT('Ctrl Pts',(5.7770783074636,128.000763573359,-5.77707830184062));
#1731=CARTESIAN_POINT('Ctrl Pts',(5.6229731296079E-9,128.000763572547,-5.77707830184062));
#1732=CARTESIAN_POINT('Ctrl Pts',(-5.77707829621765,128.000763571735,-5.77707830184062));
#1733=CARTESIAN_POINT('Ctrl Pts',(-5.77707829621765,128.000763571735,-2.67450666480169E-16));
#1734=CARTESIAN_POINT('Ctrl Pts',(-5.77707829621765,128.000763571735,5.77707830184062));
#1735=CARTESIAN_POINT('Ctrl Pts',(5.62297234173967E-9,128.000763572547,
5.77707830184062));
#1736=CARTESIAN_POINT('Ctrl Pts',(5.77707830746359,128.000763573359,5.77707830184062));
#1737=CARTESIAN_POINT('Ctrl Pts',(5.7770783074636,128.000763573359,5.20417563400872E-16));
#1738=CARTESIAN_POINT('Ctrl Pts',(6.51784425618561,116.670414203202,5.70062014110618E-16));
#1739=CARTESIAN_POINT('Ctrl Pts',(6.51784425618561,116.670414203202,-6.51784424896985));
#1740=CARTESIAN_POINT('Ctrl Pts',(7.21575961157986E-9,116.670414202286,
-6.51784424896985));
#1741=CARTESIAN_POINT('Ctrl Pts',(-6.51784424175409,116.67041420137,-6.51784424896985));
#1742=CARTESIAN_POINT('Ctrl Pts',(-6.5178442417541,116.67041420137,-3.17095117189915E-16));
#1743=CARTESIAN_POINT('Ctrl Pts',(-6.51784424175409,116.67041420137,6.51784424896985));
#1744=CARTESIAN_POINT('Ctrl Pts',(7.21575872442273E-9,116.670414202286,
6.51784424896985));
#1745=CARTESIAN_POINT('Ctrl Pts',(6.51784425618561,116.670414203202,6.51784424896985));
#1746=CARTESIAN_POINT('Ctrl Pts',(6.51784425618561,116.670414203202,5.70062014110618E-16));
#1747=CARTESIAN_POINT('Ctrl Pts',(7.25887658969423,103.919562489755,6.19706419094311E-16));
#1748=CARTESIAN_POINT('Ctrl Pts',(7.25887658969423,103.919562489755,-7.258876580686));
#1749=CARTESIAN_POINT('Ctrl Pts',(9.00823604004367E-9,103.919562488735,
-7.258876580686));
#1750=CARTESIAN_POINT('Ctrl Pts',(-7.25887657167776,103.919562487714,-7.258876580686));
#1751=CARTESIAN_POINT('Ctrl Pts',(-7.25887657167776,103.919562487714,-3.66739522173609E-16));
#1752=CARTESIAN_POINT('Ctrl Pts',(-7.25887657167776,103.919562487714,7.258876580686));
#1753=CARTESIAN_POINT('Ctrl Pts',(9.00823505359773E-9,103.919562488735,
7.258876580686));
#1754=CARTESIAN_POINT('Ctrl Pts',(7.25887658969423,103.919562489755,7.258876580686));
#1755=CARTESIAN_POINT('Ctrl Pts',(7.25887658969423,103.919562489755,6.19706419094311E-16));
#1756=CARTESIAN_POINT('Ctrl Pts',(8.00000014901161,89.8114120270399,6.69350915529928E-16));
#1757=CARTESIAN_POINT('Ctrl Pts',(8.00000014901161,89.8114120270399,-8.00000013802009));
#1758=CARTESIAN_POINT('Ctrl Pts',(1.09915174438708E-8,89.8114120259153,
-8.00000013802009));
#1759=CARTESIAN_POINT('Ctrl Pts',(-8.00000012702858,89.8114120247907,-8.00000013802009));
#1760=CARTESIAN_POINT('Ctrl Pts',(-8.00000012702858,89.8114120247907,-4.16384018609225E-16));
#1761=CARTESIAN_POINT('Ctrl Pts',(-8.00000012702858,89.8114120247907,8.00000013802009));
#1762=CARTESIAN_POINT('Ctrl Pts',(1.09915163581358E-8,89.8114120259153,
8.00000013802009));
#1763=CARTESIAN_POINT('Ctrl Pts',(8.00000014901161,89.8114120270399,8.00000013802009));
#1764=CARTESIAN_POINT('Ctrl Pts',(8.00000014901161,89.8114120270399,6.69350915529928E-16));
#1765=CARTESIAN_POINT('',(-8.00000012702858,89.8114120247907,-9.79717454874397E-16));
#1766=CARTESIAN_POINT('Ctrl Pts',(-8.00000012702857,89.8114120247907,-1.39610147482969E-15));
#1767=CARTESIAN_POINT('Ctrl Pts',(-6.98735616001139,109.088269910231,-1.27208835554135E-15));
#1768=CARTESIAN_POINT('Ctrl Pts',(-5.59512808628483,133.050918006161,-8.33333901230625E-16));
#1769=CARTESIAN_POINT('Ctrl Pts',(-3.5590544537409,157.753944244614,-5.839867955383E-16));
#1770=CARTESIAN_POINT('Ctrl Pts',(-3.02000099930351,163.767890694002,-4.66831835063396E-16));
#1771=CARTESIAN_POINT('Ctrl Pts',(-2.40963206038358,169.340376097636,-3.92083198328671E-16));
#1772=CARTESIAN_POINT('Origin',(1.09915169010033E-8,89.8114120259153,1.26483448460351E-16));
#1773=CARTESIAN_POINT('Origin',(-5.74525304232525,129.860409940912,-7.0359057485752E-16));
#1774=CARTESIAN_POINT('',(-10.0000001490116,89.8639011660218,-1.22464681739601E-15));
#1775=CARTESIAN_POINT('Ctrl Pts',(-3.75777433383163,175.000002831228,-4.60194630984499E-16));
#1776=CARTESIAN_POINT('Ctrl Pts',(-3.88621948018032,173.988870117724,-4.75924624718693E-16));
#1777=CARTESIAN_POINT('Ctrl Pts',(-4.45466463308625,169.332577144203,-5.45539078418399E-16));
#1778=CARTESIAN_POINT('Ctrl Pts',(-5.46310979254903,159.658476780339,-6.69037992083573E-16));
#1779=CARTESIAN_POINT('Ctrl Pts',(-6.71155495558645,144.684934220185,-8.2192842936605E-16));
#1780=CARTESIAN_POINT('Ctrl Pts',(-7.9600001186221,126.238147130859,-9.74818866648311E-16));
#1781=CARTESIAN_POINT('Ctrl Pts',(-9.08000013530768,107.044652654785,-1.11197931019621E-15));
#1782=CARTESIAN_POINT('Ctrl Pts',(-9.76000014543717,94.4336717461899,-1.19525529377873E-15));
#1783=CARTESIAN_POINT('Ctrl Pts',(-10.0000001490116,89.8639011660218,-1.22464681739601E-15));
#1784=CARTESIAN_POINT('',(-10.0000001490116,70.,-8.88159614956594E-16));
#1785=CARTESIAN_POINT('',(-10.0000001490116,70.5000010505319,-1.22464681739601E-15));
#1786=CARTESIAN_POINT('',(-8.99721969865092,70.,1.10184163051784E-15));
#1787=CARTESIAN_POINT('',(-3.40699874922625,70.,0.));
#1788=CARTESIAN_POINT('',(-7.99999999999991,70.0000000000309,-9.79717439317872E-16));
#1789=CARTESIAN_POINT('',(-7.99999999999991,70.0000000000309,-9.79717439317872E-16));
#1790=CARTESIAN_POINT('',(-8.00000012424355,79.9057060112708,-9.79717454533329E-16));
#1791=CARTESIAN_POINT('Origin',(1.23840312556243E-8,79.9057060123954,1.26483448460351E-16));
#1792=CARTESIAN_POINT('Origin',(-1.87767638144534E-16,70.0000000000309,
-1.11022302462516E-15));
#1793=CARTESIAN_POINT('Origin',(1.49999996647239,70.,9.88686012244611));
#1794=CARTESIAN_POINT('',(1.49999996647239,70.,8.87129992765294));
#1795=CARTESIAN_POINT('',(1.49999996647239,70.,9.88686012244611));
#1796=CARTESIAN_POINT('',(1.49999996647239,70.,10.4420095051813));
#1797=CARTESIAN_POINT('',(1.49999996647239,72.,8.87129992765294));
#1798=CARTESIAN_POINT('',(1.49999996647239,70.,8.87129992765294));
#1799=CARTESIAN_POINT('',(1.49999996647239,72.,9.88686012244611));
#1800=CARTESIAN_POINT('',(1.49999996647239,72.,8.59999980777502));
#1801=CARTESIAN_POINT('',(1.49999996647239,70.,9.88686012244611));
#1802=CARTESIAN_POINT('Origin',(-1.49999996647239,70.,8.87129992765294));
#1803=CARTESIAN_POINT('',(-1.49999996647239,70.,9.88686012244611));
#1804=CARTESIAN_POINT('',(-1.49999996647239,70.,8.87129992765294));
#1805=CARTESIAN_POINT('',(-1.49999996647239,70.,9.93422940778472));
#1806=CARTESIAN_POINT('',(-1.49999996647239,72.,9.88686012244611));
#1807=CARTESIAN_POINT('',(-1.49999996647239,70.,9.88686012244611));
#1808=CARTESIAN_POINT('',(-1.49999996647239,72.,8.87129992765294));
#1809=CARTESIAN_POINT('',(-1.49999996647239,72.,11.2999997474253));
#1810=CARTESIAN_POINT('',(-1.49999996647239,70.,8.87129992765294));
#1811=CARTESIAN_POINT('Origin',(-2.77555756156289E-16,72.,9.43565003833228));
#1812=CARTESIAN_POINT('Origin',(0.,72.,0.));
#1813=CARTESIAN_POINT('Origin',(0.,72.,0.));
#1814=CARTESIAN_POINT('Origin',(0.25,70.,10.9971588879165));
#1815=CARTESIAN_POINT('Origin',(0.,70.,0.));
#1816=CARTESIAN_POINT('Origin',(0.,70.,0.));
#1817=CARTESIAN_POINT('Origin',(0.25,70.,10.9971588879165));
#1818=CARTESIAN_POINT('Origin',(0.,70.,0.));
#1819=CARTESIAN_POINT('Origin',(0.,70.,0.));
#1820=CARTESIAN_POINT('Origin',(0.,0.,0.));
#1821=CARTESIAN_POINT('',(-8.99721969865092,0.,1.10184163051784E-15));
#1822=CARTESIAN_POINT('Origin',(0.,0.,0.));
#1823=CARTESIAN_POINT('',(-8.99721969865092,0.,1.10184163051784E-15));
#1824=CARTESIAN_POINT('Origin',(0.,70.,0.));
#1825=CARTESIAN_POINT('Origin',(-41.0000006109476,20.0000002980232,0.));
#1826=CARTESIAN_POINT('',(-41.0000006109476,0.,0.2));
#1827=CARTESIAN_POINT('',(-41.0000006109476,0.,-0.2));
#1828=CARTESIAN_POINT('',(-41.0000006109476,0.,0.));
#1829=CARTESIAN_POINT('',(-41.0000006109476,20.0000002980232,0.2));
#1830=CARTESIAN_POINT('',(-41.0000006109476,0.,0.2));
#1831=CARTESIAN_POINT('',(-41.0000006109476,20.0000002980232,-0.2));
#1832=CARTESIAN_POINT('',(-41.0000006109476,20.0000002980232,0.));
#1833=CARTESIAN_POINT('',(-41.0000006109476,0.,-0.2));
#1834=CARTESIAN_POINT('Origin',(41.0000006109476,0.,0.));
#1835=CARTESIAN_POINT('',(41.0000006109476,20.0000002980232,-0.2));
#1836=CARTESIAN_POINT('',(41.0000006109476,20.0000002980232,0.2));
#1837=CARTESIAN_POINT('',(41.0000006109476,20.0000002980232,0.));
#1838=CARTESIAN_POINT('',(41.0000006109476,0.,0.2));
#1839=CARTESIAN_POINT('',(41.0000006109476,0.,0.2));
#1840=CARTESIAN_POINT('',(41.0000006109476,0.,-0.2));
#1841=CARTESIAN_POINT('',(41.0000006109476,0.,0.));
#1842=CARTESIAN_POINT('',(41.0000006109476,0.,-0.2));
#1843=CARTESIAN_POINT('Origin',(0.,14.0000002086163,37.000000551343));
#1844=CARTESIAN_POINT('',(-0.2,0.,37.000000551343));
#1845=CARTESIAN_POINT('',(0.2,0.,37.000000551343));
#1846=CARTESIAN_POINT('',(0.,0.,37.000000551343));
#1847=CARTESIAN_POINT('',(0.2,14.0000002086163,37.000000551343));
#1848=CARTESIAN_POINT('',(0.2,0.,37.000000551343));
#1849=CARTESIAN_POINT('',(-0.2,14.0000002086163,37.000000551343));
#1850=CARTESIAN_POINT('',(0.,14.0000002086163,37.000000551343));
#1851=CARTESIAN_POINT('',(-0.2,0.,37.000000551343));
#1852=CARTESIAN_POINT('Origin',(-0.2,8.00000011920929,35.0000005215406));
#1853=CARTESIAN_POINT('',(-0.2,8.00000011920929,34.5000005215406));
#1854=CARTESIAN_POINT('Origin',(-0.2,8.00000011920929,35.0000005215406));
#1855=CARTESIAN_POINT('',(0.2,8.00000011920929,34.5000005215406));
#1856=CARTESIAN_POINT('',(-0.2,8.00000011920929,34.5000005215406));
#1857=CARTESIAN_POINT('Origin',(0.2,8.00000011920929,35.0000005215406));
#1858=CARTESIAN_POINT('Origin',(0.25,0.,70.));
#1859=CARTESIAN_POINT('',(-9.99799994900141,0.,0.2));
#1860=CARTESIAN_POINT('',(0.,0.,0.2));
#1861=CARTESIAN_POINT('',(-9.99799994900141,0.,-0.2));
#1862=CARTESIAN_POINT('',(-5.37409091591695,0.,-0.199999999999996));
#1863=CARTESIAN_POINT('',(9.99799994900141,0.,-0.200000000000001));
#1864=CARTESIAN_POINT('Origin',(0.,0.,0.));
#1865=CARTESIAN_POINT('',(0.,0.,-0.2));
#1866=CARTESIAN_POINT('',(9.99799994900141,0.,0.2));
#1867=CARTESIAN_POINT('',(5.62409091591694,0.,0.199999999999996));
#1868=CARTESIAN_POINT('',(0.199999995529652,0.,9.99799994909084));
#1869=CARTESIAN_POINT('Origin',(0.,0.,0.));
#1870=CARTESIAN_POINT('',(0.2,0.,0.));
#1871=CARTESIAN_POINT('',(-0.199999995529652,0.,9.99799994909084));
#1872=CARTESIAN_POINT('',(-0.199999995529652,0.,40.4990909159169));
#1873=CARTESIAN_POINT('Origin',(0.,0.,0.));
#1874=CARTESIAN_POINT('Origin',(0.25,70.,10.9971588879165));
#1875=CARTESIAN_POINT('',(-1.50000002235174,70.,-8.8717501821414));
#1876=CARTESIAN_POINT('',(1.49999996647239,70.,-8.87175019158925));
#1877=CARTESIAN_POINT('Origin',(0.,70.0000010430813,0.));
#1878=CARTESIAN_POINT('',(1.49999996647239,70.,-9.88686012244611));
#1879=CARTESIAN_POINT('',(1.49999996647239,70.,-10.1999997720122));
#1880=CARTESIAN_POINT('',(-1.49999996647239,70.,-9.88686012244611));
#1881=CARTESIAN_POINT('Origin',(0.,70.,0.));
#1882=CARTESIAN_POINT('',(-1.49999996647239,70.,-10.1999997720122));
#1883=CARTESIAN_POINT('Origin',(1.49999996647239,70.,-12.4999997206032));
#1884=CARTESIAN_POINT('',(1.49999996647239,72.0000010728836,-9.88686012244611));
#1885=CARTESIAN_POINT('',(1.49999996647239,0.,-9.88686012244611));
#1886=CARTESIAN_POINT('',(1.49999996647239,72.0000010728836,-8.77326131337144));
#1887=CARTESIAN_POINT('Ctrl Pts',(1.49999996647239,72.0000010728836,-8.77326131337144));
#1888=CARTESIAN_POINT('Ctrl Pts',(1.49999996647239,71.3333448213514,-8.80622323586659));
#1889=CARTESIAN_POINT('Ctrl Pts',(1.49999996647239,70.6666470614001,-8.83905330588519));
#1890=CARTESIAN_POINT('Ctrl Pts',(1.49999996647239,70.0000010430813,-8.87175019016741));
#1891=CARTESIAN_POINT('',(1.49999996647239,72.0000010728836,-10.1999997720122));
#1892=CARTESIAN_POINT('Origin',(-1.49999996647239,70.,-10.1999997720122));
#1893=CARTESIAN_POINT('',(-1.50000002235174,72.0000010728836,-9.88686011396829));
#1894=CARTESIAN_POINT('',(-1.49999996647239,0.,-9.88686012244611));
#1895=CARTESIAN_POINT('',(-1.50000002235174,72.0000010728836,-8.77326130381751));
#1896=CARTESIAN_POINT('',(-1.50000002235174,72.0000010728836,-10.1999997720122));
#1897=CARTESIAN_POINT('Ctrl Pts',(-1.50000002235174,70.0000010430813,-8.87175018071955));
#1898=CARTESIAN_POINT('Ctrl Pts',(-1.50000002235174,70.6666470614211,-8.83905329640148));
#1899=CARTESIAN_POINT('Ctrl Pts',(-1.50000002235174,71.333344821365,-8.80622322634789));
#1900=CARTESIAN_POINT('Ctrl Pts',(-1.50000002235174,72.0000010728836,-8.77326130381751));
#1901=CARTESIAN_POINT('Origin',(1.49999996647239,72.0000010728836,-10.1999997720122));
#1902=CARTESIAN_POINT('Origin',(0.,72.0000010728836,0.));
#1903=CARTESIAN_POINT('Ctrl Pts',(-1.50000002235174,72.0000010728836,-8.77326130381752));
#1904=CARTESIAN_POINT('Ctrl Pts',(-1.00479304288901,72.0000010728836,-8.85792884699666));
#1905=CARTESIAN_POINT('Ctrl Pts',(-0.503001641564901,72.0000010728836,-8.90056818092374));
#1906=CARTESIAN_POINT('Ctrl Pts',(0.50300158443785,72.0000010728836,-8.90056818416455));
#1907=CARTESIAN_POINT('Ctrl Pts',(1.00479298625445,72.0000010728836,-8.85792885343339));
#1908=CARTESIAN_POINT('Ctrl Pts',(1.49999996647239,72.0000010728836,-8.77326131337144));
#1909=CARTESIAN_POINT('Ctrl Pts',(0.500000007450581,189.730312925455,0.));
#1910=CARTESIAN_POINT('Ctrl Pts',(0.500000007450581,189.730312925455,-0.500000007450581));
#1911=CARTESIAN_POINT('Ctrl Pts',(0.,189.730312925455,-0.500000007450581));
#1912=CARTESIAN_POINT('Ctrl Pts',(-0.500000007450581,189.730312925455,-0.500000007450581));
#1913=CARTESIAN_POINT('Ctrl Pts',(-0.500000007450581,189.730312925455,0.));
#1914=CARTESIAN_POINT('Ctrl Pts',(0.840000012518124,189.363660084339,0.));
#1915=CARTESIAN_POINT('Ctrl Pts',(0.840000012518124,189.363660084339,-0.840000012518124));
#1916=CARTESIAN_POINT('Ctrl Pts',(0.,189.363660084339,-0.840000012518124));
#1917=CARTESIAN_POINT('Ctrl Pts',(-0.840000012518124,189.363660084339,-0.840000012518124));
#1918=CARTESIAN_POINT('Ctrl Pts',(-0.840000012518124,189.363660084339,0.));
#1919=CARTESIAN_POINT('Ctrl Pts',(1.62000002414332,187.808480783408,0.));
#1920=CARTESIAN_POINT('Ctrl Pts',(1.62000002414332,187.808480783408,-1.62000002414332));
#1921=CARTESIAN_POINT('Ctrl Pts',(0.,187.808480783408,-1.62000002414332));
#1922=CARTESIAN_POINT('Ctrl Pts',(-1.62000002414332,187.808480783408,-1.62000002414332));
#1923=CARTESIAN_POINT('Ctrl Pts',(-1.62000002414332,187.808480783408,0.));
#1924=CARTESIAN_POINT('Ctrl Pts',(2.84000004232604,182.825146542118,0.));
#1925=CARTESIAN_POINT('Ctrl Pts',(2.84000004232604,182.825146542118,-2.84000004232604));
#1926=CARTESIAN_POINT('Ctrl Pts',(0.,182.825146542118,-2.84000004232604));
#1927=CARTESIAN_POINT('Ctrl Pts',(-2.84000004232604,182.825146542118,-2.84000004232604));
#1928=CARTESIAN_POINT('Ctrl Pts',(-2.84000004232604,182.825146542118,0.));
#1929=CARTESIAN_POINT('Ctrl Pts',(4.50000006706563,170.757419010788,0.));
#1930=CARTESIAN_POINT('Ctrl Pts',(4.50000006706563,170.757419010788,-4.50000006706563));
#1931=CARTESIAN_POINT('Ctrl Pts',(0.,170.757419010788,-4.50000006706563));
#1932=CARTESIAN_POINT('Ctrl Pts',(-4.50000006706563,170.757419010788,-4.50000006706563));
#1933=CARTESIAN_POINT('Ctrl Pts',(-4.50000006706563,170.757419010788,0.));
#1934=CARTESIAN_POINT('Ctrl Pts',(6.60000009835999,147.028513520018,0.));
#1935=CARTESIAN_POINT('Ctrl Pts',(6.60000009835999,147.028513520018,-6.60000009835999));
#1936=CARTESIAN_POINT('Ctrl Pts',(0.,147.028513520018,-6.60000009835999));
#1937=CARTESIAN_POINT('Ctrl Pts',(-6.60000009835999,147.028513520018,-6.60000009835999));
#1938=CARTESIAN_POINT('Ctrl Pts',(-6.60000009835999,147.028513520018,0.));
#1939=CARTESIAN_POINT('Ctrl Pts',(8.36000012458394,120.238686829098,0.));
#1940=CARTESIAN_POINT('Ctrl Pts',(8.36000012458394,120.238686829098,-8.36000012458394));
#1941=CARTESIAN_POINT('Ctrl Pts',(0.,120.238686829098,-8.36000012458394));
#1942=CARTESIAN_POINT('Ctrl Pts',(-8.36000012458394,120.238686829098,-8.36000012458394));
#1943=CARTESIAN_POINT('Ctrl Pts',(-8.36000012458394,120.238686829098,0.));
#1944=CARTESIAN_POINT('Ctrl Pts',(9.6800001442494,96.5102918546256,0.));
#1945=CARTESIAN_POINT('Ctrl Pts',(9.6800001442494,96.5102918546256,-9.6800001442494));
#1946=CARTESIAN_POINT('Ctrl Pts',(0.,96.5102918546256,-9.6800001442494));
#1947=CARTESIAN_POINT('Ctrl Pts',(-9.6800001442494,96.5102918546256,-9.6800001442494));
#1948=CARTESIAN_POINT('Ctrl Pts',(-9.6800001442494,96.5102918546256,0.));
#1949=CARTESIAN_POINT('Ctrl Pts',(10.5600001573585,79.1017140673102,0.));
#1950=CARTESIAN_POINT('Ctrl Pts',(10.5600001573585,79.1017140673102,-10.5600001573585));
#1951=CARTESIAN_POINT('Ctrl Pts',(0.,79.1017140673102,-10.5600001573585));
#1952=CARTESIAN_POINT('Ctrl Pts',(-10.5600001573585,79.1017140673102,-10.5600001573585));
#1953=CARTESIAN_POINT('Ctrl Pts',(-10.5600001573585,79.1017140673102,0.));
#1954=CARTESIAN_POINT('Ctrl Pts',(11.0000001639128,70.0000010430813,0.));
#1955=CARTESIAN_POINT('Ctrl Pts',(11.0000001639128,70.0000010430813,-11.0000001639128));
#1956=CARTESIAN_POINT('Ctrl Pts',(0.,70.0000010430813,-11.0000001639128));
#1957=CARTESIAN_POINT('Ctrl Pts',(-11.0000001639128,70.0000010430813,-11.0000001639128));
#1958=CARTESIAN_POINT('Ctrl Pts',(-11.0000001639128,70.0000010430813,0.));
#1959=CARTESIAN_POINT('Ctrl Pts',(10.0000001490116,89.8639011660218,0.));
#1960=CARTESIAN_POINT('Ctrl Pts',(10.0000001490116,89.8639011660218,-0.066687335780277));
#1961=CARTESIAN_POINT('Ctrl Pts',(9.99933306934907,89.8639011660219,-0.133357314160775));
#1962=CARTESIAN_POINT('Ctrl Pts',(9.99799994900141,89.8639011660219,-0.200000000000001));
#1963=CARTESIAN_POINT('Ctrl Pts',(9.97195698410895,89.8639011660218,-1.50188780833337));
#1964=CARTESIAN_POINT('Ctrl Pts',(9.69187536550775,89.8639011660218,-2.78624208948249));
#1965=CARTESIAN_POINT('Ctrl Pts',(8.65517233866586,89.8639011660218,-5.17528116062941));
#1966=CARTESIAN_POINT('Ctrl Pts',(7.90846092772635,89.8639011660219,-6.25714700290748));
#1967=CARTESIAN_POINT('Ctrl Pts',(6.04236254757212,89.8639011660219,-8.0737474661566));
#1968=CARTESIAN_POINT('Ctrl Pts',(4.94082662022251,89.8639011660219,-8.79112479551218));
#1969=CARTESIAN_POINT('Ctrl Pts',(2.52476990704483,89.8639011660219,-9.76325151883599));
#1970=CARTESIAN_POINT('Ctrl Pts',(1.23335335853371,89.8639011660219,-10.008720315523));
#1971=CARTESIAN_POINT('Ctrl Pts',(-1.37088156273593,89.8639011660219,-9.99080712678025));
#1972=CARTESIAN_POINT('Ctrl Pts',(-2.65880212923915,89.8639011660219,-9.72761091424415));
#1973=CARTESIAN_POINT('Ctrl Pts',(-5.06125734493543,89.8639011660219,-8.72234013278028));
#1974=CARTESIAN_POINT('Ctrl Pts',(-6.15282881430725,89.8639011660219,-7.98988988930379));
#1975=CARTESIAN_POINT('Ctrl Pts',(-7.99376088656452,89.8639011660219,-6.14779067568208));
#1976=CARTESIAN_POINT('Ctrl Pts',(-8.72553144063898,89.8639011660219,-5.05576343787851));
#1977=CARTESIAN_POINT('Ctrl Pts',(-9.72927935891101,89.8639011660219,-2.65267157029296));
#1978=CARTESIAN_POINT('Ctrl Pts',(-9.99167373770753,89.8639011660219,-1.36458740305415));
#1979=CARTESIAN_POINT('Ctrl Pts',(-9.99993517707357,89.8639011660219,-0.0416274057347742));
#1980=CARTESIAN_POINT('Ctrl Pts',(-10.0000001490116,89.8639011660219,-0.0208121688714796));
#1981=CARTESIAN_POINT('Ctrl Pts',(-10.0000001490116,89.8639011660219,-1.94289029309402E-15));
#1982=CARTESIAN_POINT('Origin',(0.,35.,11.));
#1983=CARTESIAN_POINT('',(-0.2,35.8093077082973,9.99799994900141));
#1984=CARTESIAN_POINT('',(-0.2,14.0000002086163,37.000000551343));
#1985=CARTESIAN_POINT('',(0.2,35.8093077082973,9.99799994900141));
#1986=CARTESIAN_POINT('',(0.2,14.0000002086163,37.000000551343));
#1987=CARTESIAN_POINT('Origin',(0.,43.884615107952,0.));
#1988=CARTESIAN_POINT('Origin',(-0.2,17.5000002607703,23.0000003427267));
#1989=CARTESIAN_POINT('',(-0.199999995529652,0.,9.99799994909084));
#1990=CARTESIAN_POINT('Origin',(0.2,17.5000002607703,23.0000003427267));
#1991=CARTESIAN_POINT('',(0.199999995529652,0.,9.99799994909084));
#1992=CARTESIAN_POINT('Origin',(-11.0000001639128,50.0000007450581,0.));
#1993=CARTESIAN_POINT('',(-9.99799994900141,51.0020009599694,-0.2));
#1994=CARTESIAN_POINT('',(-41.0000006109476,20.0000002980232,-0.2));
#1995=CARTESIAN_POINT('',(-9.99799994900141,51.0020009599694,0.2));
#1996=CARTESIAN_POINT('',(-41.0000006109476,20.0000002980232,0.2));
#1997=CARTESIAN_POINT('',(-10.0000001490116,51.0000007599592,1.22464681739601E-15));
#1998=CARTESIAN_POINT('Origin',(0.,61.0000009089708,0.));
#1999=CARTESIAN_POINT('Origin',(0.,61.0000009089708,0.));
#2000=CARTESIAN_POINT('Origin',(-25.000000372529,25.000000372529,-0.2));
#2001=CARTESIAN_POINT('',(-9.99799994900141,0.,-0.2));
#2002=CARTESIAN_POINT('Origin',(-25.000000372529,25.000000372529,0.2));
#2003=CARTESIAN_POINT('',(-9.99799994900141,0.,0.2));
#2004=CARTESIAN_POINT('Origin',(41.0000006109476,20.0000002980232,0.));
#2005=CARTESIAN_POINT('',(9.99799994900141,51.0020009599694,0.2));
#2006=CARTESIAN_POINT('',(41.0000006109476,20.0000002980232,0.2));
#2007=CARTESIAN_POINT('',(9.99799994900141,51.0020009599694,-0.2));
#2008=CARTESIAN_POINT('',(41.0000006109476,20.0000002980232,-0.2));
#2009=CARTESIAN_POINT('Origin',(0.,61.0000009089708,0.));
#2010=CARTESIAN_POINT('Origin',(25.000000372529,25.000000372529,0.2));
#2011=CARTESIAN_POINT('',(9.99799994900141,0.,0.2));
#2012=CARTESIAN_POINT('Origin',(25.000000372529,25.000000372529,-0.2));
#2013=CARTESIAN_POINT('',(9.99799994900141,0.,-0.200000000000001));
#2014=CARTESIAN_POINT('Origin',(0.,0.,0.));
#2015=CARTESIAN_POINT('',(-10.0000001490116,0.,1.22464681739601E-15));
#2016=CARTESIAN_POINT('Ctrl Pts',(5.13033133703458,137.529611603517,0.));
#2017=CARTESIAN_POINT('Ctrl Pts',(5.13033133703458,137.529611603517,-5.13033133703458));
#2018=CARTESIAN_POINT('Ctrl Pts',(0.,137.529611603517,-5.13033133703458));
#2019=CARTESIAN_POINT('Ctrl Pts',(-5.13033133703458,137.529611603517,-5.13033133703458));
#2020=CARTESIAN_POINT('Ctrl Pts',(-5.13033133703458,137.529611603517,0.));
#2021=CARTESIAN_POINT('Ctrl Pts',(5.13814018835943,137.418977340082,0.));
#2022=CARTESIAN_POINT('Ctrl Pts',(5.13814018835942,137.418977340082,-5.13814018835942));
#2023=CARTESIAN_POINT('Ctrl Pts',(0.,137.418977340082,-5.13814018835943));
#2024=CARTESIAN_POINT('Ctrl Pts',(-5.13814018835942,137.418977340082,-5.13814018835942));
#2025=CARTESIAN_POINT('Ctrl Pts',(-5.13814018835943,137.418977340082,0.));
#2026=CARTESIAN_POINT('Ctrl Pts',(5.1459490297206,137.308182108596,0.));
#2027=CARTESIAN_POINT('Ctrl Pts',(5.14594902972059,137.308182108596,-5.14594902972059));
#2028=CARTESIAN_POINT('Ctrl Pts',(0.,137.308182108596,-5.1459490297206));
#2029=CARTESIAN_POINT('Ctrl Pts',(-5.14594902972059,137.308182108596,-5.14594902972059));
#2030=CARTESIAN_POINT('Ctrl Pts',(-5.1459490297206,137.308182108596,0.));
#2031=CARTESIAN_POINT('Ctrl Pts',(5.15375785846194,137.197226071352,0.));
#2032=CARTESIAN_POINT('Ctrl Pts',(5.15375785846194,137.197226071352,-5.15375785846194));
#2033=CARTESIAN_POINT('Ctrl Pts',(0.,137.197226071352,-5.15375785846194));
#2034=CARTESIAN_POINT('Ctrl Pts',(-5.15375785846194,137.197226071352,-5.15375785846194));
#2035=CARTESIAN_POINT('Ctrl Pts',(-5.15375785846194,137.197226071352,0.));
#2036=CARTESIAN_POINT('Ctrl Pts',(6.43436672861523,119.000990733336,0.));
#2037=CARTESIAN_POINT('Ctrl Pts',(6.43436672861523,119.000990733336,-6.43436672861523));
#2038=CARTESIAN_POINT('Ctrl Pts',(0.,119.000990733336,-6.43436672861523));
#2039=CARTESIAN_POINT('Ctrl Pts',(-6.43436672861523,119.000990733336,-6.43436672861523));
#2040=CARTESIAN_POINT('Ctrl Pts',(-6.43436672861523,119.000990733336,0.));
#2041=CARTESIAN_POINT('Ctrl Pts',(7.71596407964303,96.5030361396715,0.));
#2042=CARTESIAN_POINT('Ctrl Pts',(7.71596407964303,96.5030361396715,-7.71596407964303));
#2043=CARTESIAN_POINT('Ctrl Pts',(0.,96.5030361396715,-7.71596407964303));
#2044=CARTESIAN_POINT('Ctrl Pts',(-7.71596407964303,96.5030361396715,-7.71596407964303));
#2045=CARTESIAN_POINT('Ctrl Pts',(-7.71596407964303,96.5030361396715,0.));
#2046=CARTESIAN_POINT('Ctrl Pts',(8.99766365987041,70.0000010430813,0.));
#2047=CARTESIAN_POINT('Ctrl Pts',(8.99766365987041,70.0000010430813,-8.99766365987041));
#2048=CARTESIAN_POINT('Ctrl Pts',(0.,70.0000010430813,-8.99766365987041));
#2049=CARTESIAN_POINT('Ctrl Pts',(-8.99766365987041,70.0000010430813,-8.99766365987041));
#2050=CARTESIAN_POINT('Ctrl Pts',(-8.99766365987041,70.0000010430813,0.));
#2051=CARTESIAN_POINT('Origin',(8.99766365987041,70.0000010430813,0.));
#2052=CARTESIAN_POINT('Origin',(0.,175.000002831221,-5.49328674885739));
#2053=CARTESIAN_POINT('',(3.75777433383261,175.000002831221,2.51596251646297E-16));
#2054=CARTESIAN_POINT('',(-3.75777433383261,175.000002831221,2.08598379338321E-16));
#2055=CARTESIAN_POINT('Ctrl Pts',(3.7577743338326,175.000002831221,-4.4728110104586E-13));
#2056=CARTESIAN_POINT('Ctrl Pts',(3.75777433383256,175.000002831221,-0.339516056381197));
#2057=CARTESIAN_POINT('Ctrl Pts',(3.71175836308879,175.000002831221,-0.6781675852498));
#2058=CARTESIAN_POINT('Ctrl Pts',(3.48937826734526,175.000002831221,-1.47801870196546));
#2059=CARTESIAN_POINT('Ctrl Pts',(3.26747744395792,175.000002831221,-1.91934653702953));
#2060=CARTESIAN_POINT('Ctrl Pts',(2.66699831854807,175.000002831221,-2.69210325672007));
#2061=CARTESIAN_POINT('Ctrl Pts',(2.29416092425087,175.000002831221,-3.01614416592135));
#2062=CARTESIAN_POINT('Ctrl Pts',(1.44526227036223,175.000002831221,-3.50307250079818));
#2063=CARTESIAN_POINT('Ctrl Pts',(0.977316944587469,175.000002831221,-3.66130462619586));
#2064=CARTESIAN_POINT('Ctrl Pts',(0.00711277381709223,175.000002831221,
-3.7894919691734));
#2065=CARTESIAN_POINT('Ctrl Pts',(-0.485870390503832,175.000002831221,-3.75822164588688));
#2066=CARTESIAN_POINT('Ctrl Pts',(-1.43210178886914,175.000002831221,-3.50847323522624));
#2067=CARTESIAN_POINT('Ctrl Pts',(-1.87630353500918,175.000002831221,-3.29238287878143));
#2068=CARTESIAN_POINT('Ctrl Pts',(-2.48756459778462,175.000002831221,-2.83013174885704));
#2069=CARTESIAN_POINT('Ctrl Pts',(-2.68938408914808,175.000002831221,-2.63909768009391));
#2070=CARTESIAN_POINT('Ctrl Pts',(-3.04734453351731,175.000002831221,-2.21614860469287));
#2071=CARTESIAN_POINT('Ctrl Pts',(-3.20239017549321,175.000002831221,-1.98552776559396));
#2072=CARTESIAN_POINT('Ctrl Pts',(-3.33067203777802,175.000002831221,-1.73996888500187));
#2073=CARTESIAN_POINT('Ctrl Pts',(-3.55724178070842,175.000002831221,-1.30626601026108));
#2074=CARTESIAN_POINT('Ctrl Pts',(-3.6969335778516,175.000002831221,-0.832455462432915));
#2075=CARTESIAN_POINT('Ctrl Pts',(-3.75249025074363,175.000002831221,-0.230246093871455));
#2076=CARTESIAN_POINT('Ctrl Pts',(-3.75777433383265,175.000002831221,-0.115056136913504));
#2077=CARTESIAN_POINT('Ctrl Pts',(-3.7577743338326,175.000002831221,1.46493928099289E-12));
#2078=CARTESIAN_POINT('',(2.33681403741095,175.000002831221,4.30211422042248E-15));
#2079=CARTESIAN_POINT('',(2.87262652116262,175.000002831221,-1.5946280524718E-16));
#2080=CARTESIAN_POINT('',(-2.33681403790015,175.000002831221,-1.92683574310833E-15));
#2081=CARTESIAN_POINT('Ctrl Pts',(-2.33681403790015,175.000002831221,-1.26309282888095E-15));
#2082=CARTESIAN_POINT('Ctrl Pts',(-2.33681403790015,175.000002831221,0.0286752364696431));
#2083=CARTESIAN_POINT('Ctrl Pts',(-2.3362862245163,175.000002831236,0.057359995118768));
#2084=CARTESIAN_POINT('Ctrl Pts',(-2.33522954146659,175.000002831236,0.08603973721538));
#2085=CARTESIAN_POINT('Ctrl Pts',(-2.32402589218831,175.000002831236,0.390121242004536));
#2086=CARTESIAN_POINT('Ctrl Pts',(-2.25353547625123,175.000002831235,0.689107240034554));
#2087=CARTESIAN_POINT('Ctrl Pts',(-2.12772598779762,175.000002831235,0.966168706007409));
#2088=CARTESIAN_POINT('Ctrl Pts',(-2.00191649934412,175.000002831235,1.24323017198));
#2089=CARTESIAN_POINT('Ctrl Pts',(-1.82319355293666,175.000002831233,1.49306938864592));
#2090=CARTESIAN_POINT('Ctrl Pts',(-1.60161692731445,175.000002831233,1.70162365565977));
#2091=CARTESIAN_POINT('Ctrl Pts',(-1.38004030169238,175.000002831233,1.91017792267348));
#2092=CARTESIAN_POINT('Ctrl Pts',(-1.11984678347503,175.00000283123,2.07345945510859));
#2093=CARTESIAN_POINT('Ctrl Pts',(-0.835681885593399,175.00000283123,2.18227762511532));
#2094=CARTESIAN_POINT('Ctrl Pts',(-0.551516987711824,175.00000283123,2.29109579512202));
#2095=CARTESIAN_POINT('Ctrl Pts',(-0.248814252777341,175.000002831227,2.3433698806695));
#2096=CARTESIAN_POINT('Ctrl Pts',(0.0553880899368152,175.000002831227,2.33615753022924));
#2097=CARTESIAN_POINT('Ctrl Pts',(0.359590432651048,175.000002831227,2.32894517978899));
#2098=CARTESIAN_POINT('Ctrl Pts',(0.659475702746132,175.000002831224,2.26238430136414));
#2099=CARTESIAN_POINT('Ctrl Pts',(0.938164257596009,175.000002831224,2.14022140721298));
#2100=CARTESIAN_POINT('Ctrl Pts',(1.21685281244607,175.000002831224,2.01805851306173));
#2101=CARTESIAN_POINT('Ctrl Pts',(1.46901582308843,175.000002831221,1.84262949088866));
#2102=CARTESIAN_POINT('Ctrl Pts',(1.68045978978279,175.000002831221,1.62380871431481));
#2103=CARTESIAN_POINT('Ctrl Pts',(1.89190375647735,175.000002831221,1.40498793774074));
#2104=CARTESIAN_POINT('Ctrl Pts',(2.05858564008921,175.00000283122,1.14695949854728));
#2105=CARTESIAN_POINT('Ctrl Pts',(2.17112341719727,175.00000283122,0.864247043859511));
#2106=CARTESIAN_POINT('Ctrl Pts',(2.28061203095203,175.00000283122,0.589194563257861));
#2107=CARTESIAN_POINT('Ctrl Pts',(2.33681403741095,175.000002831221,0.295894356764714));
#2108=CARTESIAN_POINT('Ctrl Pts',(2.33681403741095,175.000002831221,4.44089209850063E-15));
#2109=CARTESIAN_POINT('',(2.87262652116262,175.000002831221,0.));
#2110=CARTESIAN_POINT('',(1.5,175.000002831221,1.00430293025216E-16));
#2111=CARTESIAN_POINT('Origin',(0.,175.000002831221,0.));
#2112=CARTESIAN_POINT('Ctrl Pts',(-2.33681403790015,170.000002831221,-1.26309282888095E-15));
#2113=CARTESIAN_POINT('Ctrl Pts',(-2.33681403790015,175.000002831221,-1.26309282888095E-15));
#2114=CARTESIAN_POINT('Ctrl Pts',(-2.33681403790015,170.000002831221,0.0286752364696431));
#2115=CARTESIAN_POINT('Ctrl Pts',(-2.33681403790015,175.000002831221,0.0286752364696431));
#2116=CARTESIAN_POINT('Ctrl Pts',(-2.3362862245163,170.000002831236,0.057359995118768));
#2117=CARTESIAN_POINT('Ctrl Pts',(-2.3362862245163,175.000002831236,0.057359995118768));
#2118=CARTESIAN_POINT('Ctrl Pts',(-2.32402589218831,170.000002831236,0.390121242004536));
#2119=CARTESIAN_POINT('Ctrl Pts',(-2.32402589218831,175.000002831236,0.390121242004536));
#2120=CARTESIAN_POINT('Ctrl Pts',(-2.25353547625123,170.000002831235,0.689107240034554));
#2121=CARTESIAN_POINT('Ctrl Pts',(-2.25353547625123,175.000002831235,0.689107240034554));
#2122=CARTESIAN_POINT('Ctrl Pts',(-2.00191649934412,170.000002831235,1.24323017198));
#2123=CARTESIAN_POINT('Ctrl Pts',(-2.00191649934412,175.000002831235,1.24323017198));
#2124=CARTESIAN_POINT('Ctrl Pts',(-1.82319355293666,170.000002831233,1.49306938864592));
#2125=CARTESIAN_POINT('Ctrl Pts',(-1.82319355293666,175.000002831233,1.49306938864592));
#2126=CARTESIAN_POINT('Ctrl Pts',(-1.38004030169238,170.000002831233,1.91017792267348));
#2127=CARTESIAN_POINT('Ctrl Pts',(-1.38004030169238,175.000002831233,1.91017792267348));
#2128=CARTESIAN_POINT('Ctrl Pts',(-1.11984678347503,170.00000283123,2.07345945510859));
#2129=CARTESIAN_POINT('Ctrl Pts',(-1.11984678347503,175.00000283123,2.07345945510859));
#2130=CARTESIAN_POINT('Ctrl Pts',(-0.551516987711824,170.00000283123,2.29109579512202));
#2131=CARTESIAN_POINT('Ctrl Pts',(-0.551516987711824,175.00000283123,2.29109579512202));
#2132=CARTESIAN_POINT('Ctrl Pts',(-0.248814252777341,170.000002831227,2.3433698806695));
#2133=CARTESIAN_POINT('Ctrl Pts',(-0.248814252777341,175.000002831227,2.3433698806695));
#2134=CARTESIAN_POINT('Ctrl Pts',(0.359590432651048,170.000002831227,2.32894517978899));
#2135=CARTESIAN_POINT('Ctrl Pts',(0.359590432651048,175.000002831227,2.32894517978899));
#2136=CARTESIAN_POINT('Ctrl Pts',(0.659475702746132,170.000002831224,2.26238430136414));
#2137=CARTESIAN_POINT('Ctrl Pts',(0.659475702746132,175.000002831224,2.26238430136414));
#2138=CARTESIAN_POINT('Ctrl Pts',(1.21685281244607,170.000002831224,2.01805851306173));
#2139=CARTESIAN_POINT('Ctrl Pts',(1.21685281244607,175.000002831224,2.01805851306173));
#2140=CARTESIAN_POINT('Ctrl Pts',(1.46901582308843,170.000002831221,1.84262949088866));
#2141=CARTESIAN_POINT('Ctrl Pts',(1.46901582308843,175.000002831221,1.84262949088866));
#2142=CARTESIAN_POINT('Ctrl Pts',(1.89190375647735,170.000002831221,1.40498793774074));
#2143=CARTESIAN_POINT('Ctrl Pts',(1.89190375647735,175.000002831221,1.40498793774074));
#2144=CARTESIAN_POINT('Ctrl Pts',(2.05858564008921,170.00000283122,1.14695949854728));
#2145=CARTESIAN_POINT('Ctrl Pts',(2.05858564008921,175.00000283122,1.14695949854728));
#2146=CARTESIAN_POINT('Ctrl Pts',(2.28061203095203,170.00000283122,0.589194563257861));
#2147=CARTESIAN_POINT('Ctrl Pts',(2.28061203095203,175.00000283122,0.589194563257861));
#2148=CARTESIAN_POINT('Ctrl Pts',(2.33681403741095,170.000002831221,0.295894356764714));
#2149=CARTESIAN_POINT('Ctrl Pts',(2.33681403741095,175.000002831221,0.295894356764714));
#2150=CARTESIAN_POINT('Ctrl Pts',(2.33681403741095,170.000002831221,3.95516952522712E-15));
#2151=CARTESIAN_POINT('Ctrl Pts',(2.33681403741095,175.000002831221,3.95516952522712E-15));
#2152=CARTESIAN_POINT('',(2.33681403790015,170.000002831221,0.));
#2153=CARTESIAN_POINT('',(-2.33681403790015,170.000002831221,-8.0478855597228E-16));
#2154=CARTESIAN_POINT('Ctrl Pts',(2.33681403741095,170.000002831221,3.88578058618805E-15));
#2155=CARTESIAN_POINT('Ctrl Pts',(2.33681403741095,170.000002831221,0.295894356764714));
#2156=CARTESIAN_POINT('Ctrl Pts',(2.28061203095203,170.00000283122,0.589194563257861));
#2157=CARTESIAN_POINT('Ctrl Pts',(2.17112341719727,170.00000283122,0.864247043859511));
#2158=CARTESIAN_POINT('Ctrl Pts',(2.05858564008921,170.00000283122,1.14695949854728));
#2159=CARTESIAN_POINT('Ctrl Pts',(1.89190375647735,170.000002831221,1.40498793774074));
#2160=CARTESIAN_POINT('Ctrl Pts',(1.68045978978279,170.000002831221,1.62380871431481));
#2161=CARTESIAN_POINT('Ctrl Pts',(1.46901582308843,170.000002831221,1.84262949088866));
#2162=CARTESIAN_POINT('Ctrl Pts',(1.21685281244607,170.000002831224,2.01805851306173));
#2163=CARTESIAN_POINT('Ctrl Pts',(0.938164257596009,170.000002831224,2.14022140721298));
#2164=CARTESIAN_POINT('Ctrl Pts',(0.659475702746132,170.000002831224,2.26238430136414));
#2165=CARTESIAN_POINT('Ctrl Pts',(0.359590432651049,170.000002831227,2.32894517978899));
#2166=CARTESIAN_POINT('Ctrl Pts',(0.0553880899368152,170.000002831227,2.33615753022924));
#2167=CARTESIAN_POINT('Ctrl Pts',(-0.248814252777341,170.000002831227,2.3433698806695));
#2168=CARTESIAN_POINT('Ctrl Pts',(-0.551516987711824,170.00000283123,2.29109579512202));
#2169=CARTESIAN_POINT('Ctrl Pts',(-0.835681885593399,170.00000283123,2.18227762511532));
#2170=CARTESIAN_POINT('Ctrl Pts',(-1.11984678347503,170.00000283123,2.07345945510859));
#2171=CARTESIAN_POINT('Ctrl Pts',(-1.38004030169238,170.000002831233,1.91017792267348));
#2172=CARTESIAN_POINT('Ctrl Pts',(-1.60161692731445,170.000002831233,1.70162365565977));
#2173=CARTESIAN_POINT('Ctrl Pts',(-1.82319355293666,170.000002831233,1.49306938864592));
#2174=CARTESIAN_POINT('Ctrl Pts',(-2.00191649934412,170.000002831235,1.24323017198));
#2175=CARTESIAN_POINT('Ctrl Pts',(-2.12772598779762,170.000002831235,0.966168706007409));
#2176=CARTESIAN_POINT('Ctrl Pts',(-2.25353547625123,170.000002831235,0.689107240034554));
#2177=CARTESIAN_POINT('Ctrl Pts',(-2.32402589218831,170.000002831236,0.390121242004536));
#2178=CARTESIAN_POINT('Ctrl Pts',(-2.33522954146659,170.000002831236,0.08603973721538));
#2179=CARTESIAN_POINT('Ctrl Pts',(-2.3362862245163,170.000002831236,0.057359995118768));
#2180=CARTESIAN_POINT('Ctrl Pts',(-2.33681403790015,170.000002831221,0.0286752364696431));
#2181=CARTESIAN_POINT('Ctrl Pts',(-2.33681403790015,170.000002831221,-1.26309282888095E-15));
#2182=CARTESIAN_POINT('',(-2.33681403790015,170.000002831221,-1.26309282888095E-15));
#2183=CARTESIAN_POINT('',(2.33681403741095,170.000002831221,3.95516952522712E-15));
#2184=CARTESIAN_POINT('Origin',(-3.69482222595252E-10,170.000002831221,
-1.66868463491454E-10));
#2185=CARTESIAN_POINT('',(1.5,170.000002831221,-1.83697019872103E-16));
#2186=CARTESIAN_POINT('Origin',(0.,170.000002831221,0.));
#2187=CARTESIAN_POINT('Origin',(5.74525304232525,129.860409940912,3.8466496436316E-16));
#2188=CARTESIAN_POINT('',(-8.00000014901161,89.8114120270399,5.54958650117152E-16));
#2189=CARTESIAN_POINT('Ctrl Pts',(-2.33681403875545,170.000002830452,-2.86177183229187E-16));
#2190=CARTESIAN_POINT('Ctrl Pts',(-2.40926405162265,169.348868637466,-2.95049750865096E-16));
#2191=CARTESIAN_POINT('Ctrl Pts',(-2.48173519711883,168.68212935131,-1.19967863329174E-16));
#2192=CARTESIAN_POINT('Ctrl Pts',(-2.55421640622951,168.0000028313,-3.12801294575549E-16));
#2193=CARTESIAN_POINT('Ctrl Pts',(-3.40852806568672,159.960006694443,-4.17424298502202E-16));
#2194=CARTESIAN_POINT('Ctrl Pts',(-4.26549615926047,149.770792956061,-5.22372621783668E-16));
#2195=CARTESIAN_POINT('Ctrl Pts',(-5.1226618477419,137.63821961288,-6.27345143463174E-16));
#2196=CARTESIAN_POINT('Ctrl Pts',(-6.08142593765702,124.067592841397,-7.44759880854784E-16));
#2197=CARTESIAN_POINT('Ctrl Pts',(-7.04013860308913,108.083494930225,-8.62168320564683E-16));
#2198=CARTESIAN_POINT('Ctrl Pts',(-8.00000014916086,89.8114120270478,-9.79717457575457E-16));
#2199=CARTESIAN_POINT('',(-8.00000014818141,70.,-9.52865250682984E-16));
#2200=CARTESIAN_POINT('',(-8.00000014901161,75.905706475456,-5.35628239444673E-16));
#2201=CARTESIAN_POINT('',(-10.0000001490116,70.,5.55111520584384E-16));
#2202=CARTESIAN_POINT('',(3.40699874922625,70.,-1.89126422813004E-16));
#2203=CARTESIAN_POINT('',(-10.0000001490116,89.8639011660218,5.55111520584384E-16));
#2204=CARTESIAN_POINT('',(-10.0000001490116,70.5000010505319,-6.69535296811628E-16));
#2205=CARTESIAN_POINT('Ctrl Pts',(-10.0000001490116,89.8639011660218,5.55111520584384E-16));
#2206=CARTESIAN_POINT('Ctrl Pts',(-9.76000014543717,94.4336717461899,5.41788844090461E-16));
#2207=CARTESIAN_POINT('Ctrl Pts',(-9.08000013530768,107.044652654785,5.04041260690906E-16));
#2208=CARTESIAN_POINT('Ctrl Pts',(-7.9600001186221,126.238147130859,4.41868770385662E-16));
#2209=CARTESIAN_POINT('Ctrl Pts',(-6.71155495558645,144.684934220185,3.72566142136457E-16));
#2210=CARTESIAN_POINT('Ctrl Pts',(-5.46310979254903,159.658476780339,3.03263513887155E-16));
#2211=CARTESIAN_POINT('Ctrl Pts',(-4.45466463308625,169.332577144203,2.47283562131786E-16));
#2212=CARTESIAN_POINT('Ctrl Pts',(-3.88621948018032,173.988870117724,2.1572851728215E-16));
#2213=CARTESIAN_POINT('Ctrl Pts',(-3.75777433383163,175.000002831228,2.08598379338267E-16));
#2214=CARTESIAN_POINT('Ctrl Pts',(-8.00000014901161,89.8114120270399,5.54958650117152E-16));
#2215=CARTESIAN_POINT('Ctrl Pts',(-8.00000014901161,89.8114120270399,-8.00000016000313));
#2216=CARTESIAN_POINT('Ctrl Pts',(1.09915163457285E-8,89.8114120281646,
-8.00000016000313));
#2217=CARTESIAN_POINT('Ctrl Pts',(8.00000017099464,89.8114120292892,-8.00000016000313));
#2218=CARTESIAN_POINT('Ctrl Pts',(8.00000017099464,89.8114120292892,-5.54958650117152E-16));
#2219=CARTESIAN_POINT('Ctrl Pts',(8.00000017099464,89.8114120292892,8.00000016000313));
#2220=CARTESIAN_POINT('Ctrl Pts',(1.09915174556458E-8,89.8114120281646,
8.00000016000313));
#2221=CARTESIAN_POINT('Ctrl Pts',(-8.00000014901161,89.8114120270399,8.00000016000313));
#2222=CARTESIAN_POINT('Ctrl Pts',(-8.00000014901161,89.8114120270399,5.54958650117152E-16));
#2223=CARTESIAN_POINT('Ctrl Pts',(-6.66320403541046,115.258883601185,4.8071617734706E-16));
#2224=CARTESIAN_POINT('Ctrl Pts',(-6.66320403541046,115.258883601185,-6.66320404282464));
#2225=CARTESIAN_POINT('Ctrl Pts',(7.41418741311577E-9,115.258883602121,
-6.66320404282464));
#2226=CARTESIAN_POINT('Ctrl Pts',(6.66320405023883,115.258883603058,-6.66320404282464));
#2227=CARTESIAN_POINT('Ctrl Pts',(6.66320405023883,115.258883603058,-4.8071617734706E-16));
#2228=CARTESIAN_POINT('Ctrl Pts',(6.66320405023883,115.258883603058,6.66320404282464));
#2229=CARTESIAN_POINT('Ctrl Pts',(7.41418837454813E-9,115.258883602121,
6.66320404282464));
#2230=CARTESIAN_POINT('Ctrl Pts',(-6.66320403541046,115.258883601185,6.66320404282464));
#2231=CARTESIAN_POINT('Ctrl Pts',(-6.66320403541046,115.258883601185,4.8071617734706E-16));
#2232=CARTESIAN_POINT('Ctrl Pts',(-5.32643695087697,136.324739245608,4.06474115973701E-16));
#2233=CARTESIAN_POINT('Ctrl Pts',(-5.32643695087697,136.324739245608,-5.32643695532978));
#2234=CARTESIAN_POINT('Ctrl Pts',(4.45281286782706E-9,136.324739246357,
-5.32643695532978));
#2235=CARTESIAN_POINT('Ctrl Pts',(5.32643695978259,136.324739247105,-5.32643695532978));
#2236=CARTESIAN_POINT('Ctrl Pts',(5.3264369597826,136.324739247105,-4.06474115973701E-16));
#2237=CARTESIAN_POINT('Ctrl Pts',(5.3264369597826,136.324739247105,5.32643695532978));
#2238=CARTESIAN_POINT('Ctrl Pts',(4.45281368077529E-9,136.324739246357,
5.32643695532978));
#2239=CARTESIAN_POINT('Ctrl Pts',(-5.32643695087697,136.324739245608,5.32643695532978));
#2240=CARTESIAN_POINT('Ctrl Pts',(-5.32643695087697,136.324739245608,4.06474115973701E-16));
#2241=CARTESIAN_POINT('Ctrl Pts',(-3.99172746302674,152.504432292564,3.32231848901759E-16));
#2242=CARTESIAN_POINT('Ctrl Pts',(-3.99172746302674,152.504432292564,-3.99172746520506));
#2243=CARTESIAN_POINT('Ctrl Pts',(2.1783203627181E-9,152.504432293125,-3.99172746520506));
#2244=CARTESIAN_POINT('Ctrl Pts',(3.99172746738338,152.504432293686,-3.99172746520506));
#2245=CARTESIAN_POINT('Ctrl Pts',(3.99172746738338,152.504432293686,-3.32231848901759E-16));
#2246=CARTESIAN_POINT('Ctrl Pts',(3.99172746738338,152.504432293686,3.99172746520506));
#2247=CARTESIAN_POINT('Ctrl Pts',(2.1783210271818E-9,152.504432293125,3.99172746520506));
#2248=CARTESIAN_POINT('Ctrl Pts',(-3.99172746302674,152.504432292564,3.99172746520506));
#2249=CARTESIAN_POINT('Ctrl Pts',(-3.99172746302674,152.504432292564,3.32231848901759E-16));
#2250=CARTESIAN_POINT('Ctrl Pts',(-3.51205958279534,158.319090191735,3.055506638243E-16));
#2251=CARTESIAN_POINT('Ctrl Pts',(-3.51205958279534,158.319090191735,-3.51205958415625));
#2252=CARTESIAN_POINT('Ctrl Pts',(1.36091327266656E-9,158.319090192229,
-3.51205958415626));
#2253=CARTESIAN_POINT('Ctrl Pts',(3.51205958551717,158.319090192723,-3.51205958415626));
#2254=CARTESIAN_POINT('Ctrl Pts',(3.51205958551717,158.319090192723,-3.055506638243E-16));
#2255=CARTESIAN_POINT('Ctrl Pts',(3.51205958551717,158.319090192723,3.51205958415625));
#2256=CARTESIAN_POINT('Ctrl Pts',(1.36091388376789E-9,158.319090192229,
3.51205958415626));
#2257=CARTESIAN_POINT('Ctrl Pts',(-3.51205958279534,158.319090191735,3.51205958415626));
#2258=CARTESIAN_POINT('Ctrl Pts',(-3.51205958279534,158.319090191735,3.055506638243E-16));
#2259=CARTESIAN_POINT('Ctrl Pts',(-3.03264057478709,163.497514272013,2.78867757469614E-16));
#2260=CARTESIAN_POINT('Ctrl Pts',(-3.03264057478709,163.497514272013,-3.03264057542003));
#2261=CARTESIAN_POINT('Ctrl Pts',(6.32946019060205E-10,163.497514272439,
-3.03264057542003));
#2262=CARTESIAN_POINT('Ctrl Pts',(3.03264057605298,163.497514272865,-3.03264057542003));
#2263=CARTESIAN_POINT('Ctrl Pts',(3.03264057605298,163.497514272865,-2.78867757469614E-16));
#2264=CARTESIAN_POINT('Ctrl Pts',(3.03264057605298,163.497514272865,3.03264057542003));
#2265=CARTESIAN_POINT('Ctrl Pts',(6.3294657679572E-10,163.497514272439,
3.03264057542003));
#2266=CARTESIAN_POINT('Ctrl Pts',(-3.03264057478709,163.497514272013,3.03264057542003));
#2267=CARTESIAN_POINT('Ctrl Pts',(-3.03264057478709,163.497514272013,2.78867757469614E-16));
#2268=CARTESIAN_POINT('Ctrl Pts',(-2.55421640548366,168.000002831221,2.52188293669339E-16));
#2269=CARTESIAN_POINT('Ctrl Pts',(-2.55421640548366,168.000002831221,-2.55421640548366));
#2270=CARTESIAN_POINT('Ctrl Pts',(-2.52238766162366E-16,168.00000283158,
-2.55421640548366));
#2271=CARTESIAN_POINT('Ctrl Pts',(2.55421640548366,168.000002831939,-2.55421640548366));
#2272=CARTESIAN_POINT('Ctrl Pts',(2.55421640548366,168.000002831939,-2.52188293669339E-16));
#2273=CARTESIAN_POINT('Ctrl Pts',(2.55421640548366,168.000002831939,2.55421640548366));
#2274=CARTESIAN_POINT('Ctrl Pts',(2.52137821176313E-16,168.00000283158,
2.55421640548366));
#2275=CARTESIAN_POINT('Ctrl Pts',(-2.55421640548366,168.000002831221,2.55421640548366));
#2276=CARTESIAN_POINT('Ctrl Pts',(-2.55421640548366,168.000002831221,2.52188293669339E-16));
#2277=CARTESIAN_POINT('Ctrl Pts',(-2.29366058734623,170.45211471325,2.37658322225652E-16));
#2278=CARTESIAN_POINT('Ctrl Pts',(-2.29366058734623,170.45211471325,-2.29366058700152));
#2279=CARTESIAN_POINT('Ctrl Pts',(-3.44710750028751E-10,170.452114713572,
-2.29366058700152));
#2280=CARTESIAN_POINT('Ctrl Pts',(2.29366058665681,170.452114713895,-2.29366058700152));
#2281=CARTESIAN_POINT('Ctrl Pts',(2.29366058665681,170.452114713895,-2.37658322225652E-16));
#2282=CARTESIAN_POINT('Ctrl Pts',(2.29366058665681,170.452114713895,2.29366058700152));
#2283=CARTESIAN_POINT('Ctrl Pts',(-3.44710274712107E-10,170.452114713572,
2.29366058700152));
#2284=CARTESIAN_POINT('Ctrl Pts',(-2.29366058734623,170.45211471325,2.29366058700152));
#2285=CARTESIAN_POINT('Ctrl Pts',(-2.29366058734623,170.45211471325,2.37658322225652E-16));
#2286=CARTESIAN_POINT('Ctrl Pts',(-2.03338448977256,172.703850245266,2.23128350781961E-16));
#2287=CARTESIAN_POINT('Ctrl Pts',(-2.03338448977256,172.703850245266,-2.03338448911131));
#2288=CARTESIAN_POINT('Ctrl Pts',(-6.61252943273994E-10,172.703850245552,
-2.03338448911131));
#2289=CARTESIAN_POINT('Ctrl Pts',(2.03338448845005,172.703850245838,-2.03338448911131));
#2290=CARTESIAN_POINT('Ctrl Pts',(2.03338448845005,172.703850245838,-2.23128350781961E-16));
#2291=CARTESIAN_POINT('Ctrl Pts',(2.03338448845005,172.703850245838,2.03338448911131));
#2292=CARTESIAN_POINT('Ctrl Pts',(-6.61252497017293E-10,172.703850245552,
2.03338448911131));
#2293=CARTESIAN_POINT('Ctrl Pts',(-2.03338448977256,172.703850245266,2.03338448911131));
#2294=CARTESIAN_POINT('Ctrl Pts',(-2.03338448977256,172.703850245266,2.23128350781961E-16));
#2295=CARTESIAN_POINT('Ctrl Pts',(-1.77371848636022,174.747966337612,2.08598379338267E-16));
#2296=CARTESIAN_POINT('Ctrl Pts',(-1.77371848636022,174.747966337612,-1.77371848541161));
#2297=CARTESIAN_POINT('Ctrl Pts',(-9.48608620217949E-10,174.747966337861,
-1.77371848541161));
#2298=CARTESIAN_POINT('Ctrl Pts',(1.773718484463,174.747966338111,-1.77371848541161));
#2299=CARTESIAN_POINT('Ctrl Pts',(1.773718484463,174.747966338111,-2.08598379338267E-16));
#2300=CARTESIAN_POINT('Ctrl Pts',(1.773718484463,174.747966338111,1.77371848541161));
#2301=CARTESIAN_POINT('Ctrl Pts',(-9.4860820302119E-10,174.747966337861,
1.77371848541161));
#2302=CARTESIAN_POINT('Ctrl Pts',(-1.77371848636022,174.747966337612,1.77371848541161));
#2303=CARTESIAN_POINT('Ctrl Pts',(-1.77371848636022,174.747966337612,2.08598379338267E-16));
#2304=CARTESIAN_POINT('Ctrl Pts',(-1.7507420982517,174.92883870465,2.07322933583227E-16));
#2305=CARTESIAN_POINT('Ctrl Pts',(-1.7507420982517,174.92883870465,-1.75074209727767));
#2306=CARTESIAN_POINT('Ctrl Pts',(-9.74035112229003E-10,174.928838704896,
-1.75074209727767));
#2307=CARTESIAN_POINT('Ctrl Pts',(1.75074209630363,174.928838705143,-1.75074209727767));
#2308=CARTESIAN_POINT('Ctrl Pts',(1.75074209630363,174.928838705143,-2.07322933583227E-16));
#2309=CARTESIAN_POINT('Ctrl Pts',(1.75074209630363,174.928838705143,1.75074209727767));
#2310=CARTESIAN_POINT('Ctrl Pts',(-9.74034697583136E-10,174.928838704896,
1.75074209727767));
#2311=CARTESIAN_POINT('Ctrl Pts',(-1.7507420982517,174.92883870465,1.75074209727767));
#2312=CARTESIAN_POINT('Ctrl Pts',(-1.7507420982517,174.92883870465,2.07322933583227E-16));
#2313=CARTESIAN_POINT('Ctrl Pts',(-1.72776571014318,175.109711071689,2.06047487828186E-16));
#2314=CARTESIAN_POINT('Ctrl Pts',(-1.72776571014318,175.109711071689,-1.72776570914372));
#2315=CARTESIAN_POINT('Ctrl Pts',(-9.99461604240059E-10,175.109711071932,
-1.72776570914372));
#2316=CARTESIAN_POINT('Ctrl Pts',(1.72776570814426,175.109711072175,-1.72776570914372));
#2317=CARTESIAN_POINT('Ctrl Pts',(1.72776570814426,175.109711072175,-2.06047487828186E-16));
#2318=CARTESIAN_POINT('Ctrl Pts',(1.72776570814426,175.109711072175,1.72776570914372));
#2319=CARTESIAN_POINT('Ctrl Pts',(-9.99461192145084E-10,175.109711071932,
1.72776570914372));
#2320=CARTESIAN_POINT('Ctrl Pts',(-1.72776571014318,175.109711071689,1.72776570914372));
#2321=CARTESIAN_POINT('Ctrl Pts',(-1.72776571014318,175.109711071689,2.06047487828186E-16));
#2322=CARTESIAN_POINT('Ctrl Pts',(-1.70478932203464,175.290583438727,2.04772042073146E-16));
#2323=CARTESIAN_POINT('Ctrl Pts',(-1.70478932203464,175.290583438727,-1.70478932100975));
#2324=CARTESIAN_POINT('Ctrl Pts',(-1.02488809625114E-9,175.290583438967,
-1.70478932100975));
#2325=CARTESIAN_POINT('Ctrl Pts',(1.70478931998487,175.290583439207,-1.70478932100975));
#2326=CARTESIAN_POINT('Ctrl Pts',(1.70478931998487,175.290583439207,-2.04772042073146E-16));
#2327=CARTESIAN_POINT('Ctrl Pts',(1.70478931998487,175.290583439207,1.70478932100975));
#2328=CARTESIAN_POINT('Ctrl Pts',(-1.02488768670706E-9,175.290583438967,
1.70478932100975));
#2329=CARTESIAN_POINT('Ctrl Pts',(-1.70478932203464,175.290583438727,1.70478932100975));
#2330=CARTESIAN_POINT('Ctrl Pts',(-1.70478932203464,175.290583438727,2.04772042073146E-16));
#2331=CARTESIAN_POINT('',(8.00000017099464,89.8114120292892,5.35628240916515E-16));
#2332=CARTESIAN_POINT('Ctrl Pts',(8.00000014895428,89.8114120281314,0.));
#2333=CARTESIAN_POINT('Ctrl Pts',(7.04013860275913,108.083494930881,0.));
#2334=CARTESIAN_POINT('Ctrl Pts',(6.08142593722126,124.067592841706,0.));
#2335=CARTESIAN_POINT('Ctrl Pts',(5.12266184721898,137.638219612932,0.));
#2336=CARTESIAN_POINT('Ctrl Pts',(4.26549615862249,149.770792956408,0.));
#2337=CARTESIAN_POINT('Ctrl Pts',(3.40852806494866,159.960006694989,0.));
#2338=CARTESIAN_POINT('Ctrl Pts',(2.55421640540821,168.000002831931,0.));
#2339=CARTESIAN_POINT('Ctrl Pts',(2.48173519658508,168.682129351721,5.56810141161418E-17));
#2340=CARTESIAN_POINT('Ctrl Pts',(2.40926405084193,169.348868637608,0.));
#2341=CARTESIAN_POINT('Ctrl Pts',(2.33681403799508,170.000002830367,0.));
#2342=CARTESIAN_POINT('Origin',(1.09915169006871E-8,89.8114120281646,-6.16297582203915E-32));
#2343=CARTESIAN_POINT('Origin',(5.74525304232525,129.860409940912,3.8466496436316E-16));
#2344=CARTESIAN_POINT('',(10.0000001490116,89.8639011660218,6.69535296811628E-16));
#2345=CARTESIAN_POINT('Ctrl Pts',(3.75777433383163,175.000002831228,2.51596251646232E-16));
#2346=CARTESIAN_POINT('Ctrl Pts',(3.88621948018032,173.988870117724,2.60196107436542E-16));
#2347=CARTESIAN_POINT('Ctrl Pts',(4.45466463308625,169.332577144203,2.98255516286613E-16));
#2348=CARTESIAN_POINT('Ctrl Pts',(5.46310979254903,159.658476780339,3.65774478196418E-16));
#2349=CARTESIAN_POINT('Ctrl Pts',(6.71155495558645,144.684934220185,4.49362287229593E-16));
#2350=CARTESIAN_POINT('Ctrl Pts',(7.9600001186221,126.238147130859,5.32950096262649E-16));
#2351=CARTESIAN_POINT('Ctrl Pts',(9.08000013530768,107.044652654785,6.07938049505302E-16));
#2352=CARTESIAN_POINT('Ctrl Pts',(9.76000014543717,94.4336717461899,6.53466449688272E-16));
#2353=CARTESIAN_POINT('Ctrl Pts',(10.0000001490116,89.8639011660218,6.69535296811628E-16));
#2354=CARTESIAN_POINT('',(10.0000001490116,70.,3.3304809437221E-16));
#2355=CARTESIAN_POINT('',(10.0000001490116,70.5000010505319,6.69535296811628E-16));
#2356=CARTESIAN_POINT('',(8.0000001757345,70.,1.18391229939969E-16));
#2357=CARTESIAN_POINT('',(3.40699874922625,70.,-1.89126422813004E-16));
#2358=CARTESIAN_POINT('',(8.00000017490429,75.9057064777052,5.35628241178279E-16));
#2359=CARTESIAN_POINT('Origin',(2.79396797364662E-8,73.5000010728836,8.60892092062649));
#2360=CARTESIAN_POINT('',(1.50000002235174,73.5000010728836,7.85811698590226));
#2361=CARTESIAN_POINT('',(-1.49999996647238,73.5000010728836,7.85811699149717));
#2362=CARTESIAN_POINT('Origin',(1.32845259874043E-8,73.5000010728836,-6.16297582203915E-32));
#2363=CARTESIAN_POINT('',(1.50000002235174,73.5000010728836,9.88686011396829));
#2364=CARTESIAN_POINT('',(1.50000002235174,73.5000010728836,10.2178417369449));
#2365=CARTESIAN_POINT('',(-1.49999996647238,73.5000010728836,9.88686012244611));
#2366=CARTESIAN_POINT('Origin',(0.,73.5000010728836,0.));
#2367=CARTESIAN_POINT('',(-1.49999996647238,73.5000010728836,7.00000010430813));
#2368=CARTESIAN_POINT('Origin',(2.79396797364662E-8,72.0000010728836,8.60892092062649));
#2369=CARTESIAN_POINT('',(-1.49999996647238,72.0000010728836,7.85811699145692));
#2370=CARTESIAN_POINT('',(1.50000002235174,72.0000010728836,7.85811698594251));
#2371=CARTESIAN_POINT('Origin',(1.34953914753444E-8,72.0000010728836,-6.16297582203915E-32));
#2372=CARTESIAN_POINT('',(-1.49999996647238,72.0000010728836,8.87411981632945));
#2373=CARTESIAN_POINT('',(-1.49999996647238,72.0000010728836,7.00000010430813));
#2374=CARTESIAN_POINT('',(1.49999999542713,72.0000010728836,8.8741198114352));
#2375=CARTESIAN_POINT('Origin',(0.,72.0000010728836,0.));
#2376=CARTESIAN_POINT('',(1.50000002235174,72.0000010728836,10.2178417369449));
#2377=CARTESIAN_POINT('Origin',(1.29463391582106E-8,75.9057064765806,-6.16297582203915E-32));
#2378=CARTESIAN_POINT('Origin',(1.37765456100872E-8,70.,-6.16297582203915E-32));
#2379=CARTESIAN_POINT('',(-1.49999996647238,72.7500010728836,7.85811699147704));
#2380=CARTESIAN_POINT('',(1.50000002235174,72.7500010728836,7.85811698592239));
#2381=CARTESIAN_POINT('Origin',(0.,70.,-13.495637759394));
#2382=CARTESIAN_POINT('',(1.49999996647239,70.,9.88686012244611));
#2383=CARTESIAN_POINT('Origin',(0.,70.,0.));
#2384=CARTESIAN_POINT('',(1.49999999542713,70.0000010728836,8.8741198114352));
#2385=CARTESIAN_POINT('',(1.49999996647239,70.,10.1999997720122));
#2386=CARTESIAN_POINT('',(-1.49999996647238,70.0000010728836,8.87411981632945));
#2387=CARTESIAN_POINT('Origin',(0.,70.0000010728836,0.));
#2388=CARTESIAN_POINT('',(-1.49999996647239,70.,9.88686012244611));
#2389=CARTESIAN_POINT('',(-1.49999996647239,70.,10.1999997720122));
#2390=CARTESIAN_POINT('Origin',(0.,70.,0.));
#2391=CARTESIAN_POINT('Origin',(0.,72.0000010728836,0.));
#2392=CARTESIAN_POINT('',(-1.49999996647239,72.0000010728836,8.87411981632945));
#2393=CARTESIAN_POINT('',(1.49999996647239,72.0000010728836,8.87411981632945));
#2394=CARTESIAN_POINT('Origin',(-1.49999996647239,70.,12.4999997206032));
#2395=CARTESIAN_POINT('',(-1.49999996647239,0.,9.88686012244611));
#2396=CARTESIAN_POINT('Origin',(1.49999996647239,70.,10.1999997720122));
#2397=CARTESIAN_POINT('',(1.49999996647239,0.,9.88686012244611));
#2398=CARTESIAN_POINT('Origin',(0.,175.000002831221,0.));
#2399=CARTESIAN_POINT('',(1.5,175.000002831221,-1.83697019872103E-16));
#2400=CARTESIAN_POINT('Origin',(0.,0.,0.));
#2401=CARTESIAN_POINT('Ctrl Pts',(-10.0000001490116,89.8639011660218,5.55111520584384E-16));
#2402=CARTESIAN_POINT('Ctrl Pts',(-10.0000001490116,89.8639011660218,0.0666873357802775));
#2403=CARTESIAN_POINT('Ctrl Pts',(-9.99933306934907,89.8639011660219,0.133357314160775));
#2404=CARTESIAN_POINT('Ctrl Pts',(-9.99799994900141,89.8639011660219,0.200000000000002));
#2405=CARTESIAN_POINT('Ctrl Pts',(-9.97195698410895,89.8639011660218,1.50188780833337));
#2406=CARTESIAN_POINT('Ctrl Pts',(-9.69187536550775,89.8639011660218,2.78624208948249));
#2407=CARTESIAN_POINT('Ctrl Pts',(-8.65517233866586,89.8639011660218,5.17528116062941));
#2408=CARTESIAN_POINT('Ctrl Pts',(-7.90846092772635,89.8639011660219,6.25714700290748));
#2409=CARTESIAN_POINT('Ctrl Pts',(-6.04236254757212,89.8639011660219,8.0737474661566));
#2410=CARTESIAN_POINT('Ctrl Pts',(-4.94082662022251,89.8639011660219,8.79112479551218));
#2411=CARTESIAN_POINT('Ctrl Pts',(-2.52476990704483,89.8639011660219,9.76325151883599));
#2412=CARTESIAN_POINT('Ctrl Pts',(-1.23335335853371,89.8639011660219,10.008720315523));
#2413=CARTESIAN_POINT('Ctrl Pts',(1.37088156273593,89.8639011660219,9.99080712678025));
#2414=CARTESIAN_POINT('Ctrl Pts',(2.65880212923915,89.8639011660219,9.72761091424415));
#2415=CARTESIAN_POINT('Ctrl Pts',(5.06125734493543,89.8639011660219,8.72234013278028));
#2416=CARTESIAN_POINT('Ctrl Pts',(6.15282881430725,89.8639011660219,7.98988988930379));
#2417=CARTESIAN_POINT('Ctrl Pts',(7.99376088656452,89.8639011660219,6.14779067568208));
#2418=CARTESIAN_POINT('Ctrl Pts',(8.72553144063898,89.8639011660219,5.05576343787851));
#2419=CARTESIAN_POINT('Ctrl Pts',(9.72927935891101,89.8639011660219,2.65267157029296));
#2420=CARTESIAN_POINT('Ctrl Pts',(9.99167373770753,89.8639011660219,1.36458740305415));
#2421=CARTESIAN_POINT('Ctrl Pts',(9.99993517707357,89.8639011660219,0.0416274057347736));
#2422=CARTESIAN_POINT('Ctrl Pts',(10.0000001490116,89.8639011660219,0.0208121688714785));
#2423=CARTESIAN_POINT('Ctrl Pts',(10.0000001490116,89.8639011660219,8.32667268468867E-16));
#2424=CARTESIAN_POINT('Ctrl Pts',(6.93889390390723E-17,190.,-3.85185988877447E-33));
#2425=CARTESIAN_POINT('Ctrl Pts',(6.93889390390723E-17,190.,-6.93889390390723E-17));
#2426=CARTESIAN_POINT('Ctrl Pts',(-3.85185988877447E-33,190.,-6.93889390390723E-17));
#2427=CARTESIAN_POINT('Ctrl Pts',(-6.93889390390723E-17,190.,-6.93889390390723E-17));
#2428=CARTESIAN_POINT('Ctrl Pts',(-6.93889390390723E-17,190.,3.85185988877447E-33));
#2429=CARTESIAN_POINT('Ctrl Pts',(-6.93889390390723E-17,190.,6.93889390390723E-17));
#2430=CARTESIAN_POINT('Ctrl Pts',(3.85185988877447E-33,190.,6.93889390390723E-17));
#2431=CARTESIAN_POINT('Ctrl Pts',(6.93889390390723E-17,190.,6.93889390390723E-17));
#2432=CARTESIAN_POINT('Ctrl Pts',(6.93889390390723E-17,190.,-3.85185988877447E-33));
#2433=CARTESIAN_POINT('Ctrl Pts',(-0.440000006557657,189.999999999991,2.44249069057765E-17));
#2434=CARTESIAN_POINT('Ctrl Pts',(-0.440000006557657,189.999999999991,0.440000006557657));
#2435=CARTESIAN_POINT('Ctrl Pts',(2.44249069057765E-17,189.999999999991,
0.440000006557657));
#2436=CARTESIAN_POINT('Ctrl Pts',(0.440000006557657,189.999999999991,0.440000006557657));
#2437=CARTESIAN_POINT('Ctrl Pts',(0.440000006557657,189.999999999991,-2.44249069057765E-17));
#2438=CARTESIAN_POINT('Ctrl Pts',(0.440000006557657,189.999999999991,-0.440000006557657));
#2439=CARTESIAN_POINT('Ctrl Pts',(-2.44249069057765E-17,189.999999999991,
-0.440000006557657));
#2440=CARTESIAN_POINT('Ctrl Pts',(-0.440000006557657,189.999999999991,-0.440000006557657));
#2441=CARTESIAN_POINT('Ctrl Pts',(-0.440000006557657,189.999999999991,2.44249069057765E-17));
#2442=CARTESIAN_POINT('Ctrl Pts',(-1.32000001967299,188.955420715419,7.32747207173308E-17));
#2443=CARTESIAN_POINT('Ctrl Pts',(-1.32000001967299,188.955420715419,1.32000001967299));
#2444=CARTESIAN_POINT('Ctrl Pts',(7.32747207173308E-17,188.955420715419,
1.32000001967299));
#2445=CARTESIAN_POINT('Ctrl Pts',(1.32000001967299,188.955420715419,1.32000001967299));
#2446=CARTESIAN_POINT('Ctrl Pts',(1.32000001967299,188.955420715419,-7.32747207173308E-17));
#2447=CARTESIAN_POINT('Ctrl Pts',(1.32000001967299,188.955420715419,-1.32000001967299));
#2448=CARTESIAN_POINT('Ctrl Pts',(-7.32747207173308E-17,188.955420715419,
-1.32000001967299));
#2449=CARTESIAN_POINT('Ctrl Pts',(-1.32000001967299,188.955420715419,-1.32000001967299));
#2450=CARTESIAN_POINT('Ctrl Pts',(-1.32000001967299,188.955420715419,7.32747207173308E-17));
#2451=CARTESIAN_POINT('Ctrl Pts',(-2.64000003934592,184.254813934896,1.46549441434658E-16));
#2452=CARTESIAN_POINT('Ctrl Pts',(-2.64000003934592,184.254813934896,2.64000003934592));
#2453=CARTESIAN_POINT('Ctrl Pts',(1.46549441434658E-16,184.254813934896,
2.64000003934592));
#2454=CARTESIAN_POINT('Ctrl Pts',(2.64000003934592,184.254813934896,2.64000003934592));
#2455=CARTESIAN_POINT('Ctrl Pts',(2.64000003934592,184.254813934896,-1.46549441434658E-16));
#2456=CARTESIAN_POINT('Ctrl Pts',(2.64000003934592,184.254813934896,-2.64000003934592));
#2457=CARTESIAN_POINT('Ctrl Pts',(-1.46549441434658E-16,184.254813934896,
-2.64000003934592));
#2458=CARTESIAN_POINT('Ctrl Pts',(-2.64000003934592,184.254813934896,-2.64000003934592));
#2459=CARTESIAN_POINT('Ctrl Pts',(-2.64000003934592,184.254813934896,1.46549441434658E-16));
#2460=CARTESIAN_POINT('Ctrl Pts',(-4.4000000655757,171.887366891298,2.44249069057717E-16));
#2461=CARTESIAN_POINT('Ctrl Pts',(-4.40000006557569,171.887366891298,4.40000006557569));
#2462=CARTESIAN_POINT('Ctrl Pts',(2.44249069057717E-16,171.887366891298,
4.4000000655757));
#2463=CARTESIAN_POINT('Ctrl Pts',(4.40000006557569,171.887366891298,4.40000006557569));
#2464=CARTESIAN_POINT('Ctrl Pts',(4.4000000655757,171.887366891298,-2.44249069057717E-16));
#2465=CARTESIAN_POINT('Ctrl Pts',(4.40000006557569,171.887366891298,-4.40000006557569));
#2466=CARTESIAN_POINT('Ctrl Pts',(-2.44249069057717E-16,171.887366891298,
-4.4000000655757));
#2467=CARTESIAN_POINT('Ctrl Pts',(-4.40000006557569,171.887366891298,-4.40000006557569));
#2468=CARTESIAN_POINT('Ctrl Pts',(-4.4000000655757,171.887366891298,2.44249069057717E-16));
#2469=CARTESIAN_POINT('Ctrl Pts',(-6.60000009835999,147.028513520018,3.66373603586378E-16));
#2470=CARTESIAN_POINT('Ctrl Pts',(-6.60000009835999,147.028513520018,6.60000009835999));
#2471=CARTESIAN_POINT('Ctrl Pts',(3.66373603586378E-16,147.028513520018,
6.60000009835999));
#2472=CARTESIAN_POINT('Ctrl Pts',(6.60000009835999,147.028513520018,6.60000009835999));
#2473=CARTESIAN_POINT('Ctrl Pts',(6.60000009835999,147.028513520018,-3.66373603586378E-16));
#2474=CARTESIAN_POINT('Ctrl Pts',(6.60000009835999,147.028513520018,-6.60000009835999));
#2475=CARTESIAN_POINT('Ctrl Pts',(-3.66373603586378E-16,147.028513520018,
-6.60000009835999));
#2476=CARTESIAN_POINT('Ctrl Pts',(-6.60000009835999,147.028513520018,-6.60000009835999));
#2477=CARTESIAN_POINT('Ctrl Pts',(-6.60000009835999,147.028513520018,3.66373603586378E-16));
#2478=CARTESIAN_POINT('Ctrl Pts',(-8.36000012458394,120.238686829098,4.64073231209113E-16));
#2479=CARTESIAN_POINT('Ctrl Pts',(-8.36000012458394,120.238686829098,8.36000012458394));
#2480=CARTESIAN_POINT('Ctrl Pts',(4.64073231209113E-16,120.238686829098,
8.36000012458394));
#2481=CARTESIAN_POINT('Ctrl Pts',(8.36000012458394,120.238686829098,8.36000012458394));
#2482=CARTESIAN_POINT('Ctrl Pts',(8.36000012458394,120.238686829098,-4.64073231209113E-16));
#2483=CARTESIAN_POINT('Ctrl Pts',(8.36000012458394,120.238686829098,-8.36000012458394));
#2484=CARTESIAN_POINT('Ctrl Pts',(-4.64073231209113E-16,120.238686829098,
-8.36000012458394));
#2485=CARTESIAN_POINT('Ctrl Pts',(-8.36000012458394,120.238686829098,-8.36000012458394));
#2486=CARTESIAN_POINT('Ctrl Pts',(-8.36000012458394,120.238686829098,4.64073231209113E-16));
#2487=CARTESIAN_POINT('Ctrl Pts',(-9.6800001442494,96.5102918546256,5.37347951926026E-16));
#2488=CARTESIAN_POINT('Ctrl Pts',(-9.6800001442494,96.5102918546256,9.6800001442494));
#2489=CARTESIAN_POINT('Ctrl Pts',(5.37347951926026E-16,96.5102918546256,
9.6800001442494));
#2490=CARTESIAN_POINT('Ctrl Pts',(9.6800001442494,96.5102918546256,9.6800001442494));
#2491=CARTESIAN_POINT('Ctrl Pts',(9.6800001442494,96.5102918546256,-5.37347951926026E-16));
#2492=CARTESIAN_POINT('Ctrl Pts',(9.6800001442494,96.5102918546256,-9.6800001442494));
#2493=CARTESIAN_POINT('Ctrl Pts',(-5.37347951926026E-16,96.5102918546256,
-9.6800001442494));
#2494=CARTESIAN_POINT('Ctrl Pts',(-9.6800001442494,96.5102918546256,-9.6800001442494));
#2495=CARTESIAN_POINT('Ctrl Pts',(-9.6800001442494,96.5102918546256,5.37347951926026E-16));
#2496=CARTESIAN_POINT('Ctrl Pts',(-10.5600001573585,79.1017140673102,5.86197765737235E-16));
#2497=CARTESIAN_POINT('Ctrl Pts',(-10.5600001573585,79.1017140673102,10.5600001573585));
#2498=CARTESIAN_POINT('Ctrl Pts',(5.86197765737235E-16,79.1017140673102,
10.5600001573585));
#2499=CARTESIAN_POINT('Ctrl Pts',(10.5600001573585,79.1017140673102,10.5600001573585));
#2500=CARTESIAN_POINT('Ctrl Pts',(10.5600001573585,79.1017140673102,-5.86197765737235E-16));
#2501=CARTESIAN_POINT('Ctrl Pts',(10.5600001573585,79.1017140673102,-10.5600001573585));
#2502=CARTESIAN_POINT('Ctrl Pts',(-5.86197765737235E-16,79.1017140673102,
-10.5600001573585));
#2503=CARTESIAN_POINT('Ctrl Pts',(-10.5600001573585,79.1017140673102,-10.5600001573585));
#2504=CARTESIAN_POINT('Ctrl Pts',(-10.5600001573585,79.1017140673102,5.86197765737235E-16));
#2505=CARTESIAN_POINT('Ctrl Pts',(-11.0000001639128,70.0000010430813,6.10622672642823E-16));
#2506=CARTESIAN_POINT('Ctrl Pts',(-11.0000001639128,70.0000010430813,11.0000001639128));
#2507=CARTESIAN_POINT('Ctrl Pts',(6.10622672642823E-16,70.0000010430813,
11.0000001639128));
#2508=CARTESIAN_POINT('Ctrl Pts',(11.0000001639128,70.0000010430813,11.0000001639128));
#2509=CARTESIAN_POINT('Ctrl Pts',(11.0000001639128,70.0000010430813,-6.10622672642823E-16));
#2510=CARTESIAN_POINT('Ctrl Pts',(11.0000001639128,70.0000010430813,-11.0000001639128));
#2511=CARTESIAN_POINT('Ctrl Pts',(-6.10622672642823E-16,70.0000010430813,
-11.0000001639128));
#2512=CARTESIAN_POINT('Ctrl Pts',(-11.0000001639128,70.0000010430813,-11.0000001639128));
#2513=CARTESIAN_POINT('Ctrl Pts',(-11.0000001639128,70.0000010430813,6.10622672642823E-16));
#2514=CARTESIAN_POINT('',(1.38777878078145E-16,190.,2.62870570586233E-32));
#2515=CARTESIAN_POINT('Ctrl Pts',(1.38777878078145E-16,190.,-7.70371977754894E-33));
#2516=CARTESIAN_POINT('Ctrl Pts',(-0.440000006557657,189.999999999991,2.44249069057765E-17));
#2517=CARTESIAN_POINT('Ctrl Pts',(-1.19155487332419,189.107887916646,6.61445827734415E-17));
#2518=CARTESIAN_POINT('Ctrl Pts',(-1.94310974009069,186.691977724358,1.07864258641104E-16));
#2519=CARTESIAN_POINT('Ctrl Pts',(-2.69466460685702,182.787050171977,1.49583934508758E-16));
#2520=CARTESIAN_POINT('Ctrl Pts',(-3.44621947362304,177.452593062648,1.91303610376394E-16));
#2521=CARTESIAN_POINT('Ctrl Pts',(-3.75777433383163,175.000002831228,2.08598379338267E-16));
#2522=UNCERTAINTY_MEASURE_WITH_UNIT(LENGTH_MEASURE(0.01),#2526,
'DISTANCE_ACCURACY_VALUE',
'Maximum model space distance between geometric entities at asserted c
onnectivities');
#2523=UNCERTAINTY_MEASURE_WITH_UNIT(LENGTH_MEASURE(0.01),#2526,
'DISTANCE_ACCURACY_VALUE',
'Maximum model space distance between geometric entities at asserted c
onnectivities');
#2524=(
GEOMETRIC_REPRESENTATION_CONTEXT(3)
GLOBAL_UNCERTAINTY_ASSIGNED_CONTEXT((#2522))
GLOBAL_UNIT_ASSIGNED_CONTEXT((#2526,#2528,#2529))
REPRESENTATION_CONTEXT('','3D')
);
#2525=(
GEOMETRIC_REPRESENTATION_CONTEXT(3)
GLOBAL_UNCERTAINTY_ASSIGNED_CONTEXT((#2523))
GLOBAL_UNIT_ASSIGNED_CONTEXT((#2526,#2528,#2529))
REPRESENTATION_CONTEXT('','3D')
);
#2526=(
LENGTH_UNIT()
NAMED_UNIT(*)
SI_UNIT(.MILLI.,.METRE.)
);
#2527=(
LENGTH_UNIT()
NAMED_UNIT(*)
SI_UNIT($,.METRE.)
);
#2528=(
NAMED_UNIT(*)
PLANE_ANGLE_UNIT()
SI_UNIT($,.RADIAN.)
);
#2529=(
NAMED_UNIT(*)
SI_UNIT($,.STERADIAN.)
SOLID_ANGLE_UNIT()
);
#2530=SHAPE_DEFINITION_REPRESENTATION(#2531,#2532);
#2531=PRODUCT_DEFINITION_SHAPE('',$,#2534);
#2532=SHAPE_REPRESENTATION('',(#1041),#2524);
#2533=PRODUCT_DEFINITION_CONTEXT('part definition',#2538,'design');
#2534=PRODUCT_DEFINITION('\X2\3064304F3070FF3F30ED30B130C330C8\X0\',
'\X2\3064304F3070FF3F30ED30B130C330C8\X0\ v14',#2535,#2533);
#2535=PRODUCT_DEFINITION_FORMATION('',$,#2540);
#2536=PRODUCT_RELATED_PRODUCT_CATEGORY('\X2\3064304F3070FF3F30ED30B130C330C8\X0\ 
v14','\X2\3064304F3070FF3F30ED30B130C330C8\X0\ v14',(#2540));
#2537=APPLICATION_PROTOCOL_DEFINITION('international standard',
'automotive_design',2009,#2538);
#2538=APPLICATION_CONTEXT(
'Core Data for Automotive Mechanical Design Process');
#2539=PRODUCT_CONTEXT('part definition',#2538,'mechanical');
#2540=PRODUCT('\X2\3064304F3070FF3F30ED30B130C330C8\X0\',
'\X2\3064304F3070FF3F30ED30B130C330C8\X0\ v14',$,(#2539));
#2541=PRESENTATION_STYLE_ASSIGNMENT((#2542));
#2542=SURFACE_STYLE_USAGE(.BOTH.,#2543);
#2543=SURFACE_SIDE_STYLE('',(#2544));
#2544=SURFACE_STYLE_FILL_AREA(#2545);
#2545=FILL_AREA_STYLE('\X2\92FC\X0\ - \X2\30B530C630F3\X0\',(#2546));
#2546=FILL_AREA_STYLE_COLOUR('\X2\92FC\X0\ - \X2\30B530C630F3\X0\',#2547);
#2547=COLOUR_RGB('\X2\92FC\X0\ - \X2\30B530C630F3\X0\',0.627450980392157,
0.627450980392157,0.627450980392157);
ENDSEC;
END-ISO-10303-21;
